Date,XLRE
2015-10-08,30.209999084472656
2015-10-09,30.15999984741211
2015-10-12,30.350000381469727
2015-10-13,30.15999984741211
2015-10-14,30.15999984741211
2015-10-15,30.06999969482422
2015-10-16,30.642000198364258
2015-10-19,31.0
2015-10-20,31.030000686645508
2015-10-21,31.05500030517578
2015-10-22,31.447999954223633
2015-10-23,31.06999969482422
2015-10-26,31.110000610351562
2015-10-27,31.118000030517578
2015-10-28,31.0049991607666
2015-10-29,31.145999908447266
2015-10-30,30.950000762939453
2015-11-02,30.950000762939453
2015-11-03,31.350000381469727
2015-11-04,31.219999313354492
2015-11-05,31.100000381469727
2015-11-06,29.950000762939453
2015-11-09,29.709999084472656
2015-11-10,30.030000686645508
2015-11-11,30.134000778198242
2015-11-12,29.950000762939453
2015-11-13,29.559999465942383
2015-11-16,29.530000686645508
2015-11-17,29.989999771118164
2015-11-18,30.344999313354492
2015-11-19,30.510000228881836
2015-11-20,30.760000228881836
2015-11-23,30.920000076293945
2015-11-24,30.450000762939453
2015-11-25,30.450000762939453
2015-11-27,30.68000030517578
2015-11-30,30.75
2015-12-01,31.259000778198242
2015-12-02,30.6200008392334
2015-12-03,30.010000228881836
2015-12-04,30.6200008392334
2015-12-07,30.6200008392334
2015-12-08,30.719999313354492
2015-12-09,30.549999237060547
2015-12-10,30.299999237060547
2015-12-11,30.13800048828125
2015-12-14,30.231000900268555
2015-12-15,30.579999923706055
2015-12-16,31.1299991607666
2015-12-17,31.09000015258789
2015-12-18,30.350000381469727
2015-12-21,30.399999618530273
2015-12-22,30.68000030517578
2015-12-23,30.979999542236328
2015-12-24,31.010000228881836
2015-12-28,30.927000045776367
2015-12-29,31.440000534057617
2015-12-30,31.440000534057617
2015-12-31,31.18400001525879
2016-01-04,30.459999084472656
2016-01-05,31.382999420166016
2016-01-06,31.079999923706055
2016-01-07,30.510000228881836
2016-01-08,30.110000610351562
2016-01-11,30.290000915527344
2016-01-12,29.959999084472656
2016-01-13,29.649999618530273
2016-01-14,29.75
2016-01-15,29.25
2016-01-19,29.450000762939453
2016-01-20,28.65999984741211
2016-01-21,28.8799991607666
2016-01-22,29.479999542236328
2016-01-25,29.479999542236328
2016-01-26,29.742000579833984
2016-01-27,29.479999542236328
2016-01-28,29.15999984741211
2016-01-29,29.190000534057617
2016-02-01,29.809999465942383
2016-02-02,29.43000030517578
2016-02-03,29.459999084472656
2016-02-04,29.636999130249023
2016-02-05,29.097999572753906
2016-02-08,27.555999755859375
2016-02-09,27.34000015258789
2016-02-10,27.920000076293945
2016-02-11,27.219999313354492
2016-02-12,27.489999771118164
2016-02-16,27.489999771118164
2016-02-17,28.350000381469727
2016-02-18,28.700000762939453
2016-02-19,28.65999984741211
2016-02-22,29.100000381469727
2016-02-23,28.950000762939453
2016-02-24,28.974000930786133
2016-02-25,29.15999984741211
2016-02-26,29.3700008392334
2016-02-29,29.329999923706055
2016-03-01,30.030000686645508
2016-03-02,30.360000610351562
2016-03-03,30.402000427246094
2016-03-04,30.489999771118164
2016-03-07,30.469999313354492
2016-03-08,30.423999786376953
2016-03-09,30.33099937438965
2016-03-10,30.187999725341797
2016-03-11,30.889999389648438
2016-03-14,30.989999771118164
2016-03-15,31.19499969482422
2016-03-16,30.959999084472656
2016-03-17,31.996000289916992
2016-03-18,31.469999313354492
2016-03-21,31.309999465942383
2016-03-22,31.2549991607666
2016-03-23,31.139999389648438
2016-03-24,31.190000534057617
2016-03-28,31.389999389648438
2016-03-29,32.06999969482422
2016-03-30,32.0
2016-03-31,32.15999984741211
2016-04-01,32.22700119018555
2016-04-04,32.18000030517578
2016-04-05,31.892000198364258
2016-04-06,31.979999542236328
2016-04-07,31.719999313354492
2016-04-08,32.02000045776367
2016-04-11,32.0
2016-04-12,32.13999938964844
2016-04-13,32.016998291015625
2016-04-14,31.889999389648438
2016-04-15,32.11000061035156
2016-04-18,32.22999954223633
2016-04-19,32.119998931884766
2016-04-20,31.799999237060547
2016-04-21,31.06399917602539
2016-04-22,31.459999084472656
2016-04-25,31.680999755859375
2016-04-26,31.770000457763672
2016-04-27,31.649999618530273
2016-04-28,31.68199920654297
2016-04-29,31.3799991607666
2016-05-02,31.709999084472656
2016-05-03,31.8700008392334
2016-05-04,32.33000183105469
2016-05-05,32.36000061035156
2016-05-06,32.529998779296875
2016-05-09,32.858001708984375
2016-05-10,32.97999954223633
2016-05-11,32.380001068115234
2016-05-12,32.4900016784668
2016-05-13,32.020999908447266
2016-05-16,32.45800018310547
2016-05-17,31.920000076293945
2016-05-18,31.132999420166016
2016-05-19,31.06999969482422
2016-05-20,31.281999588012695
2016-05-23,31.3799991607666
2016-05-24,31.59000015258789
2016-05-25,31.804000854492188
2016-05-26,31.780000686645508
2016-05-27,31.905000686645508
2016-05-31,31.920000076293945
2016-06-01,31.799999237060547
2016-06-02,31.899999618530273
2016-06-03,32.04399871826172
2016-06-06,32.060001373291016
2016-06-07,32.08599853515625
2016-06-08,32.2400016784668
2016-06-09,32.30799865722656
2016-06-10,32.150001525878906
2016-06-13,32.13999938964844
2016-06-14,31.989999771118164
2016-06-15,32.31999969482422
2016-06-16,32.486000061035156
2016-06-17,32.16999816894531
2016-06-20,32.20000076293945
2016-06-21,32.459999084472656
2016-06-22,32.43000030517578
2016-06-23,32.56999969482422
2016-06-24,32.15999984741211
2016-06-27,32.11000061035156
2016-06-28,32.70000076293945
2016-06-29,33.31999969482422
2016-06-30,33.59000015258789
2016-07-01,33.56999969482422
2016-07-05,33.814998626708984
2016-07-06,33.77000045776367
2016-07-07,33.349998474121094
2016-07-08,33.928001403808594
2016-07-11,34.189998626708984
2016-07-12,34.2599983215332
2016-07-13,34.41999816894531
2016-07-14,34.229000091552734
2016-07-15,34.17900085449219
2016-07-18,34.189998626708984
2016-07-19,34.28799819946289
2016-07-20,34.2400016784668
2016-07-21,34.34000015258789
2016-07-22,34.599998474121094
2016-07-25,34.54999923706055
2016-07-26,34.35499954223633
2016-07-27,34.099998474121094
2016-07-28,34.310001373291016
2016-07-29,34.678001403808594
2016-08-01,34.790000915527344
2016-08-02,34.2599983215332
2016-08-03,34.0
2016-08-04,33.939998626708984
2016-08-05,33.939998626708984
2016-08-08,33.93000030517578
2016-08-09,34.15999984741211
2016-08-10,34.09000015258789
2016-08-11,33.77000045776367
2016-08-12,33.880001068115234
2016-08-15,33.84000015258789
2016-08-16,33.43000030517578
2016-08-17,33.56999969482422
2016-08-18,33.5
2016-08-19,33.2400016784668
2016-08-22,33.400001525878906
2016-08-23,33.380001068115234
2016-08-24,33.290000915527344
2016-08-25,33.43000030517578
2016-08-26,33.099998474121094
2016-08-29,33.43000030517578
2016-08-30,33.33000183105469
2016-08-31,33.380001068115234
2016-09-01,33.369998931884766
2016-09-02,33.59000015258789
2016-09-06,33.869998931884766
2016-09-07,33.86000061035156
2016-09-08,33.43000030517578
2016-09-09,32.15999984741211
2016-09-12,32.290000915527344
2016-09-13,31.719999313354492
2016-09-14,31.780000686645508
2016-09-15,32.02000045776367
2016-09-16,31.90999984741211
2016-09-19,32.2400016784668
2016-09-20,32.18000030517578
2016-09-21,32.54999923706055
2016-09-22,33.189998626708984
2016-09-23,33.31999969482422
2016-09-26,33.38999938964844
2016-09-27,33.099998474121094
2016-09-28,33.33000183105469
2016-09-29,32.91999816894531
2016-09-30,32.77000045776367
2016-10-03,32.13999938964844
2016-10-04,31.649999618530273
2016-10-05,31.059999465942383
2016-10-06,31.1200008392334
2016-10-07,31.040000915527344
2016-10-10,31.15999984741211
2016-10-11,30.920000076293945
2016-10-12,31.360000610351562
2016-10-13,31.459999084472656
2016-10-14,31.420000076293945
2016-10-17,31.450000762939453
2016-10-18,31.610000610351562
2016-10-19,31.729999542236328
2016-10-20,31.6200008392334
2016-10-21,31.600000381469727
2016-10-24,31.639999389648438
2016-10-25,31.600000381469727
2016-10-26,31.190000534057617
2016-10-27,30.450000762939453
2016-10-28,30.530000686645508
2016-10-31,30.950000762939453
2016-11-01,30.34000015258789
2016-11-02,29.8700008392334
2016-11-03,29.739999771118164
2016-11-04,29.940000534057617
2016-11-07,30.489999771118164
2016-11-08,30.68000030517578
2016-11-09,29.989999771118164
2016-11-10,29.540000915527344
2016-11-11,29.56999969482422
2016-11-14,30.149999618530273
2016-11-15,29.950000762939453
2016-11-16,29.93000030517578
2016-11-17,29.649999618530273
2016-11-18,29.709999084472656
2016-11-21,29.6299991607666
2016-11-22,30.139999389648438
2016-11-23,29.93000030517578
2016-11-25,30.059999465942383
2016-11-28,30.170000076293945
2016-11-29,30.3799991607666
2016-11-30,30.010000228881836
2016-12-01,29.549999237060547
2016-12-02,29.829999923706055
2016-12-05,30.06999969482422
2016-12-06,30.200000762939453
2016-12-07,30.829999923706055
2016-12-08,30.989999771118164
2016-12-09,30.969999313354492
2016-12-12,31.290000915527344
2016-12-13,31.3700008392334
2016-12-14,30.81999969482422
2016-12-15,30.56999969482422
2016-12-16,30.440000534057617
2016-12-19,30.709999084472656
2016-12-20,30.729999542236328
2016-12-21,30.34000015258789
2016-12-22,30.299999237060547
2016-12-23,30.329999923706055
2016-12-27,30.40999984741211
2016-12-28,30.18000030517578
2016-12-29,30.459999084472656
2016-12-30,30.75
2017-01-03,30.850000381469727
2017-01-04,31.239999771118164
2017-01-05,31.399999618530273
2017-01-06,31.399999618530273
2017-01-09,31.200000762939453
2017-01-10,30.809999465942383
2017-01-11,30.639999389648438
2017-01-12,30.760000228881836
2017-01-13,30.690000534057617
2017-01-17,30.940000534057617
2017-01-18,31.010000228881836
2017-01-19,30.709999084472656
2017-01-20,30.899999618530273
2017-01-23,31.09000015258789
2017-01-24,31.100000381469727
2017-01-25,30.90999984741211
2017-01-26,30.889999389648438
2017-01-27,30.6299991607666
2017-01-30,30.459999084472656
2017-01-31,30.709999084472656
2017-02-01,30.3700008392334
2017-02-02,30.729999542236328
2017-02-03,30.93000030517578
2017-02-06,30.739999771118164
2017-02-07,30.68000030517578
2017-02-08,30.940000534057617
2017-02-09,31.06999969482422
2017-02-10,31.280000686645508
2017-02-13,31.43000030517578
2017-02-14,31.270000457763672
2017-02-15,31.18000030517578
2017-02-16,31.309999465942383
2017-02-17,31.399999618530273
2017-02-21,31.829999923706055
2017-02-22,31.709999084472656
2017-02-23,31.920000076293945
2017-02-24,32.08000183105469
2017-02-27,32.2400016784668
2017-02-28,32.13999938964844
2017-03-01,32.060001373291016
2017-03-02,31.959999084472656
2017-03-03,31.860000610351562
2017-03-06,31.729999542236328
2017-03-07,31.6200008392334
2017-03-08,31.149999618530273
2017-03-09,30.75
2017-03-10,30.719999313354492
2017-03-13,30.760000228881836
2017-03-14,30.719999313354492
2017-03-15,31.309999465942383
2017-03-16,31.239999771118164
2017-03-17,31.100000381469727
2017-03-20,31.1299991607666
2017-03-21,31.079999923706055
2017-03-22,31.149999618530273
2017-03-23,31.3799991607666
2017-03-24,31.350000381469727
2017-03-27,31.100000381469727
2017-03-28,31.280000686645508
2017-03-29,31.389999389648438
2017-03-30,31.459999084472656
2017-03-31,31.600000381469727
2017-04-03,31.639999389648438
2017-04-04,31.549999237060547
2017-04-05,31.600000381469727
2017-04-06,31.780000686645508
2017-04-07,31.81999969482422
2017-04-10,32.040000915527344
2017-04-11,32.189998626708984
2017-04-12,32.13999938964844
2017-04-13,32.06999969482422
2017-04-17,32.439998626708984
2017-04-18,32.52000045776367
2017-04-19,32.45000076293945
2017-04-20,32.439998626708984
2017-04-21,32.33000183105469
2017-04-24,32.0099983215332
2017-04-25,32.08000183105469
2017-04-26,31.809999465942383
2017-04-27,31.829999923706055
2017-04-28,31.649999618530273
2017-05-01,31.850000381469727
2017-05-02,31.860000610351562
2017-05-03,31.469999313354492
2017-05-04,31.5
2017-05-05,31.75
2017-05-08,31.579999923706055
2017-05-09,31.459999084472656
2017-05-10,31.6299991607666
2017-05-11,31.479999542236328
2017-05-12,31.360000610351562
2017-05-15,31.5
2017-05-16,31.34000015258789
2017-05-17,31.540000915527344
2017-05-18,31.600000381469727
2017-05-19,31.780000686645508
2017-05-22,31.860000610351562
2017-05-23,31.899999618530273
2017-05-24,32.08000183105469
2017-05-25,32.20000076293945
2017-05-26,32.0
2017-05-30,31.90999984741211
2017-05-31,31.860000610351562
2017-06-01,31.959999084472656
2017-06-02,32.2400016784668
2017-06-05,32.15999984741211
2017-06-06,32.0099983215332
2017-06-07,32.18000030517578
2017-06-08,32.029998779296875
2017-06-09,32.18000030517578
2017-06-12,32.38999938964844
2017-06-13,32.470001220703125
2017-06-14,32.56999969482422
2017-06-15,32.72999954223633
2017-06-16,32.439998626708984
2017-06-19,32.459999084472656
2017-06-20,32.400001525878906
2017-06-21,32.33000183105469
2017-06-22,32.349998474121094
2017-06-23,32.4900016784668
2017-06-26,32.63999938964844
2017-06-27,32.5099983215332
2017-06-28,32.54999923706055
2017-06-29,32.220001220703125
2017-06-30,32.20000076293945
2017-07-03,32.5
2017-07-05,32.11000061035156
2017-07-06,31.530000686645508
2017-07-07,31.709999084472656
2017-07-10,31.459999084472656
2017-07-11,31.40999984741211
2017-07-12,31.81999969482422
2017-07-13,31.8799991607666
2017-07-14,32.20000076293945
2017-07-17,32.27000045776367
2017-07-18,32.22999954223633
2017-07-19,32.470001220703125
2017-07-20,32.380001068115234
2017-07-21,32.439998626708984
2017-07-24,32.41999816894531
2017-07-25,32.41999816894531
2017-07-26,32.689998626708984
2017-07-27,32.65999984741211
2017-07-28,32.63999938964844
2017-07-31,32.59000015258789
2017-08-01,32.72999954223633
2017-08-02,32.56999969482422
2017-08-03,32.4900016784668
2017-08-04,32.59000015258789
2017-08-07,32.56999969482422
2017-08-08,32.41999816894531
2017-08-09,32.459999084472656
2017-08-10,32.16999816894531
2017-08-11,31.959999084472656
2017-08-14,32.4900016784668
2017-08-15,32.43000030517578
2017-08-16,32.529998779296875
2017-08-17,32.29999923706055
2017-08-18,32.060001373291016
2017-08-21,32.38999938964844
2017-08-22,32.369998931884766
2017-08-23,32.70000076293945
2017-08-24,32.63999938964844
2017-08-25,32.79999923706055
2017-08-28,32.630001068115234
2017-08-29,32.61000061035156
2017-08-30,32.7599983215332
2017-08-31,32.91999816894531
2017-09-01,32.91999816894531
2017-09-05,32.88999938964844
2017-09-06,32.939998626708984
2017-09-07,33.189998626708984
2017-09-08,33.20000076293945
2017-09-11,33.439998626708984
2017-09-12,33.08000183105469
2017-09-13,32.939998626708984
2017-09-14,33.16999816894531
2017-09-15,33.04999923706055
2017-09-18,32.86000061035156
2017-09-19,32.529998779296875
2017-09-20,32.439998626708984
2017-09-21,32.38999938964844
2017-09-22,32.11000061035156
2017-09-25,32.22999954223633
2017-09-26,32.2599983215332
2017-09-27,31.989999771118164
2017-09-28,32.220001220703125
2017-09-29,32.2400016784668
2017-10-02,32.119998931884766
2017-10-03,32.11000061035156
2017-10-04,32.38999938964844
2017-10-05,32.4900016784668
2017-10-06,32.400001525878906
2017-10-09,32.470001220703125
2017-10-10,32.52000045776367
2017-10-11,32.70000076293945
2017-10-12,32.93000030517578
2017-10-13,33.02000045776367
2017-10-16,32.86000061035156
2017-10-17,32.86000061035156
2017-10-18,32.79999923706055
2017-10-19,32.779998779296875
2017-10-20,32.72999954223633
2017-10-23,32.61000061035156
2017-10-24,32.400001525878906
2017-10-25,32.31999969482422
2017-10-26,32.13999938964844
2017-10-27,32.189998626708984
2017-10-30,32.38999938964844
2017-10-31,32.5
2017-11-01,32.470001220703125
2017-11-02,32.75
2017-11-03,32.75
2017-11-06,33.25
2017-11-07,33.560001373291016
2017-11-08,33.810001373291016
2017-11-09,33.810001373291016
2017-11-10,33.810001373291016
2017-11-13,33.90999984741211
2017-11-14,33.880001068115234
2017-11-15,33.630001068115234
2017-11-16,33.7599983215332
2017-11-17,33.560001373291016
2017-11-20,33.47999954223633
2017-11-21,33.65999984741211
2017-11-22,33.54999923706055
2017-11-24,33.66999816894531
2017-11-27,33.56999969482422
2017-11-28,33.4900016784668
2017-11-29,33.40999984741211
2017-11-30,33.45000076293945
2017-12-01,33.5099983215332
2017-12-04,33.06999969482422
2017-12-05,32.939998626708984
2017-12-06,32.9900016784668
2017-12-07,33.119998931884766
2017-12-08,33.20000076293945
2017-12-11,33.279998779296875
2017-12-12,33.43000030517578
2017-12-13,33.41999816894531
2017-12-14,33.45000076293945
2017-12-15,33.189998626708984
2017-12-18,33.29999923706055
2017-12-19,32.66999816894531
2017-12-20,32.31999969482422
2017-12-21,32.209999084472656
2017-12-22,32.41999816894531
2017-12-26,32.59000015258789
2017-12-27,32.720001220703125
2017-12-28,32.90999984741211
2017-12-29,32.939998626708984
2018-01-02,32.75
2018-01-03,32.7599983215332
2018-01-04,32.20000076293945
2018-01-05,32.27000045776367
2018-01-08,32.4900016784668
2018-01-09,32.119998931884766
2018-01-10,31.6200008392334
2018-01-11,31.420000076293945
2018-01-12,31.190000534057617
2018-01-16,31.34000015258789
2018-01-17,31.520000457763672
2018-01-18,31.219999313354492
2018-01-19,31.440000534057617
2018-01-22,31.739999771118164
2018-01-23,32.22999954223633
2018-01-24,32.13999938964844
2018-01-25,32.06999969482422
2018-01-26,32.15999984741211
2018-01-29,31.790000915527344
2018-01-30,31.65999984741211
2018-01-31,32.310001373291016
2018-02-01,31.719999313354492
2018-02-02,31.360000610351562
2018-02-05,30.549999237060547
2018-02-06,30.489999771118164
2018-02-07,30.350000381469727
2018-02-08,29.399999618530273
2018-02-09,30.09000015258789
2018-02-12,30.170000076293945
2018-02-13,30.389999389648438
2018-02-14,30.200000762939453
2018-02-15,30.479999542236328
2018-02-16,30.68000030517578
2018-02-20,30.3700008392334
2018-02-21,29.809999465942383
2018-02-22,30.149999618530273
2018-02-23,30.700000762939453
2018-02-26,30.809999465942383
2018-02-27,30.149999618530273
2018-02-28,30.110000610351562
2018-03-01,29.959999084472656
2018-03-02,29.860000610351562
2018-03-05,30.280000686645508
2018-03-06,30.399999618530273
2018-03-07,30.530000686645508
2018-03-08,30.770000457763672
2018-03-09,30.969999313354492
2018-03-12,31.1200008392334
2018-03-13,31.219999313354492
2018-03-14,31.280000686645508
2018-03-15,31.280000686645508
2018-03-16,31.260000228881836
2018-03-19,30.950000762939453
2018-03-20,30.940000534057617
2018-03-21,30.65999984741211
2018-03-22,30.549999237060547
2018-03-23,30.06999969482422
2018-03-26,30.479999542236328
2018-03-27,30.530000686645508
2018-03-28,31.09000015258789
2018-03-29,31.079999923706055
2018-04-02,30.700000762939453
2018-04-03,30.809999465942383
2018-04-04,31.170000076293945
2018-04-05,31.200000762939453
2018-04-06,30.8799991607666
2018-04-09,30.8700008392334
2018-04-10,30.65999984741211
2018-04-11,30.739999771118164
2018-04-12,30.3799991607666
2018-04-13,30.540000915527344
2018-04-16,30.68000030517578
2018-04-17,31.09000015258789
2018-04-18,31.010000228881836
2018-04-19,30.489999771118164
2018-04-20,30.219999313354492
2018-04-23,30.280000686645508
2018-04-24,30.309999465942383
2018-04-25,30.209999084472656
2018-04-26,30.600000381469727
2018-04-27,31.010000228881836
2018-04-30,30.889999389648438
2018-05-01,31.110000610351562
2018-05-02,30.969999313354492
2018-05-03,30.959999084472656
2018-05-04,31.309999465942383
2018-05-07,31.3700008392334
2018-05-08,31.149999618530273
2018-05-09,31.389999389648438
2018-05-10,31.68000030517578
2018-05-11,31.530000686645508
2018-05-14,31.309999465942383
2018-05-15,30.780000686645508
2018-05-16,30.700000762939453
2018-05-17,30.540000915527344
2018-05-18,30.559999465942383
2018-05-21,30.8700008392334
2018-05-22,30.90999984741211
2018-05-23,31.15999984741211
2018-05-24,31.040000915527344
2018-05-25,31.190000534057617
2018-05-29,31.270000457763672
2018-05-30,31.68000030517578
2018-05-31,31.579999923706055
2018-06-01,31.709999084472656
2018-06-04,32.02000045776367
2018-06-05,31.860000610351562
2018-06-06,31.950000762939453
2018-06-07,31.950000762939453
2018-06-08,32.060001373291016
2018-06-11,32.04999923706055
2018-06-12,32.22999954223633
2018-06-13,31.510000228881836
2018-06-14,31.809999465942383
2018-06-15,31.489999771118164
2018-06-18,31.459999084472656
2018-06-19,31.5
2018-06-20,31.84000015258789
2018-06-21,32.029998779296875
2018-06-22,32.310001373291016
2018-06-25,32.22999954223633
2018-06-26,32.400001525878906
2018-06-27,32.310001373291016
2018-06-28,32.630001068115234
2018-06-29,32.709999084472656
2018-07-02,32.52000045776367
2018-07-03,32.709999084472656
2018-07-05,33.13999938964844
2018-07-06,33.279998779296875
2018-07-09,32.970001220703125
2018-07-10,33.130001068115234
2018-07-11,33.029998779296875
2018-07-12,33.11000061035156
2018-07-13,33.0
2018-07-16,32.81999969482422
2018-07-17,32.599998474121094
2018-07-18,32.47999954223633
2018-07-19,32.790000915527344
2018-07-20,32.5
2018-07-23,32.40999984741211
2018-07-24,32.31999969482422
2018-07-25,32.63999938964844
2018-07-26,32.75
2018-07-27,32.45000076293945
2018-07-30,32.41999816894531
2018-07-31,33.04999923706055
2018-08-01,33.27000045776367
2018-08-02,33.11000061035156
2018-08-03,33.540000915527344
2018-08-06,33.470001220703125
2018-08-07,33.400001525878906
2018-08-08,33.189998626708984
2018-08-09,33.25
2018-08-10,32.93000030517578
2018-08-13,32.91999816894531
2018-08-14,33.04999923706055
2018-08-15,33.34000015258789
2018-08-16,33.599998474121094
2018-08-17,33.91999816894531
2018-08-20,33.959999084472656
2018-08-21,33.650001525878906
2018-08-22,33.439998626708984
2018-08-23,33.36000061035156
2018-08-24,33.59000015258789
2018-08-27,33.540000915527344
2018-08-28,33.95000076293945
2018-08-29,33.900001525878906
2018-08-30,33.720001220703125
2018-08-31,33.849998474121094
2018-09-04,33.54999923706055
2018-09-05,33.7599983215332
2018-09-06,33.869998931884766
2018-09-07,33.439998626708984
2018-09-10,33.619998931884766
2018-09-11,33.630001068115234
2018-09-12,33.65999984741211
2018-09-13,33.869998931884766
2018-09-14,33.58000183105469
2018-09-17,33.77000045776367
2018-09-18,33.56999969482422
2018-09-19,33.25
2018-09-20,33.5
2018-09-21,33.150001525878906
2018-09-24,32.5
2018-09-25,32.470001220703125
2018-09-26,32.11000061035156
2018-09-27,32.209999084472656
2018-09-28,32.61000061035156
2018-10-01,32.36000061035156
2018-10-02,32.2599983215332
2018-10-03,31.889999389648438
2018-10-04,31.739999771118164
2018-10-05,31.75
2018-10-08,32.15999984741211
2018-10-09,32.27000045776367
2018-10-10,31.760000228881836
2018-10-11,30.829999923706055
2018-10-12,30.809999465942383
2018-10-15,31.0
2018-10-16,31.579999923706055
2018-10-17,31.489999771118164
2018-10-18,31.5
2018-10-19,31.81999969482422
2018-10-22,31.3700008392334
2018-10-23,31.56999969482422
2018-10-24,31.940000534057617
2018-10-25,32.31999969482422
2018-10-26,31.479999542236328
2018-10-29,32.0
2018-10-30,32.529998779296875
2018-10-31,32.09000015258789
2018-11-01,32.209999084472656
2018-11-02,31.940000534057617
2018-11-05,32.470001220703125
2018-11-06,32.650001525878906
2018-11-07,33.0099983215332
2018-11-08,33.08000183105469
2018-11-09,33.119998931884766
2018-11-12,33.189998626708984
2018-11-13,33.2599983215332
2018-11-14,33.25
2018-11-15,32.9900016784668
2018-11-16,33.459999084472656
2018-11-19,33.54999923706055
2018-11-20,33.11000061035156
2018-11-21,33.09000015258789
2018-11-23,32.970001220703125
2018-11-26,33.040000915527344
2018-11-27,33.220001220703125
2018-11-28,33.4900016784668
2018-11-29,33.529998779296875
2018-11-30,33.849998474121094
2018-12-03,34.0099983215332
2018-12-04,33.560001373291016
2018-12-06,34.47999954223633
2018-12-07,33.959999084472656
2018-12-10,33.83000183105469
2018-12-11,33.88999938964844
2018-12-12,33.25
2018-12-13,33.47999954223633
2018-12-14,33.41999816894531
2018-12-17,32.16999816894531
2018-12-18,32.4900016784668
2018-12-19,32.189998626708984
2018-12-20,31.799999237060547
2018-12-21,30.950000762939453
2018-12-24,29.809999465942383
2018-12-26,30.760000228881836
2018-12-27,30.829999923706055
2018-12-28,30.940000534057617
2018-12-31,31.0
2019-01-02,30.290000915527344
2019-01-03,30.43000030517578
2019-01-04,30.739999771118164
2019-01-07,31.0
2019-01-08,31.540000915527344
2019-01-09,31.40999984741211
2019-01-10,31.90999984741211
2019-01-11,31.969999313354492
2019-01-14,31.8700008392334
2019-01-15,32.22999954223633
2019-01-16,32.380001068115234
2019-01-17,32.540000915527344
2019-01-18,32.65999984741211
2019-01-22,32.599998474121094
2019-01-23,32.619998931884766
2019-01-24,32.75
2019-01-25,33.130001068115234
2019-01-28,33.459999084472656
2019-01-29,33.720001220703125
2019-01-30,34.0
2019-01-31,34.33000183105469
2019-02-01,34.119998931884766
2019-02-04,34.31999969482422
2019-02-05,34.54999923706055
2019-02-06,34.279998779296875
2019-02-07,34.56999969482422
2019-02-08,34.56999969482422
2019-02-11,34.66999816894531
2019-02-12,34.43000030517578
2019-02-13,34.65999984741211
2019-02-14,34.790000915527344
2019-02-15,35.0
2019-02-19,35.040000915527344
2019-02-20,34.81999969482422
2019-02-21,34.880001068115234
2019-02-22,35.08000183105469
2019-02-25,34.790000915527344
2019-02-26,34.720001220703125
2019-02-27,34.61000061035156
2019-02-28,34.709999084472656
2019-03-01,34.66999816894531
2019-03-04,34.810001373291016
2019-03-05,34.90999984741211
2019-03-06,34.81999969482422
2019-03-07,34.790000915527344
2019-03-08,34.81999969482422
2019-03-11,35.36000061035156
2019-03-12,35.54999923706055
2019-03-13,35.720001220703125
2019-03-14,35.810001373291016
2019-03-15,35.459999084472656
2019-03-18,35.279998779296875
2019-03-19,35.18000030517578
2019-03-20,35.34000015258789
2019-03-21,35.970001220703125
2019-03-22,35.79999923706055
2019-03-25,35.83000183105469
2019-03-26,36.04999923706055
2019-03-27,35.93000030517578
2019-03-28,36.22999954223633
2019-03-29,36.220001220703125
2019-04-01,36.11000061035156
2019-04-02,36.41999816894531
2019-04-03,36.380001068115234
2019-04-04,36.27000045776367
2019-04-05,36.54999923706055
2019-04-08,36.369998931884766
2019-04-09,36.2599983215332
2019-04-10,36.54999923706055
2019-04-11,36.5
2019-04-12,36.70000076293945
2019-04-15,36.47999954223633
2019-04-16,35.619998931884766
2019-04-17,35.25
2019-04-18,35.529998779296875
2019-04-22,35.13999938964844
2019-04-23,35.540000915527344
2019-04-24,35.790000915527344
2019-04-25,35.75
2019-04-26,35.9900016784668
2019-04-29,35.619998931884766
2019-04-30,36.029998779296875
2019-05-01,36.029998779296875
2019-05-02,36.099998474121094
2019-05-03,36.349998474121094
2019-05-06,36.20000076293945
2019-05-07,35.58000183105469
2019-05-08,35.58000183105469
2019-05-09,35.70000076293945
2019-05-10,36.11000061035156
2019-05-13,36.11000061035156
2019-05-14,36.2400016784668
2019-05-15,36.47999954223633
2019-05-16,36.689998626708984
2019-05-17,36.63999938964844
2019-05-20,36.04999923706055
2019-05-21,36.349998474121094
2019-05-22,36.52000045776367
2019-05-23,36.70000076293945
2019-05-24,36.75
2019-05-28,36.369998931884766
2019-05-29,35.95000076293945
2019-05-30,36.16999816894531
2019-05-31,36.470001220703125
2019-06-03,36.61000061035156
2019-06-04,36.40999984741211
2019-06-05,37.2400016784668
2019-06-06,37.310001373291016
2019-06-07,37.43000030517578
2019-06-10,37.29999923706055
2019-06-11,37.369998931884766
2019-06-12,37.5099983215332
2019-06-13,37.560001373291016
2019-06-14,37.720001220703125
2019-06-17,38.130001068115234
2019-06-18,38.02000045776367
2019-06-19,38.27000045776367
2019-06-20,38.5
2019-06-21,37.77000045776367
2019-06-24,37.58000183105469
2019-06-25,37.06999969482422
2019-06-26,36.349998474121094
2019-06-27,36.650001525878906
2019-06-28,36.77000045776367
2019-07-01,36.70000076293945
2019-07-02,37.380001068115234
2019-07-03,37.91999816894531
2019-07-05,37.709999084472656
2019-07-08,37.849998474121094
2019-07-09,38.04999923706055
2019-07-10,38.2599983215332
2019-07-11,37.77000045776367
2019-07-12,37.619998931884766
2019-07-15,37.66999816894531
2019-07-16,37.61000061035156
2019-07-17,37.41999816894531
2019-07-18,37.40999984741211
2019-07-19,36.79999923706055
2019-07-22,36.7599983215332
2019-07-23,37.119998931884766
2019-07-24,37.09000015258789
2019-07-25,36.93000030517578
2019-07-26,37.04999923706055
2019-07-29,37.189998626708984
2019-07-30,37.560001373291016
2019-07-31,37.40999984741211
2019-08-01,37.5
2019-08-02,37.790000915527344
2019-08-05,37.06999969482422
2019-08-06,37.529998779296875
2019-08-07,37.880001068115234
2019-08-08,38.47999954223633
2019-08-09,38.470001220703125
2019-08-12,38.439998626708984
2019-08-13,38.459999084472656
2019-08-14,37.86000061035156
2019-08-15,38.38999938964844
2019-08-16,38.65999984741211
2019-08-19,39.0099983215332
2019-08-20,38.720001220703125
2019-08-21,38.880001068115234
2019-08-22,39.06999969482422
2019-08-23,38.58000183105469
2019-08-26,38.939998626708984
2019-08-27,38.810001373291016
2019-08-28,38.91999816894531
2019-08-29,39.20000076293945
2019-08-30,39.209999084472656
2019-09-03,39.77000045776367
2019-09-04,40.099998474121094
2019-09-05,39.75
2019-09-06,39.79999923706055
2019-09-09,39.5
2019-09-10,38.91999816894531
2019-09-11,38.83000183105469
2019-09-12,39.060001373291016
2019-09-13,38.59000015258789
2019-09-16,38.9900016784668
2019-09-17,39.540000915527344
2019-09-18,39.41999816894531
2019-09-19,39.54999923706055
2019-09-20,39.119998931884766
2019-09-23,39.2599983215332
2019-09-24,39.209999084472656
2019-09-25,39.16999816894531
2019-09-26,39.54999923706055
2019-09-27,39.290000915527344
2019-09-30,39.34000015258789
2019-10-01,39.0
2019-10-02,38.7599983215332
2019-10-03,39.220001220703125
2019-10-04,39.400001525878906
2019-10-07,39.33000183105469
2019-10-08,39.13999938964844
2019-10-09,39.2599983215332
2019-10-10,39.36000061035156
2019-10-11,39.22999954223633
2019-10-14,39.290000915527344
2019-10-15,39.31999969482422
2019-10-16,39.27000045776367
2019-10-17,39.529998779296875
2019-10-18,39.90999984741211
2019-10-21,40.18000030517578
2019-10-22,40.060001373291016
2019-10-23,40.130001068115234
2019-10-24,39.97999954223633
2019-10-25,39.4900016784668
2019-10-28,39.06999969482422
2019-10-29,39.16999816894531
2019-10-30,39.459999084472656
2019-10-31,39.33000183105469
2019-11-01,39.22999954223633
2019-11-04,38.790000915527344
2019-11-05,38.119998931884766
2019-11-06,38.2599983215332
2019-11-07,37.849998474121094
2019-11-08,37.779998779296875
2019-11-11,37.849998474121094
2019-11-12,37.599998474121094
2019-11-13,37.97999954223633
2019-11-14,38.36000061035156
2019-11-15,38.54999923706055
2019-11-18,38.7599983215332
2019-11-19,38.84000015258789
2019-11-20,38.86000061035156
2019-11-21,38.34000015258789
2019-11-22,38.119998931884766
2019-11-25,38.150001525878906
2019-11-26,38.68000030517578
2019-11-27,38.79999923706055
2019-11-29,38.650001525878906
2019-12-02,37.939998626708984
2019-12-03,38.25
2019-12-04,38.45000076293945
2019-12-05,38.5099983215332
2019-12-06,38.52000045776367
2019-12-09,38.56999969482422
2019-12-10,38.29999923706055
2019-12-11,38.0099983215332
2019-12-12,37.54999923706055
2019-12-13,37.59000015258789
2019-12-16,37.880001068115234
2019-12-17,37.470001220703125
2019-12-18,38.0
2019-12-19,38.36000061035156
2019-12-20,38.2400016784668
2019-12-23,38.0099983215332
2019-12-24,38.060001373291016
2019-12-26,38.290000915527344
2019-12-27,38.43000030517578
2019-12-30,38.400001525878906
2019-12-31,38.66999816894531
2020-01-02,38.220001220703125
2020-01-03,38.5
2020-01-06,38.5099983215332
2020-01-07,38.09000015258789
2020-01-08,38.279998779296875
2020-01-09,38.27000045776367
2020-01-10,38.63999938964844
2020-01-13,39.11000061035156
2020-01-14,38.91999816894531
2020-01-15,39.189998626708984
2020-01-16,39.540000915527344
2020-01-17,39.59000015258789
2020-01-21,39.9900016784668
2020-01-22,39.66999816894531
2020-01-23,40.04999923706055
2020-01-24,39.9900016784668
2020-01-27,39.81999969482422
2020-01-28,39.91999816894531
2020-01-29,39.709999084472656
2020-01-30,39.79999923706055
2020-01-31,39.22999954223633
2020-02-03,39.27000045776367
2020-02-04,39.779998779296875
2020-02-05,39.75
2020-02-06,39.91999816894531
2020-02-07,39.939998626708984
2020-02-10,40.400001525878906
2020-02-11,40.88999938964844
2020-02-12,41.150001525878906
2020-02-13,41.400001525878906
2020-02-14,41.880001068115234
2020-02-18,41.84000015258789
2020-02-19,41.25
2020-02-20,41.709999084472656
2020-02-21,41.93000030517578
2020-02-24,41.369998931884766
2020-02-25,40.33000183105469
2020-02-26,39.97999954223633
2020-02-27,37.720001220703125
2020-02-28,36.790000915527344
2020-03-02,38.619998931884766
2020-03-03,38.59000015258789
2020-03-04,40.09000015258789
2020-03-05,39.16999816894531
2020-03-06,38.5
2020-03-09,35.779998779296875
2020-03-10,37.52000045776367
2020-03-11,35.5099983215332
2020-03-12,32.459999084472656
2020-03-13,35.310001373291016
2020-03-16,29.65999984741211
2020-03-17,31.459999084472656
2020-03-18,29.25
2020-03-19,28.790000915527344
2020-03-20,27.15999984741211
2020-03-23,25.459999084472656
2020-03-24,27.68000030517578
2020-03-25,28.90999984741211
2020-03-26,31.1299991607666
2020-03-27,31.209999084472656
2020-03-30,32.02000045776367
2020-03-31,31.0
2020-04-01,29.1200008392334
2020-04-02,29.549999237060547
2020-04-03,29.299999237060547
2020-04-06,31.420000076293945
2020-04-07,31.43000030517578
2020-04-08,33.790000915527344
2020-04-09,35.529998779296875
2020-04-13,33.900001525878906
2020-04-14,35.029998779296875
2020-04-15,33.68000030517578
2020-04-16,33.459999084472656
2020-04-17,34.540000915527344
2020-04-20,33.2599983215332
2020-04-21,32.77000045776367
2020-04-22,33.34000015258789
2020-04-23,32.959999084472656
2020-04-24,33.08000183105469
2020-04-27,34.040000915527344
2020-04-28,34.06999969482422
2020-04-29,34.15999984741211
2020-04-30,33.91999816894531
2020-05-01,32.880001068115234
2020-05-04,32.86000061035156
2020-05-05,33.06999969482422
2020-05-06,32.459999084472656
2020-05-07,32.75
2020-05-08,33.349998474121094
2020-05-11,32.95000076293945
2020-05-12,31.549999237060547
2020-05-13,31.049999237060547
2020-05-14,31.09000015258789
2020-05-15,30.979999542236328
2020-05-18,32.4900016784668
2020-05-19,31.860000610351562
2020-05-20,32.15999984741211
2020-05-21,32.0
2020-05-22,32.70000076293945
2020-05-26,33.7400016784668
2020-05-27,34.459999084472656
2020-05-28,34.849998474121094
2020-05-29,34.650001525878906
2020-06-01,35.34000015258789
2020-06-02,35.56999969482422
2020-06-03,36.41999816894531
2020-06-04,35.7400016784668
2020-06-05,37.04999923706055
2020-06-08,37.86000061035156
2020-06-09,37.41999816894531
2020-06-10,36.720001220703125
2020-06-11,34.45000076293945
2020-06-12,35.540000915527344
2020-06-15,35.9900016784668
2020-06-16,36.59000015258789
2020-06-17,36.15999984741211
2020-06-18,35.709999084472656
2020-06-19,35.349998474121094
2020-06-22,34.97999954223633
2020-06-23,34.849998474121094
2020-06-24,33.959999084472656
2020-06-25,34.31999969482422
2020-06-26,33.72999954223633
2020-06-29,34.310001373291016
2020-06-30,34.810001373291016
2020-07-01,35.7599983215332
2020-07-02,35.63999938964844
2020-07-06,35.68000030517578
2020-07-07,35.099998474121094
2020-07-08,35.08000183105469
2020-07-09,34.959999084472656
2020-07-10,35.0
2020-07-13,34.45000076293945
2020-07-14,34.790000915527344
2020-07-15,34.95000076293945
2020-07-16,34.540000915527344
2020-07-17,35.02000045776367
2020-07-20,34.689998626708984
2020-07-21,34.70000076293945
2020-07-22,35.119998931884766
2020-07-23,34.939998626708984
2020-07-24,34.79999923706055
2020-07-27,35.209999084472656
2020-07-28,35.91999816894531
2020-07-29,36.599998474121094
2020-07-30,36.29999923706055
2020-07-31,36.2599983215332
2020-08-03,35.68000030517578
2020-08-04,36.209999084472656
2020-08-05,35.939998626708984
2020-08-06,36.0099983215332
2020-08-07,36.5
2020-08-10,36.439998626708984
2020-08-11,35.7400016784668
2020-08-12,36.189998626708984
2020-08-13,35.77000045776367
2020-08-14,35.86000061035156
2020-08-17,36.18000030517578
2020-08-18,36.13999938964844
2020-08-19,35.400001525878906
2020-08-20,35.779998779296875
2020-08-21,35.900001525878906
2020-08-24,35.95000076293945
2020-08-25,36.060001373291016
2020-08-26,35.810001373291016
2020-08-27,36.290000915527344
2020-08-28,36.56999969482422
2020-08-31,36.25
2020-09-01,36.189998626708984
2020-09-02,37.0
2020-09-03,36.380001068115234
2020-09-04,36.25
2020-09-08,35.790000915527344
2020-09-09,36.18000030517578
2020-09-10,35.66999816894531
2020-09-11,35.54999923706055
2020-09-14,36.41999816894531
2020-09-15,36.900001525878906
2020-09-16,37.13999938964844
2020-09-17,36.31999969482422
2020-09-18,35.599998474121094
2020-09-21,34.439998626708984
2020-09-22,34.849998474121094
2020-09-23,33.849998474121094
2020-09-24,34.0099983215332
2020-09-25,34.66999816894531
2020-09-28,35.27000045776367
2020-09-29,35.09000015258789
2020-09-30,35.27000045776367
2020-10-01,35.849998474121094
2020-10-02,36.43000030517578
2020-10-05,36.630001068115234
2020-10-06,36.31999969482422
2020-10-07,36.41999816894531
2020-10-08,37.029998779296875
2020-10-09,36.93000030517578
2020-10-12,37.119998931884766
2020-10-13,36.4900016784668
2020-10-14,36.06999969482422
2020-10-15,36.2400016784668
2020-10-16,36.11000061035156
2020-10-19,35.540000915527344
2020-10-20,35.779998779296875
2020-10-21,35.650001525878906
2020-10-22,35.400001525878906
2020-10-23,35.630001068115234
2020-10-26,35.20000076293945
2020-10-27,34.75
2020-10-28,33.97999954223633
2020-10-29,34.369998931884766
2020-10-30,34.150001525878906
2020-11-02,34.9900016784668
2020-11-03,35.540000915527344
2020-11-04,35.63999938964844
2020-11-05,35.77000045776367
2020-11-06,35.630001068115234
2020-11-09,36.56999969482422
2020-11-10,36.77000045776367
2020-11-11,37.04999923706055
2020-11-12,36.66999816894531
2020-11-13,37.5099983215332
2020-11-16,37.75
2020-11-17,37.77000045776367
2020-11-18,37.130001068115234
2020-11-19,37.189998626708984
2020-11-20,36.939998626708984
2020-11-23,36.81999969482422
2020-11-24,36.79999923706055
2020-11-25,36.88999938964844
2020-11-27,36.81999969482422
2020-11-30,36.5
2020-12-01,36.959999084472656
2020-12-02,36.56999969482422
2020-12-03,36.84000015258789
2020-12-04,37.33000183105469
2020-12-07,36.959999084472656
2020-12-08,36.790000915527344
2020-12-09,36.45000076293945
2020-12-10,36.25
2020-12-11,36.27000045776367
2020-12-14,36.0099983215332
2020-12-15,36.63999938964844
2020-12-16,36.650001525878906
2020-12-17,37.08000183105469
2020-12-18,36.439998626708984
2020-12-21,35.650001525878906
2020-12-22,35.900001525878906
2020-12-23,35.560001373291016
2020-12-24,35.90999984741211
2020-12-28,36.20000076293945
2020-12-29,35.91999816894531
2020-12-30,36.119998931884766
2020-12-31,36.560001373291016
2021-01-04,35.380001068115234
2021-01-05,35.34000015258789
2021-01-06,35.16999816894531
2021-01-07,35.279998779296875
2021-01-08,35.65999984741211
2021-01-11,35.060001373291016
2021-01-12,35.09000015258789
2021-01-13,35.56999969482422
2021-01-14,35.790000915527344
2021-01-15,36.34000015258789
2021-01-19,36.099998474121094
2021-01-20,36.849998474121094
2021-01-21,36.72999954223633
2021-01-22,36.81999969482422
2021-01-25,37.150001525878906
2021-01-26,37.529998779296875
2021-01-27,37.04999923706055
2021-01-28,37.150001525878906
2021-01-29,36.7599983215332
2021-02-01,37.59000015258789
2021-02-02,37.75
2021-02-03,37.599998474121094
2021-02-04,37.810001373291016
2021-02-05,37.939998626708984
2021-02-08,38.02000045776367
2021-02-09,38.189998626708984
2021-02-10,38.45000076293945
2021-02-11,38.380001068115234
2021-02-12,38.369998931884766
2021-02-16,37.959999084472656
2021-02-17,37.9900016784668
2021-02-18,37.970001220703125
2021-02-19,38.09000015258789
2021-02-22,38.310001373291016
2021-02-23,38.45000076293945
2021-02-24,38.630001068115234
2021-02-25,38.0
2021-02-26,37.34000015258789
2021-03-01,37.380001068115234
2021-03-02,37.150001525878906
2021-03-03,36.689998626708984
2021-03-04,36.41999816894531
2021-03-05,36.84000015258789
2021-03-08,37.02000045776367
2021-03-09,37.439998626708984
2021-03-10,37.810001373291016
2021-03-11,38.369998931884766
2021-03-12,39.029998779296875
2021-03-15,39.470001220703125
2021-03-16,39.470001220703125
2021-03-17,39.40999984741211
2021-03-18,39.15999984741211
2021-03-19,38.63999938964844
2021-03-22,38.68000030517578
2021-03-23,38.79999923706055
2021-03-24,38.630001068115234
2021-03-25,38.959999084472656
2021-03-26,39.90999984741211
2021-03-29,39.81999969482422
2021-03-30,39.650001525878906
2021-03-31,39.4900016784668
2021-04-01,40.119998931884766
2021-04-05,40.33000183105469
2021-04-06,40.43000030517578
2021-04-07,40.47999954223633
2021-04-08,40.279998779296875
2021-04-09,40.34000015258789
2021-04-12,40.58000183105469
2021-04-13,40.81999969482422
2021-04-14,40.56999969482422
2021-04-15,41.34000015258789
2021-04-16,41.400001525878906
2021-04-19,41.529998779296875
2021-04-20,41.9900016784668
2021-04-21,42.18000030517578
2021-04-22,42.0
2021-04-23,42.2400016784668
2021-04-26,42.33000183105469
2021-04-27,42.33000183105469
2021-04-28,42.18000030517578
2021-04-29,42.4900016784668
2021-04-30,42.77000045776367
2021-05-03,42.540000915527344
2021-05-04,42.279998779296875
2021-05-05,41.65999984741211
2021-05-06,41.86000061035156
2021-05-07,42.369998931884766
2021-05-10,42.560001373291016
2021-05-11,42.060001373291016
2021-05-12,41.040000915527344
2021-05-13,41.560001373291016
2021-05-14,41.95000076293945
2021-05-17,41.970001220703125
2021-05-18,42.04999923706055
2021-05-19,41.88999938964844
2021-05-20,42.40999984741211
2021-05-21,42.34000015258789
2021-05-24,42.79999923706055
2021-05-25,42.91999816894531
2021-05-26,43.02000045776367
2021-05-27,42.970001220703125
2021-05-28,43.2599983215332
2021-06-01,44.0
2021-06-02,44.61000061035156
2021-06-03,44.52000045776367
2021-06-04,44.560001373291016
2021-06-07,44.97999954223633
2021-06-08,45.220001220703125
2021-06-09,45.27000045776367
2021-06-10,45.72999954223633
2021-06-11,45.439998626708984
2021-06-14,45.70000076293945
2021-06-15,45.279998779296875
2021-06-16,44.869998931884766
2021-06-17,45.040000915527344
2021-06-18,44.33000183105469
2021-06-21,44.91999816894531
2021-06-22,44.720001220703125
2021-06-23,44.58000183105469
2021-06-24,44.369998931884766
2021-06-25,44.689998626708984
2021-06-28,44.709999084472656
2021-06-29,44.68000030517578
2021-06-30,44.33000183105469
2021-07-01,44.5099983215332
2021-07-02,44.720001220703125
2021-07-06,45.119998931884766
2021-07-07,45.349998474121094
2021-07-08,45.310001373291016
2021-07-09,45.90999984741211
2021-07-12,46.310001373291016
2021-07-13,45.709999084472656
2021-07-14,46.11000061035156
2021-07-15,46.18000030517578
2021-07-16,46.22999954223633
2021-07-19,45.5099983215332
2021-07-20,46.33000183105469
2021-07-21,46.189998626708984
2021-07-22,45.86000061035156
2021-07-23,46.279998779296875
2021-07-26,46.279998779296875
2021-07-27,46.650001525878906
2021-07-28,46.369998931884766
2021-07-29,46.22999954223633
2021-07-30,46.380001068115234
2021-08-02,46.400001525878906
2021-08-03,46.59000015258789
2021-08-04,46.439998626708984
2021-08-05,46.810001373291016
2021-08-06,46.72999954223633
2021-08-09,46.52000045776367
2021-08-10,46.02000045776367
2021-08-11,46.27000045776367
2021-08-12,46.43000030517578
2021-08-13,46.7400016784668
2021-08-16,46.790000915527344
2021-08-17,46.880001068115234
2021-08-18,46.38999938964844
2021-08-19,46.779998779296875
2021-08-20,47.0
2021-08-23,46.81999969482422
2021-08-24,46.470001220703125
2021-08-25,46.41999816894531
2021-08-26,46.45000076293945
2021-08-27,46.83000183105469
2021-08-30,47.400001525878906
2021-08-31,47.68000030517578
2021-09-01,48.5
2021-09-02,48.72999954223633
2021-09-03,48.72999954223633
2021-09-07,48.189998626708984
2021-09-08,48.47999954223633
2021-09-09,47.45000076293945
2021-09-10,46.849998474121094
2021-09-13,47.11000061035156
2021-09-14,47.0099983215332
2021-09-15,47.189998626708984
2021-09-16,47.279998779296875
2021-09-17,46.849998474121094
2021-09-20,46.27000045776367
2021-09-21,46.279998779296875
2021-09-22,46.66999816894531
2021-09-23,46.439998626708984
2021-09-24,45.90999984741211
2021-09-27,45.150001525878906
2021-09-28,44.880001068115234
2021-09-29,45.16999816894531
2021-09-30,44.45000076293945
2021-10-01,44.93000030517578
2021-10-04,44.97999954223633
2021-10-05,44.630001068115234
2021-10-06,45.060001373291016
2021-10-07,45.11000061035156
2021-10-08,44.619998931884766
2021-10-11,44.68000030517578
2021-10-12,45.279998779296875
2021-10-13,45.540000915527344
2021-10-14,46.18000030517578
2021-10-15,46.20000076293945
2021-10-18,46.279998779296875
2021-10-19,46.4900016784668
2021-10-20,47.20000076293945
2021-10-21,47.349998474121094
2021-10-22,47.689998626708984
2021-10-25,47.83000183105469
2021-10-26,48.04999923706055
2021-10-27,47.70000076293945
2021-10-28,48.400001525878906
2021-10-29,47.81999969482422
2021-11-01,47.93000030517578
2021-11-02,48.380001068115234
2021-11-03,48.65999984741211
2021-11-04,48.11000061035156
2021-11-05,48.220001220703125
2021-11-08,48.209999084472656
2021-11-09,48.38999938964844
2021-11-10,48.150001525878906
2021-11-11,48.16999816894531
2021-11-12,48.189998626708984
2021-11-15,48.459999084472656
2021-11-16,48.15999984741211
2021-11-17,48.47999954223633
2021-11-18,48.470001220703125
2021-11-19,48.209999084472656
2021-11-22,47.970001220703125
2021-11-23,48.47999954223633
2021-11-24,49.130001068115234
2021-11-26,47.79999923706055
2021-11-29,48.400001525878906
2021-11-30,47.38999938964844
2021-12-01,46.77000045776367
2021-12-02,48.04999923706055
2021-12-03,47.810001373291016
2021-12-06,48.5
2021-12-07,49.36000061035156
2021-12-08,49.56999969482422
2021-12-09,48.939998626708984
2021-12-10,49.189998626708984
2021-12-13,49.849998474121094
2021-12-14,49.29999923706055
2021-12-15,50.029998779296875
2021-12-16,50.220001220703125
2021-12-17,50.04999923706055
2021-12-20,49.29999923706055
2021-12-21,49.58000183105469
2021-12-22,50.06999969482422
2021-12-23,49.91999816894531
2021-12-27,50.939998626708984
2021-12-28,51.15999984741211
2021-12-29,51.470001220703125
2021-12-30,51.70000076293945
2021-12-31,51.810001373291016
2022-01-03,51.33000183105469
2022-01-04,51.130001068115234
2022-01-05,49.470001220703125
2022-01-06,49.529998779296875
2022-01-07,49.27000045776367
2022-01-10,48.97999954223633
2022-01-11,48.900001525878906
2022-01-12,49.029998779296875
2022-01-13,48.86000061035156
2022-01-14,48.290000915527344
2022-01-18,47.959999084472656
2022-01-19,47.34000015258789
2022-01-20,46.91999816894531
2022-01-21,46.88999938964844
2022-01-24,46.9900016784668
2022-01-25,46.86000061035156
2022-01-26,46.08000183105469
2022-01-27,45.25
2022-01-28,46.81999969482422
2022-01-31,47.34000015258789
2022-02-01,47.02000045776367
2022-02-02,47.83000183105469
2022-02-03,47.34000015258789
2022-02-04,46.689998626708984
2022-02-07,46.70000076293945
2022-02-08,46.279998779296875
2022-02-09,47.400001525878906
2022-02-10,46.04999923706055
2022-02-11,45.41999816894531
2022-02-14,44.93000030517578
2022-02-15,45.150001525878906
2022-02-16,45.27000045776367
2022-02-17,44.880001068115234
2022-02-18,44.68000030517578
2022-02-22,44.560001373291016
2022-02-23,43.97999954223633
2022-02-24,44.7400016784668
2022-02-25,45.86000061035156
2022-02-28,45.06999969482422
2022-03-01,44.97999954223633
2022-03-02,45.779998779296875
2022-03-03,46.279998779296875
2022-03-04,46.66999816894531
2022-03-07,45.81999969482422
2022-03-08,45.40999984741211
2022-03-09,46.16999816894531
2022-03-10,46.33000183105469
2022-03-11,45.869998931884766
2022-03-14,45.59000015258789
2022-03-15,45.95000076293945
2022-03-16,46.459999084472656
2022-03-17,47.119998931884766
2022-03-18,47.22999954223633
2022-03-21,46.720001220703125
2022-03-22,46.75
2022-03-23,46.220001220703125
2022-03-24,46.58000183105469
2022-03-25,47.130001068115234
2022-03-28,47.72999954223633
2022-03-29,49.130001068115234
2022-03-30,48.86000061035156
2022-03-31,48.31999969482422
2022-04-01,49.279998779296875
2022-04-04,49.130001068115234
2022-04-05,49.16999816894531
2022-04-06,49.900001525878906
2022-04-07,49.4900016784668
2022-04-08,49.66999816894531
2022-04-11,48.9900016784668
2022-04-12,48.84000015258789
2022-04-13,49.040000915527344
2022-04-14,48.7599983215332
2022-04-18,48.63999938964844
2022-04-19,49.65999984741211
2022-04-20,50.599998474121094
2022-04-21,50.27000045776367
2022-04-22,49.369998931884766
2022-04-25,49.13999938964844
2022-04-26,48.369998931884766
2022-04-27,48.08000183105469
2022-04-28,48.959999084472656
2022-04-29,46.599998474121094
2022-05-02,45.38999938964844
2022-05-03,45.939998626708984
2022-05-04,46.47999954223633
2022-05-05,45.290000915527344
2022-05-06,44.83000183105469
2022-05-09,42.7400016784668
2022-05-10,41.790000915527344
2022-05-11,41.72999954223633
2022-05-12,42.040000915527344
2022-05-13,43.09000015258789
2022-05-16,42.7400016784668
2022-05-17,43.20000076293945
2022-05-18,41.939998626708984
2022-05-19,41.86000061035156
2022-05-20,42.349998474121094
2022-05-23,42.900001525878906
2022-05-24,43.400001525878906
2022-05-25,43.63999938964844
2022-05-26,43.59000015258789
2022-05-27,44.81999969482422
2022-05-31,44.220001220703125
2022-06-01,43.7400016784668
2022-06-02,44.400001525878906
2022-06-03,43.84000015258789
2022-06-06,43.709999084472656
2022-06-07,44.220001220703125
2022-06-08,43.15999984741211
2022-06-09,42.16999816894531
2022-06-10,41.16999816894531
2022-06-13,39.189998626708984
2022-06-14,38.90999984741211
2022-06-15,39.79999923706055
2022-06-16,38.849998474121094
2022-06-17,39.08000183105469
2022-06-21,39.4900016784668
2022-06-22,40.130001068115234
2022-06-23,40.91999816894531
2022-06-24,41.810001373291016
2022-06-27,41.65999984741211
2022-06-28,41.09000015258789
2022-06-29,40.83000183105469
2022-06-30,40.86000061035156
2022-07-01,41.59000015258789
2022-07-05,41.41999816894531
2022-07-06,41.38999938964844
2022-07-07,41.41999816894531
2022-07-08,41.22999954223633
2022-07-11,41.22999954223633
2022-07-12,40.970001220703125
2022-07-13,40.75
2022-07-14,40.349998474121094
2022-07-15,41.0
