Date,LIT
2010-07-23,32.18000030517578
2010-07-26,32.91999816894531
2010-07-27,32.779998779296875
2010-07-28,32.65999984741211
2010-07-29,33.63999938964844
2010-07-30,33.34000015258789
2010-08-02,34.099998474121094
2010-08-03,34.13999938964844
2010-08-04,34.52000045776367
2010-08-05,34.86000061035156
2010-08-06,34.560001373291016
2010-08-09,34.7400016784668
2010-08-10,34.380001068115234
2010-08-11,32.70000076293945
2010-08-12,32.70000076293945
2010-08-13,32.459999084472656
2010-08-16,32.65999984741211
2010-08-17,33.63999938964844
2010-08-18,33.7400016784668
2010-08-19,33.13999938964844
2010-08-20,32.86000061035156
2010-08-23,32.79999923706055
2010-08-24,32.099998474121094
2010-08-25,32.02000045776367
2010-08-26,31.920000076293945
2010-08-27,32.58000183105469
2010-08-30,32.41999816894531
2010-08-31,32.220001220703125
2010-09-01,33.2400016784668
2010-09-02,33.86000061035156
2010-09-03,34.2400016784668
2010-09-07,34.400001525878906
2010-09-08,34.540000915527344
2010-09-09,34.65999984741211
2010-09-10,34.7599983215332
2010-09-13,35.720001220703125
2010-09-14,36.0
2010-09-15,35.7599983215332
2010-09-16,35.91999816894531
2010-09-17,36.119998931884766
2010-09-20,36.81999969482422
2010-09-21,36.560001373291016
2010-09-22,36.459999084472656
2010-09-23,36.099998474121094
2010-09-24,36.880001068115234
2010-09-27,37.34000015258789
2010-09-28,37.58000183105469
2010-09-29,37.220001220703125
2010-09-30,37.18000030517578
2010-10-01,37.31999969482422
2010-10-04,36.81999969482422
2010-10-05,37.560001373291016
2010-10-06,37.52000045776367
2010-10-07,37.34000015258789
2010-10-08,38.400001525878906
2010-10-11,38.720001220703125
2010-10-12,39.02000045776367
2010-10-13,39.720001220703125
2010-10-14,39.86000061035156
2010-10-15,39.68000030517578
2010-10-18,39.91999816894531
2010-10-19,39.0
2010-10-20,39.7599983215332
2010-10-21,39.58000183105469
2010-10-22,39.439998626708984
2010-10-25,40.13999938964844
2010-10-26,40.220001220703125
2010-10-27,39.68000030517578
2010-10-28,39.959999084472656
2010-10-29,39.779998779296875
2010-11-01,39.619998931884766
2010-11-02,40.119998931884766
2010-11-03,40.08000183105469
2010-11-04,41.08000183105469
2010-11-05,42.0
2010-11-08,42.220001220703125
2010-11-09,41.2400016784668
2010-11-10,41.47999954223633
2010-11-11,41.47999954223633
2010-11-12,40.68000030517578
2010-11-15,40.31999969482422
2010-11-16,39.279998779296875
2010-11-17,39.58000183105469
2010-11-18,40.58000183105469
2010-11-19,40.68000030517578
2010-11-22,41.060001373291016
2010-11-23,40.279998779296875
2010-11-24,41.36000061035156
2010-11-26,41.439998626708984
2010-11-29,41.47999954223633
2010-11-30,40.52000045776367
2010-12-01,41.279998779296875
2010-12-02,41.959999084472656
2010-12-03,42.060001373291016
2010-12-06,42.2599983215332
2010-12-07,42.459999084472656
2010-12-08,42.41999816894531
2010-12-09,42.52000045776367
2010-12-10,42.68000030517578
2010-12-13,42.7599983215332
2010-12-14,42.5
2010-12-15,42.599998474121094
2010-12-16,42.63999938964844
2010-12-17,42.400001525878906
2010-12-20,42.560001373291016
2010-12-21,43.20000076293945
2010-12-22,43.119998931884766
2010-12-23,43.18000030517578
2010-12-27,43.41999816894531
2010-12-28,44.2400016784668
2010-12-29,44.599998474121094
2010-12-30,45.08000183105469
2010-12-31,45.47999954223633
2011-01-03,47.220001220703125
2011-01-04,46.08000183105469
2011-01-05,45.86000061035156
2011-01-06,44.779998779296875
2011-01-07,44.65999984741211
2011-01-10,44.65999984741211
2011-01-11,45.220001220703125
2011-01-12,46.040000915527344
2011-01-13,45.880001068115234
2011-01-14,45.720001220703125
2011-01-18,46.040000915527344
2011-01-19,44.720001220703125
2011-01-20,43.459999084472656
2011-01-21,43.439998626708984
2011-01-24,43.79999923706055
2011-01-25,43.5
2011-01-26,44.2400016784668
2011-01-27,44.34000015258789
2011-01-28,43.459999084472656
2011-01-31,43.619998931884766
2011-02-01,44.779998779296875
2011-02-02,44.84000015258789
2011-02-03,44.720001220703125
2011-02-04,44.560001373291016
2011-02-07,45.15999984741211
2011-02-08,46.47999954223633
2011-02-09,45.58000183105469
2011-02-10,45.65999984741211
2011-02-11,46.380001068115234
2011-02-14,46.63999938964844
2011-02-15,46.20000076293945
2011-02-16,46.959999084472656
2011-02-17,47.13999938964844
2011-02-18,46.439998626708984
2011-02-22,44.20000076293945
2011-02-23,43.63999938964844
2011-02-24,43.68000030517578
2011-02-25,44.880001068115234
2011-02-28,45.099998474121094
2011-03-01,43.70000076293945
2011-03-02,43.5
2011-03-03,45.20000076293945
2011-03-04,44.619998931884766
2011-03-07,43.900001525878906
2011-03-08,44.13999938964844
2011-03-09,43.779998779296875
2011-03-10,42.18000030517578
2011-03-11,42.52000045776367
2011-03-14,41.34000015258789
2011-03-15,40.459999084472656
2011-03-16,39.84000015258789
2011-03-17,40.380001068115234
2011-03-18,40.97999954223633
2011-03-21,42.439998626708984
2011-03-22,42.91999816894531
2011-03-23,42.91999816894531
2011-03-24,43.2599983215332
2011-03-25,43.34000015258789
2011-03-28,43.060001373291016
2011-03-29,43.400001525878906
2011-03-30,42.959999084472656
2011-03-31,43.040000915527344
2011-04-01,44.220001220703125
2011-04-04,44.540000915527344
2011-04-05,45.08000183105469
2011-04-06,44.79999923706055
2011-04-07,44.880001068115234
2011-04-08,44.540000915527344
2011-04-11,44.20000076293945
2011-04-12,43.2599983215332
2011-04-13,43.63999938964844
2011-04-14,44.0
2011-04-15,43.7400016784668
2011-04-18,43.040000915527344
2011-04-19,42.84000015258789
2011-04-20,43.79999923706055
2011-04-21,44.459999084472656
2011-04-25,44.2400016784668
2011-04-26,44.15999984741211
2011-04-27,44.31999969482422
2011-04-28,44.279998779296875
2011-04-29,44.84000015258789
2011-05-02,44.08000183105469
2011-05-03,43.400001525878906
2011-05-04,42.439998626708984
2011-05-05,41.63999938964844
2011-05-06,42.279998779296875
2011-05-09,43.060001373291016
2011-05-10,43.36000061035156
2011-05-11,41.68000030517578
2011-05-12,41.619998931884766
2011-05-13,40.619998931884766
2011-05-16,39.7400016784668
2011-05-17,39.7599983215332
2011-05-18,40.47999954223633
2011-05-19,40.18000030517578
2011-05-20,39.959999084472656
2011-05-23,39.18000030517578
2011-05-24,39.29999923706055
2011-05-25,39.619998931884766
2011-05-26,40.13999938964844
2011-05-27,40.63999938964844
2011-05-31,41.52000045776367
2011-06-01,40.41999816894531
2011-06-02,40.560001373291016
2011-06-03,40.0
2011-06-06,39.29999923706055
2011-06-07,39.459999084472656
2011-06-08,38.52000045776367
2011-06-09,38.97999954223633
2011-06-10,38.279998779296875
2011-06-13,37.97999954223633
2011-06-14,38.939998626708984
2011-06-15,37.959999084472656
2011-06-16,37.400001525878906
2011-06-17,37.63999938964844
2011-06-20,37.779998779296875
2011-06-21,38.63999938964844
2011-06-22,38.47999954223633
2011-06-23,38.2400016784668
2011-06-24,38.220001220703125
2011-06-27,38.15999984741211
2011-06-28,38.540000915527344
2011-06-29,38.97999954223633
2011-06-30,39.439998626708984
2011-07-01,40.08000183105469
2011-07-05,40.060001373291016
2011-07-06,39.900001525878906
2011-07-07,40.34000015258789
2011-07-08,40.20000076293945
2011-07-11,39.0
2011-07-12,38.560001373291016
2011-07-13,39.540000915527344
2011-07-14,38.84000015258789
2011-07-15,39.20000076293945
2011-07-18,39.08000183105469
2011-07-19,39.97999954223633
2011-07-20,40.47999954223633
2011-07-21,41.599998474121094
2011-07-22,41.720001220703125
2011-07-25,41.02000045776367
2011-07-26,41.0
2011-07-27,40.060001373291016
2011-07-28,39.939998626708984
2011-07-29,39.52000045776367
2011-08-01,39.91999816894531
2011-08-02,38.18000030517578
2011-08-03,37.959999084472656
2011-08-04,34.720001220703125
2011-08-05,34.20000076293945
2011-08-08,30.559999465942383
2011-08-09,33.52000045776367
2011-08-10,32.040000915527344
2011-08-11,34.20000076293945
2011-08-12,34.2599983215332
2011-08-15,35.2599983215332
2011-08-16,34.060001373291016
2011-08-17,34.08000183105469
2011-08-18,32.220001220703125
2011-08-19,31.760000228881836
2011-08-22,31.639999389648438
2011-08-23,32.70000076293945
2011-08-24,32.81999969482422
2011-08-25,32.619998931884766
2011-08-26,33.380001068115234
2011-08-29,34.939998626708984
2011-08-30,35.15999984741211
2011-08-31,35.84000015258789
2011-09-01,35.380001068115234
2011-09-02,34.15999984741211
2011-09-06,33.560001373291016
2011-09-07,34.97999954223633
2011-09-08,34.459999084472656
2011-09-09,33.5
2011-09-12,32.779998779296875
2011-09-13,33.220001220703125
2011-09-14,33.400001525878906
2011-09-15,33.619998931884766
2011-09-16,33.65999984741211
2011-09-19,32.959999084472656
2011-09-20,32.29999923706055
2011-09-21,30.81999969482422
2011-09-22,28.3799991607666
2011-09-23,28.459999084472656
2011-09-26,28.719999313354492
2011-09-27,29.65999984741211
2011-09-28,28.65999984741211
2011-09-29,28.1200008392334
2011-09-30,26.959999084472656
2011-10-03,25.559999465942383
2011-10-04,26.0
2011-10-05,27.020000457763672
2011-10-06,28.479999542236328
2011-10-07,28.239999771118164
2011-10-10,29.299999237060547
2011-10-11,29.719999313354492
2011-10-12,30.739999771118164
2011-10-13,30.459999084472656
2011-10-14,30.979999542236328
2011-10-17,30.280000686645508
2011-10-18,30.81999969482422
2011-10-19,29.8799991607666
2011-10-20,30.079999923706055
2011-10-21,30.860000610351562
2011-10-24,31.719999313354492
2011-10-25,30.780000686645508
2011-10-26,31.399999618530273
2011-10-27,33.060001373291016
2011-10-28,32.880001068115234
2011-10-31,31.559999465942383
2011-11-01,30.65999984741211
2011-11-02,31.6200008392334
2011-11-03,32.18000030517578
2011-11-04,32.099998474121094
2011-11-07,32.63999938964844
2011-11-08,32.97999954223633
2011-11-09,31.520000457763672
2011-11-10,31.700000762939453
2011-11-11,32.31999969482422
2011-11-14,32.2599983215332
2011-11-15,32.0
2011-11-16,31.459999084472656
2011-11-17,30.65999984741211
2011-11-18,30.760000228881836
2011-11-21,29.979999542236328
2011-11-22,29.780000686645508
2011-11-23,28.899999618530273
2011-11-25,28.68000030517578
2011-11-28,29.5
2011-11-29,29.520000457763672
2011-11-30,31.420000076293945
2011-12-01,30.760000228881836
2011-12-02,30.84000015258789
2011-12-05,31.059999465942383
2011-12-06,30.979999542236328
2011-12-07,31.299999237060547
2011-12-08,29.959999084472656
2011-12-09,30.3799991607666
2011-12-12,29.799999237060547
2011-12-13,29.18000030517578
2011-12-14,28.520000457763672
2011-12-15,28.65999984741211
2011-12-16,28.600000381469727
2011-12-19,27.8799991607666
2011-12-20,28.68000030517578
2011-12-21,28.780000686645508
2011-12-22,28.959999084472656
2011-12-23,29.260000228881836
2011-12-27,29.1200008392334
2011-12-28,28.260000228881836
2011-12-29,28.68000030517578
2011-12-30,28.65999984741211
2012-01-03,29.559999465942383
2012-01-04,29.799999237060547
2012-01-05,29.639999389648438
2012-01-06,29.81999969482422
2012-01-09,29.920000076293945
2012-01-10,30.299999237060547
2012-01-11,30.6200008392334
2012-01-12,31.0
2012-01-13,30.780000686645508
2012-01-17,31.1200008392334
2012-01-18,31.760000228881836
2012-01-19,32.0
2012-01-20,32.2599983215332
2012-01-23,32.68000030517578
2012-01-24,32.47999954223633
2012-01-25,32.959999084472656
2012-01-26,32.7599983215332
2012-01-27,33.34000015258789
2012-01-30,32.91999816894531
2012-01-31,33.2599983215332
2012-02-01,33.86000061035156
2012-02-02,34.20000076293945
2012-02-03,34.86000061035156
2012-02-06,34.5
2012-02-07,34.540000915527344
2012-02-08,34.79999923706055
2012-02-09,34.220001220703125
2012-02-10,33.220001220703125
2012-02-13,33.7400016784668
2012-02-14,33.18000030517578
2012-02-15,33.08000183105469
2012-02-16,33.400001525878906
2012-02-17,33.7400016784668
2012-02-21,34.0
2012-02-22,33.939998626708984
2012-02-23,33.900001525878906
2012-02-24,34.099998474121094
2012-02-27,34.02000045776367
2012-02-28,33.939998626708984
2012-02-29,33.439998626708984
2012-03-01,33.58000183105469
2012-03-02,33.279998779296875
2012-03-05,32.65999984741211
2012-03-06,31.579999923706055
2012-03-07,31.940000534057617
2012-03-08,32.58000183105469
2012-03-09,32.599998474121094
2012-03-12,32.439998626708984
2012-03-13,33.0
2012-03-14,32.84000015258789
2012-03-15,33.060001373291016
2012-03-16,33.41999816894531
2012-03-19,33.81999969482422
2012-03-20,33.5
2012-03-21,33.540000915527344
2012-03-22,32.91999816894531
2012-03-23,33.2400016784668
2012-03-26,33.7400016784668
2012-03-27,33.84000015258789
2012-03-28,33.34000015258789
2012-03-29,33.220001220703125
2012-03-30,33.459999084472656
2012-04-02,33.84000015258789
2012-04-03,33.2599983215332
2012-04-04,32.65999984741211
2012-04-05,32.5
2012-04-09,32.099998474121094
2012-04-10,31.440000534057617
2012-04-11,31.6200008392334
2012-04-12,32.20000076293945
2012-04-13,31.579999923706055
2012-04-16,31.440000534057617
2012-04-17,31.799999237060547
2012-04-18,31.559999465942383
2012-04-19,31.399999618530273
2012-04-20,31.479999542236328
2012-04-23,30.959999084472656
2012-04-24,30.760000228881836
2012-04-25,31.479999542236328
2012-04-26,31.700000762939453
2012-04-27,32.119998931884766
2012-04-30,31.81999969482422
2012-05-01,31.700000762939453
2012-05-02,31.600000381469727
2012-05-03,31.239999771118164
2012-05-04,30.700000762939453
2012-05-07,30.299999237060547
2012-05-08,29.579999923706055
2012-05-09,29.360000610351562
2012-05-10,29.579999923706055
2012-05-11,29.440000534057617
2012-05-14,28.520000457763672
2012-05-15,28.139999389648438
2012-05-16,27.520000457763672
2012-05-17,26.899999618530273
2012-05-18,26.65999984741211
2012-05-21,27.31999969482422
2012-05-22,27.200000762939453
2012-05-23,27.280000686645508
2012-05-24,27.65999984741211
2012-05-25,27.420000076293945
2012-05-29,28.18000030517578
2012-05-30,27.479999542236328
2012-05-31,27.3799991607666
2012-06-01,26.18000030517578
2012-06-04,26.360000610351562
2012-06-05,26.68000030517578
2012-06-06,27.520000457763672
2012-06-07,27.68000030517578
2012-06-08,27.860000610351562
2012-06-11,27.6200008392334
2012-06-12,28.420000076293945
2012-06-13,27.860000610351562
2012-06-14,27.65999984741211
2012-06-15,28.020000457763672
2012-06-18,28.6200008392334
2012-06-19,29.3799991607666
2012-06-20,30.079999923706055
2012-06-21,29.020000457763672
2012-06-22,29.579999923706055
2012-06-25,28.739999771118164
2012-06-26,28.739999771118164
2012-06-27,29.219999313354492
2012-06-28,29.1200008392334
2012-06-29,29.780000686645508
2012-07-02,29.959999084472656
2012-07-03,30.260000228881836
2012-07-05,30.65999984741211
2012-07-06,30.079999923706055
2012-07-09,29.84000015258789
2012-07-10,29.260000228881836
2012-07-11,28.8799991607666
2012-07-12,28.440000534057617
2012-07-13,28.700000762939453
2012-07-16,28.260000228881836
2012-07-17,28.440000534057617
2012-07-18,28.360000610351562
2012-07-19,28.479999542236328
2012-07-20,28.219999313354492
2012-07-23,27.5
2012-07-24,27.219999313354492
2012-07-25,27.31999969482422
2012-07-26,27.3799991607666
2012-07-27,27.920000076293945
2012-07-30,27.68000030517578
2012-07-31,27.540000915527344
2012-08-01,27.440000534057617
2012-08-02,27.219999313354492
2012-08-03,27.639999389648438
2012-08-06,27.84000015258789
2012-08-07,27.959999084472656
2012-08-08,28.040000915527344
2012-08-09,28.459999084472656
2012-08-10,28.540000915527344
2012-08-13,28.520000457763672
2012-08-14,28.280000686645508
2012-08-15,28.520000457763672
2012-08-16,28.84000015258789
2012-08-17,28.81999969482422
2012-08-20,28.639999389648438
2012-08-21,28.700000762939453
2012-08-22,28.959999084472656
2012-08-23,29.65999984741211
2012-08-24,29.739999771118164
2012-08-27,29.5
2012-08-28,29.200000762939453
2012-08-29,29.200000762939453
2012-08-30,28.8799991607666
2012-08-31,29.1200008392334
2012-09-04,28.84000015258789
2012-09-05,28.799999237060547
2012-09-06,29.440000534057617
2012-09-07,29.959999084472656
2012-09-10,30.100000381469727
2012-09-11,30.31999969482422
2012-09-12,30.5
2012-09-13,31.020000457763672
2012-09-14,31.5
2012-09-17,31.81999969482422
2012-09-18,31.65999984741211
2012-09-19,31.979999542236328
2012-09-20,32.040000915527344
2012-09-21,32.2599983215332
2012-09-24,31.84000015258789
2012-09-25,30.940000534057617
2012-09-26,30.760000228881836
2012-09-27,31.18000030517578
2012-09-28,30.899999618530273
2012-10-01,31.200000762939453
2012-10-02,30.979999542236328
2012-10-03,30.81999969482422
2012-10-04,30.899999618530273
2012-10-05,31.020000457763672
2012-10-08,30.760000228881836
2012-10-09,30.420000076293945
2012-10-10,30.15999984741211
2012-10-11,30.34000015258789
2012-10-12,30.059999465942383
2012-10-15,30.31999969482422
2012-10-16,30.059999465942383
2012-10-17,30.280000686645508
2012-10-18,30.280000686645508
2012-10-19,30.020000457763672
2012-10-22,29.719999313354492
2012-10-23,29.079999923706055
2012-10-24,28.860000610351562
2012-10-25,29.0
2012-10-26,28.84000015258789
2012-10-31,28.600000381469727
2012-11-01,28.940000534057617
2012-11-02,28.920000076293945
2012-11-05,29.139999389648438
2012-11-06,29.440000534057617
2012-11-07,29.1200008392334
2012-11-08,28.579999923706055
2012-11-09,28.5
2012-11-12,28.3799991607666
2012-11-13,28.360000610351562
2012-11-14,27.65999984741211
2012-11-15,27.479999542236328
2012-11-16,27.65999984741211
2012-11-19,28.459999084472656
2012-11-20,28.3799991607666
2012-11-21,28.260000228881836
2012-11-23,28.68000030517578
2012-11-26,28.639999389648438
2012-11-27,28.280000686645508
2012-11-28,28.200000762939453
2012-11-29,28.479999542236328
2012-11-30,28.719999313354492
2012-12-03,28.15999984741211
2012-12-04,27.920000076293945
2012-12-05,27.940000534057617
2012-12-06,27.8799991607666
2012-12-07,27.8799991607666
2012-12-10,28.079999923706055
2012-12-11,28.479999542236328
2012-12-12,28.84000015258789
2012-12-13,28.739999771118164
2012-12-14,29.0
2012-12-17,29.200000762939453
2012-12-18,29.18000030517578
2012-12-19,29.18000030517578
2012-12-20,29.260000228881836
2012-12-21,29.079999923706055
2012-12-24,28.899999618530273
2012-12-26,28.760000228881836
2012-12-27,28.200000762939453
2012-12-28,28.18000030517578
2012-12-31,28.719999313354492
2013-01-02,29.600000381469727
2013-01-03,29.5
2013-01-04,29.540000915527344
2013-01-07,29.6200008392334
2013-01-08,29.399999618530273
2013-01-09,29.520000457763672
2013-01-10,29.81999969482422
2013-01-11,29.719999313354492
2013-01-14,29.719999313354492
2013-01-15,29.600000381469727
2013-01-16,29.479999542236328
2013-01-17,29.6200008392334
2013-01-18,29.860000610351562
2013-01-22,29.959999084472656
2013-01-23,30.0
2013-01-24,29.65999984741211
2013-01-25,29.700000762939453
2013-01-28,29.559999465942383
2013-01-29,29.760000228881836
2013-01-30,29.5
2013-01-31,29.5
2013-02-01,29.68000030517578
2013-02-04,29.459999084472656
2013-02-05,29.68000030517578
2013-02-06,29.520000457763672
2013-02-07,29.100000381469727
2013-02-08,29.239999771118164
2013-02-11,29.079999923706055
2013-02-12,28.84000015258789
2013-02-13,29.020000457763672
2013-02-14,28.940000534057617
2013-02-15,28.8799991607666
2013-02-19,29.1200008392334
2013-02-20,28.440000534057617
2013-02-21,28.100000381469727
2013-02-22,28.6200008392334
2013-02-25,28.059999465942383
2013-02-26,28.399999618530273
2013-02-27,28.8799991607666
2013-02-28,29.020000457763672
2013-03-01,28.81999969482422
2013-03-04,28.719999313354492
2013-03-05,28.65999984741211
2013-03-06,28.579999923706055
2013-03-07,28.899999618530273
2013-03-08,29.139999389648438
2013-03-11,28.979999542236328
2013-03-12,28.899999618530273
2013-03-13,28.979999542236328
2013-03-14,29.0
2013-03-15,28.81999969482422
2013-03-18,28.34000015258789
2013-03-19,27.8799991607666
2013-03-20,28.079999923706055
2013-03-21,27.799999237060547
2013-03-22,27.799999237060547
2013-03-25,27.5
2013-03-26,27.639999389648438
2013-03-27,27.479999542236328
2013-03-28,27.34000015258789
2013-04-01,26.979999542236328
2013-04-02,26.719999313354492
2013-04-03,26.239999771118164
2013-04-04,25.579999923706055
2013-04-05,25.440000534057617
2013-04-08,25.739999771118164
2013-04-09,26.100000381469727
2013-04-10,26.239999771118164
2013-04-11,26.139999389648438
2013-04-12,25.899999618530273
2013-04-15,24.920000076293945
2013-04-16,25.239999771118164
2013-04-17,24.600000381469727
2013-04-18,24.700000762939453
2013-04-19,25.200000762939453
2013-04-22,25.1200008392334
2013-04-23,25.239999771118164
2013-04-24,25.399999618530273
2013-04-25,25.5
2013-04-26,25.200000762939453
2013-04-29,25.34000015258789
2013-04-30,25.579999923706055
2013-05-01,24.739999771118164
2013-05-02,25.059999465942383
2013-05-03,25.479999542236328
2013-05-06,25.479999542236328
2013-05-07,25.440000534057617
2013-05-08,25.700000762939453
2013-05-09,25.899999618530273
2013-05-10,25.959999084472656
2013-05-13,25.760000228881836
2013-05-14,25.84000015258789
2013-05-15,26.020000457763672
2013-05-16,25.399999618530273
2013-05-17,25.799999237060547
2013-05-20,25.899999618530273
2013-05-21,26.219999313354492
2013-05-22,25.760000228881836
2013-05-23,25.559999465942383
2013-05-24,25.040000915527344
2013-05-28,25.31999969482422
2013-05-29,25.219999313354492
2013-05-30,25.399999618530273
2013-05-31,25.139999389648438
2013-06-03,24.940000534057617
2013-06-04,24.860000610351562
2013-06-05,24.299999237060547
2013-06-06,24.420000076293945
2013-06-07,24.579999923706055
2013-06-10,24.479999542236328
2013-06-11,24.100000381469727
2013-06-12,23.84000015258789
2013-06-13,24.299999237060547
2013-06-14,24.040000915527344
2013-06-17,24.200000762939453
2013-06-18,24.219999313354492
2013-06-19,23.81999969482422
2013-06-20,23.18000030517578
2013-06-21,22.780000686645508
2013-06-24,22.31999969482422
2013-06-25,22.15999984741211
2013-06-26,22.700000762939453
2013-06-27,22.65999984741211
2013-06-28,22.68000030517578
2013-07-01,23.0
2013-07-02,22.799999237060547
2013-07-03,22.899999618530273
2013-07-05,22.899999618530273
2013-07-08,22.979999542236328
2013-07-09,23.200000762939453
2013-07-10,23.459999084472656
2013-07-11,23.700000762939453
2013-07-12,23.6200008392334
2013-07-15,23.959999084472656
2013-07-16,23.739999771118164
2013-07-17,23.860000610351562
2013-07-18,24.1200008392334
2013-07-19,24.280000686645508
2013-07-22,24.34000015258789
2013-07-23,24.440000534057617
2013-07-24,24.420000076293945
2013-07-25,24.459999084472656
2013-07-26,24.31999969482422
2013-07-29,23.799999237060547
2013-07-30,23.200000762939453
2013-07-31,23.100000381469727
2013-08-01,23.65999984741211
2013-08-02,23.579999923706055
2013-08-05,23.68000030517578
2013-08-06,23.899999618530273
2013-08-07,23.280000686645508
2013-08-08,23.920000076293945
2013-08-09,23.959999084472656
2013-08-12,23.579999923706055
2013-08-13,23.68000030517578
2013-08-14,23.700000762939453
2013-08-15,23.280000686645508
2013-08-16,23.31999969482422
2013-08-19,23.219999313354492
2013-08-20,23.260000228881836
2013-08-21,22.739999771118164
2013-08-22,23.200000762939453
2013-08-23,23.139999389648438
2013-08-26,22.780000686645508
2013-08-27,22.5
2013-08-28,23.0
2013-08-29,23.200000762939453
2013-08-30,22.860000610351562
2013-09-03,23.3799991607666
2013-09-04,23.739999771118164
2013-09-05,23.899999618530273
2013-09-06,24.600000381469727
2013-09-09,25.079999923706055
2013-09-10,25.15999984741211
2013-09-11,25.5
2013-09-12,25.520000457763672
2013-09-13,25.440000534057617
2013-09-16,25.799999237060547
2013-09-17,25.81999969482422
2013-09-18,26.739999771118164
2013-09-19,26.420000076293945
2013-09-20,25.84000015258789
2013-09-23,26.6200008392334
2013-09-24,27.0
2013-09-25,26.719999313354492
2013-09-26,27.0
2013-09-27,26.719999313354492
2013-09-30,26.739999771118164
2013-10-01,26.920000076293945
2013-10-02,27.040000915527344
2013-10-03,26.780000686645508
2013-10-04,26.940000534057617
2013-10-07,26.520000457763672
2013-10-08,26.540000915527344
2013-10-09,26.100000381469727
2013-10-10,26.719999313354492
2013-10-11,26.920000076293945
2013-10-14,26.81999969482422
2013-10-15,26.739999771118164
2013-10-16,26.68000030517578
2013-10-17,27.020000457763672
2013-10-18,27.260000228881836
2013-10-21,27.059999465942383
2013-10-22,27.239999771118164
2013-10-23,26.84000015258789
2013-10-24,26.860000610351562
2013-10-25,26.600000381469727
2013-10-28,26.579999923706055
2013-10-29,26.260000228881836
2013-10-30,26.280000686645508
2013-10-31,25.959999084472656
2013-11-01,25.899999618530273
2013-11-04,25.479999542236328
2013-11-05,25.100000381469727
2013-11-06,25.940000534057617
2013-11-07,25.459999084472656
2013-11-08,25.479999542236328
2013-11-11,25.34000015258789
2013-11-12,25.360000610351562
2013-11-13,25.34000015258789
2013-11-14,25.18000030517578
2013-11-15,25.920000076293945
2013-11-18,25.81999969482422
2013-11-19,25.68000030517578
2013-11-20,25.079999923706055
2013-11-21,25.059999465942383
2013-11-22,25.059999465942383
2013-11-25,24.979999542236328
2013-11-26,25.299999237060547
2013-11-27,25.299999237060547
2013-11-29,25.420000076293945
2013-12-02,25.440000534057617
2013-12-03,25.18000030517578
2013-12-04,25.399999618530273
2013-12-05,25.280000686645508
2013-12-06,25.760000228881836
2013-12-09,25.8799991607666
2013-12-10,25.780000686645508
2013-12-11,25.479999542236328
2013-12-12,25.18000030517578
2013-12-13,25.15999984741211
2013-12-16,25.299999237060547
2013-12-17,25.399999618530273
2013-12-18,25.459999084472656
2013-12-19,25.34000015258789
2013-12-20,25.360000610351562
2013-12-23,25.6200008392334
2013-12-24,25.639999389648438
2013-12-26,25.81999969482422
2013-12-27,25.8799991607666
2013-12-30,25.81999969482422
2013-12-31,26.020000457763672
2014-01-02,25.639999389648438
2014-01-03,25.68000030517578
2014-01-06,25.65999984741211
2014-01-07,25.780000686645508
2014-01-08,25.81999969482422
2014-01-09,25.600000381469727
2014-01-10,26.059999465942383
2014-01-13,25.739999771118164
2014-01-14,26.0
2014-01-15,26.600000381469727
2014-01-16,26.579999923706055
2014-01-17,26.360000610351562
2014-01-21,26.260000228881836
2014-01-22,26.260000228881836
2014-01-23,25.8799991607666
2014-01-24,25.280000686645508
2014-01-27,25.079999923706055
2014-01-28,25.200000762939453
2014-01-29,25.1200008392334
2014-01-30,25.040000915527344
2014-01-31,24.739999771118164
2014-02-03,24.059999465942383
2014-02-04,24.200000762939453
2014-02-05,24.6200008392334
2014-02-06,24.899999618530273
2014-02-07,24.799999237060547
2014-02-10,25.0
2014-02-11,25.5
2014-02-12,25.280000686645508
2014-02-13,25.520000457763672
2014-02-14,25.6200008392334
2014-02-18,25.540000915527344
2014-02-19,25.260000228881836
2014-02-20,25.700000762939453
2014-02-21,25.559999465942383
2014-02-24,25.65999984741211
2014-02-25,26.020000457763672
2014-02-26,26.81999969482422
2014-02-27,28.0
2014-02-28,27.860000610351562
2014-03-03,28.5
2014-03-04,28.760000228881836
2014-03-05,28.5
2014-03-06,28.440000534057617
2014-03-07,28.31999969482422
2014-03-10,28.700000762939453
2014-03-11,28.420000076293945
2014-03-12,27.959999084472656
2014-03-13,27.5
2014-03-14,27.280000686645508
2014-03-17,27.8799991607666
2014-03-18,27.81999969482422
2014-03-19,27.520000457763672
2014-03-20,27.1200008392334
2014-03-21,27.559999465942383
2014-03-24,27.0
2014-03-25,26.979999542236328
2014-03-26,26.860000610351562
2014-03-27,26.700000762939453
2014-03-28,26.959999084472656
2014-03-31,27.31999969482422
2014-04-01,27.5
2014-04-02,27.559999465942383
2014-04-03,27.579999923706055
2014-04-04,27.059999465942383
2014-04-07,26.760000228881836
2014-04-08,26.799999237060547
2014-04-09,27.219999313354492
2014-04-10,26.760000228881836
2014-04-11,26.3799991607666
2014-04-14,26.3799991607666
2014-04-15,26.299999237060547
2014-04-16,26.959999084472656
2014-04-17,26.860000610351562
2014-04-21,26.920000076293945
2014-04-22,27.020000457763672
2014-04-23,26.8799991607666
2014-04-24,26.540000915527344
2014-04-25,26.420000076293945
2014-04-28,25.959999084472656
2014-04-29,26.31999969482422
2014-04-30,26.18000030517578
2014-05-01,26.3799991607666
2014-05-02,26.239999771118164
2014-05-05,26.239999771118164
2014-05-06,26.139999389648438
2014-05-07,26.079999923706055
2014-05-08,25.65999984741211
2014-05-09,25.65999984741211
2014-05-12,25.899999618530273
2014-05-13,26.0
2014-05-14,25.860000610351562
2014-05-15,25.639999389648438
2014-05-16,25.760000228881836
2014-05-19,26.0
2014-05-20,25.920000076293945
2014-05-21,26.100000381469727
2014-05-22,26.440000534057617
2014-05-23,26.440000534057617
2014-05-27,26.459999084472656
2014-05-28,26.739999771118164
2014-05-29,26.719999313354492
2014-05-30,26.65999984741211
2014-06-02,26.700000762939453
2014-06-03,26.719999313354492
2014-06-04,26.799999237060547
2014-06-05,27.040000915527344
2014-06-06,27.200000762939453
2014-06-09,27.3799991607666
2014-06-10,27.440000534057617
2014-06-11,27.299999237060547
2014-06-12,27.280000686645508
2014-06-13,27.420000076293945
2014-06-16,27.459999084472656
2014-06-17,27.479999542236328
2014-06-18,27.440000534057617
2014-06-19,27.579999923706055
2014-06-20,27.540000915527344
2014-06-23,27.059999465942383
2014-06-24,27.040000915527344
2014-06-25,27.260000228881836
2014-06-26,27.200000762939453
2014-06-27,27.3799991607666
2014-06-30,27.200000762939453
2014-07-01,27.6200008392334
2014-07-02,27.799999237060547
2014-07-03,28.1200008392334
2014-07-07,27.6200008392334
2014-07-08,27.479999542236328
2014-07-09,27.5
2014-07-10,27.3799991607666
2014-07-11,27.18000030517578
2014-07-14,27.479999542236328
2014-07-15,28.139999389648438
2014-07-16,28.139999389648438
2014-07-17,27.899999618530273
2014-07-18,28.020000457763672
2014-07-21,27.65999984741211
2014-07-22,28.0
2014-07-23,27.8799991607666
2014-07-24,27.899999618530273
2014-07-25,27.899999618530273
2014-07-28,27.8799991607666
2014-07-29,27.799999237060547
2014-07-30,27.6200008392334
2014-07-31,27.0
2014-08-01,27.100000381469727
2014-08-04,27.18000030517578
2014-08-05,26.979999542236328
2014-08-06,26.8799991607666
2014-08-07,26.68000030517578
2014-08-08,26.719999313354492
2014-08-11,26.81999969482422
2014-08-12,26.81999969482422
2014-08-13,26.899999618530273
2014-08-14,26.780000686645508
2014-08-15,26.799999237060547
2014-08-18,27.0
2014-08-19,27.020000457763672
2014-08-20,27.0
2014-08-21,27.079999923706055
2014-08-22,26.81999969482422
2014-08-25,27.059999465942383
2014-08-26,27.040000915527344
2014-08-27,27.219999313354492
2014-08-28,27.280000686645508
2014-08-29,27.440000534057617
2014-09-02,27.399999618530273
2014-09-03,27.360000610351562
2014-09-04,27.420000076293945
2014-09-05,27.559999465942383
2014-09-08,27.5
2014-09-09,27.260000228881836
2014-09-10,27.200000762939453
2014-09-11,27.15999984741211
2014-09-12,26.979999542236328
2014-09-15,26.8799991607666
2014-09-16,26.979999542236328
2014-09-17,26.780000686645508
2014-09-18,26.520000457763672
2014-09-19,26.559999465942383
2014-09-22,26.059999465942383
2014-09-23,25.799999237060547
2014-09-24,25.84000015258789
2014-09-25,25.540000915527344
2014-09-26,25.600000381469727
2014-09-29,25.020000457763672
2014-09-30,24.8799991607666
2014-10-01,24.700000762939453
2014-10-02,24.600000381469727
2014-10-03,24.540000915527344
2014-10-06,24.700000762939453
2014-10-07,24.5
2014-10-08,24.479999542236328
2014-10-09,23.760000228881836
2014-10-10,23.3799991607666
2014-10-13,23.0
2014-10-14,23.18000030517578
2014-10-15,23.1200008392334
2014-10-16,23.18000030517578
2014-10-17,23.1200008392334
2014-10-20,23.600000381469727
2014-10-21,23.719999313354492
2014-10-22,23.65999984741211
2014-10-23,23.799999237060547
2014-10-24,23.780000686645508
2014-10-27,23.420000076293945
2014-10-28,23.959999084472656
2014-10-29,23.979999542236328
2014-10-30,23.920000076293945
2014-10-31,24.1200008392334
2014-11-03,23.739999771118164
2014-11-04,23.579999923706055
2014-11-05,23.780000686645508
2014-11-06,23.8799991607666
2014-11-07,23.899999618530273
2014-11-10,23.979999542236328
2014-11-11,24.139999389648438
2014-11-12,24.1200008392334
2014-11-13,24.1200008392334
2014-11-14,24.3799991607666
2014-11-17,24.15999984741211
2014-11-18,24.219999313354492
2014-11-19,24.139999389648438
2014-11-20,24.280000686645508
2014-11-21,24.440000534057617
2014-11-24,24.399999618530273
2014-11-25,24.34000015258789
2014-11-26,24.31999969482422
2014-11-28,23.899999618530273
2014-12-01,23.420000076293945
2014-12-02,23.459999084472656
2014-12-03,23.479999542236328
2014-12-04,23.3799991607666
2014-12-05,23.600000381469727
2014-12-08,23.239999771118164
2014-12-09,23.059999465942383
2014-12-10,22.520000457763672
2014-12-11,22.719999313354492
2014-12-12,22.440000534057617
2014-12-15,22.360000610351562
2014-12-16,22.219999313354492
2014-12-17,22.459999084472656
2014-12-18,22.440000534057617
2014-12-19,22.479999542236328
2014-12-22,22.600000381469727
2014-12-23,22.6200008392334
2014-12-24,22.68000030517578
2014-12-26,22.899999618530273
2014-12-29,22.540000915527344
2014-12-30,22.479999542236328
2014-12-31,22.260000228881836
2015-01-02,22.5
2015-01-05,22.020000457763672
2015-01-06,22.020000457763672
2015-01-07,22.020000457763672
2015-01-08,22.280000686645508
2015-01-09,22.260000228881836
2015-01-12,22.3799991607666
2015-01-13,22.399999618530273
2015-01-14,22.100000381469727
2015-01-15,21.940000534057617
2015-01-16,21.920000076293945
2015-01-20,21.959999084472656
2015-01-21,22.31999969482422
2015-01-22,22.559999465942383
2015-01-23,22.420000076293945
2015-01-26,22.600000381469727
2015-01-27,22.6200008392334
2015-01-28,22.299999237060547
2015-01-29,21.940000534057617
2015-01-30,21.899999618530273
2015-02-02,22.18000030517578
2015-02-03,22.600000381469727
2015-02-04,22.280000686645508
2015-02-05,22.639999389648438
2015-02-06,22.700000762939453
2015-02-09,22.719999313354492
2015-02-10,22.739999771118164
2015-02-11,22.799999237060547
2015-02-12,22.920000076293945
2015-02-13,23.280000686645508
2015-02-17,23.520000457763672
2015-02-18,23.559999465942383
2015-02-19,23.5
2015-02-20,23.68000030517578
2015-02-23,23.520000457763672
2015-02-24,23.799999237060547
2015-02-25,23.899999618530273
2015-02-26,23.81999969482422
2015-02-27,23.81999969482422
2015-03-02,24.020000457763672
2015-03-03,23.920000076293945
2015-03-04,23.899999618530273
2015-03-05,23.8799991607666
2015-03-06,23.719999313354492
2015-03-09,23.600000381469727
2015-03-10,23.100000381469727
2015-03-11,23.040000915527344
2015-03-12,23.239999771118164
2015-03-13,23.0
2015-03-16,22.920000076293945
2015-03-17,23.0
2015-03-18,22.780000686645508
2015-03-19,22.579999923706055
2015-03-20,23.079999923706055
2015-03-23,23.139999389648438
2015-03-24,23.0
2015-03-25,22.600000381469727
2015-03-26,22.399999618530273
2015-03-27,22.360000610351562
2015-03-30,22.68000030517578
2015-03-31,22.559999465942383
2015-04-01,22.65999984741211
2015-04-02,22.959999084472656
2015-04-06,23.139999389648438
2015-04-07,23.280000686645508
2015-04-08,23.65999984741211
2015-04-09,23.920000076293945
2015-04-10,23.84000015258789
2015-04-13,24.0
2015-04-14,24.0
2015-04-15,24.299999237060547
2015-04-16,24.34000015258789
2015-04-17,23.799999237060547
2015-04-20,24.0
2015-04-21,23.979999542236328
2015-04-22,24.280000686645508
2015-04-23,24.6200008392334
2015-04-24,24.6200008392334
2015-04-27,24.84000015258789
2015-04-28,25.15999984741211
2015-04-29,25.1200008392334
2015-04-30,25.079999923706055
2015-05-01,25.579999923706055
2015-05-04,25.6200008392334
2015-05-05,25.479999542236328
2015-05-06,25.200000762939453
2015-05-07,25.260000228881836
2015-05-08,25.479999542236328
2015-05-11,25.360000610351562
2015-05-12,25.399999618530273
2015-05-13,25.540000915527344
2015-05-14,25.520000457763672
2015-05-15,25.540000915527344
2015-05-18,25.520000457763672
2015-05-19,25.3799991607666
2015-05-20,25.579999923706055
2015-05-21,25.540000915527344
2015-05-22,25.440000534057617
2015-05-26,25.399999618530273
2015-05-27,25.420000076293945
2015-05-28,25.31999969482422
2015-05-29,25.0
2015-06-01,24.940000534057617
2015-06-02,24.65999984741211
2015-06-03,24.920000076293945
2015-06-04,24.780000686645508
2015-06-05,24.3799991607666
2015-06-08,24.200000762939453
2015-06-09,24.020000457763672
2015-06-10,24.260000228881836
2015-06-11,24.360000610351562
2015-06-12,24.219999313354492
2015-06-15,24.020000457763672
2015-06-16,23.860000610351562
2015-06-17,24.0
2015-06-18,23.940000534057617
2015-06-19,23.719999313354492
2015-06-22,23.979999542236328
2015-06-23,24.200000762939453
2015-06-24,24.1200008392334
2015-06-25,24.260000228881836
2015-06-26,24.1200008392334
2015-06-29,23.040000915527344
2015-06-30,23.040000915527344
2015-07-01,23.020000457763672
2015-07-02,22.940000534057617
2015-07-06,22.040000915527344
2015-07-07,21.5
2015-07-08,20.739999771118164
2015-07-09,20.899999618530273
2015-07-10,21.639999389648438
2015-07-13,21.940000534057617
2015-07-14,22.040000915527344
2015-07-15,21.6200008392334
2015-07-16,21.579999923706055
2015-07-17,21.479999542236328
2015-07-20,21.3799991607666
2015-07-21,21.31999969482422
2015-07-22,21.079999923706055
2015-07-23,20.8799991607666
2015-07-24,20.440000534057617
2015-07-27,20.15999984741211
2015-07-28,20.420000076293945
2015-07-29,20.600000381469727
2015-07-30,20.559999465942383
2015-07-31,20.6200008392334
2015-08-03,20.280000686645508
2015-08-04,20.219999313354492
2015-08-05,20.5
2015-08-06,20.200000762939453
2015-08-07,20.040000915527344
2015-08-10,20.479999542236328
2015-08-11,20.079999923706055
2015-08-12,19.780000686645508
2015-08-13,19.739999771118164
2015-08-14,19.700000762939453
2015-08-17,20.260000228881836
2015-08-18,19.940000534057617
2015-08-19,19.639999389648438
2015-08-20,19.239999771118164
2015-08-21,18.600000381469727
2015-08-24,18.059999465942383
2015-08-25,17.579999923706055
2015-08-26,17.899999618530273
2015-08-27,18.65999984741211
2015-08-28,18.860000610351562
2015-08-31,18.799999237060547
2015-09-01,18.059999465942383
2015-09-02,18.18000030517578
2015-09-03,18.479999542236328
2015-09-04,18.059999465942383
2015-09-08,18.579999923706055
2015-09-09,18.739999771118164
2015-09-10,18.6200008392334
2015-09-11,18.65999984741211
2015-09-14,18.440000534057617
2015-09-15,18.760000228881836
2015-09-16,19.15999984741211
2015-09-17,19.040000915527344
2015-09-18,18.780000686645508
2015-09-21,18.920000076293945
2015-09-22,18.559999465942383
2015-09-23,18.780000686645508
2015-09-24,18.6200008392334
2015-09-25,18.559999465942383
2015-09-28,17.979999542236328
2015-09-29,17.84000015258789
2015-09-30,18.579999923706055
2015-10-01,18.780000686645508
2015-10-02,18.8799991607666
2015-10-05,19.360000610351562
2015-10-06,19.6200008392334
2015-10-07,19.8799991607666
2015-10-08,20.219999313354492
2015-10-09,20.299999237060547
2015-10-12,20.239999771118164
2015-10-13,20.0
2015-10-14,20.059999465942383
2015-10-15,20.34000015258789
2015-10-16,20.420000076293945
2015-10-19,20.520000457763672
2015-10-20,20.65999984741211
2015-10-21,20.440000534057617
2015-10-22,20.68000030517578
2015-10-23,20.600000381469727
2015-10-26,20.719999313354492
2015-10-27,20.360000610351562
2015-10-28,20.739999771118164
2015-10-29,20.8799991607666
2015-10-30,20.719999313354492
2015-11-02,20.979999542236328
2015-11-03,20.899999618530273
2015-11-04,21.079999923706055
2015-11-05,21.0
2015-11-06,20.81999969482422
2015-11-09,20.399999618530273
2015-11-10,20.15999984741211
2015-11-11,20.100000381469727
2015-11-12,20.040000915527344
2015-11-13,20.18000030517578
2015-11-16,20.420000076293945
2015-11-17,20.459999084472656
2015-11-18,20.200000762939453
2015-11-19,20.6200008392334
2015-11-20,20.579999923706055
2015-11-23,20.6200008392334
2015-11-24,20.489999771118164
2015-11-25,20.510000228881836
2015-11-27,20.270000457763672
2015-11-30,20.270000457763672
2015-12-01,20.280000686645508
2015-12-02,19.969999313354492
2015-12-03,20.06999969482422
2015-12-04,20.280000686645508
2015-12-07,19.809999465942383
2015-12-08,19.309999465942383
2015-12-09,19.489999771118164
2015-12-10,19.170000076293945
2015-12-11,18.81999969482422
2015-12-14,18.700000762939453
2015-12-15,19.06999969482422
2015-12-16,19.729999542236328
2015-12-17,19.600000381469727
2015-12-18,19.530000686645508
2015-12-21,19.549999237060547
2015-12-22,19.950000762939453
2015-12-23,20.290000915527344
2015-12-24,20.200000762939453
2015-12-28,20.200000762939453
2015-12-29,20.450000762939453
2015-12-30,20.43000030517578
2015-12-31,20.09000015258789
2016-01-04,19.8700008392334
2016-01-05,19.81999969482422
2016-01-06,19.25
2016-01-07,18.559999465942383
2016-01-08,18.440000534057617
2016-01-11,18.260000228881836
2016-01-12,18.3799991607666
2016-01-13,18.030000686645508
2016-01-14,18.25
2016-01-15,18.010000228881836
2016-01-19,18.079999923706055
2016-01-20,17.559999465942383
2016-01-21,17.719999313354492
2016-01-22,18.209999084472656
2016-01-25,17.850000381469727
2016-01-26,17.829999923706055
2016-01-27,17.68000030517578
2016-01-28,17.65999984741211
2016-01-29,18.049999237060547
2016-02-01,18.049999237060547
2016-02-02,17.65999984741211
2016-02-03,17.989999771118164
2016-02-04,18.360000610351562
2016-02-05,18.040000915527344
2016-02-08,17.489999771118164
2016-02-09,17.450000762939453
2016-02-10,17.5
2016-02-11,17.25
2016-02-12,17.350000381469727
2016-02-16,17.84000015258789
2016-02-17,18.459999084472656
2016-02-18,18.260000228881836
2016-02-19,18.1299991607666
2016-02-22,18.790000915527344
2016-02-23,18.450000762939453
2016-02-24,18.420000076293945
2016-02-25,18.559999465942383
2016-02-26,18.739999771118164
2016-02-29,18.8799991607666
2016-03-01,19.43000030517578
2016-03-02,19.610000610351562
2016-03-03,19.790000915527344
2016-03-04,20.25
2016-03-07,20.610000610351562
2016-03-08,20.020000457763672
2016-03-09,20.09000015258789
2016-03-10,19.989999771118164
2016-03-11,20.729999542236328
2016-03-14,20.829999923706055
2016-03-15,20.420000076293945
2016-03-16,20.850000381469727
2016-03-17,21.40999984741211
2016-03-18,21.450000762939453
2016-03-21,21.729999542236328
2016-03-22,21.799999237060547
2016-03-23,21.3700008392334
2016-03-24,21.059999465942383
2016-03-28,21.100000381469727
2016-03-29,21.479999542236328
2016-03-30,21.770000457763672
2016-03-31,21.479999542236328
2016-04-01,21.420000076293945
2016-04-04,21.440000534057617
2016-04-05,20.950000762939453
2016-04-06,21.020000457763672
2016-04-07,20.90999984741211
2016-04-08,21.260000228881836
2016-04-11,21.68000030517578
2016-04-12,21.770000457763672
2016-04-13,22.219999313354492
2016-04-14,22.290000915527344
2016-04-15,22.530000686645508
2016-04-18,22.989999771118164
2016-04-19,23.600000381469727
2016-04-20,23.6299991607666
2016-04-21,23.43000030517578
2016-04-22,23.350000381469727
2016-04-25,23.010000228881836
2016-04-26,23.020000457763672
2016-04-27,23.020000457763672
2016-04-28,22.81999969482422
2016-04-29,22.729999542236328
2016-05-02,22.809999465942383
2016-05-03,22.8799991607666
2016-05-04,22.5
2016-05-05,22.6299991607666
2016-05-06,22.770000457763672
2016-05-09,22.510000228881836
2016-05-10,23.190000534057617
2016-05-11,23.329999923706055
2016-05-12,23.34000015258789
2016-05-13,23.1299991607666
2016-05-16,23.329999923706055
2016-05-17,23.170000076293945
2016-05-18,22.950000762939453
2016-05-19,23.170000076293945
2016-05-20,23.40999984741211
2016-05-23,23.520000457763672
2016-05-24,23.469999313354492
2016-05-25,23.889999389648438
2016-05-26,23.969999313354492
2016-05-27,24.059999465942383
2016-05-31,24.260000228881836
2016-06-01,24.559999465942383
2016-06-02,24.420000076293945
2016-06-03,24.579999923706055
2016-06-06,25.040000915527344
2016-06-07,25.450000762939453
2016-06-08,25.770000457763672
2016-06-09,25.510000228881836
2016-06-10,24.950000762939453
2016-06-13,24.559999465942383
2016-06-14,24.440000534057617
2016-06-15,24.780000686645508
2016-06-16,24.649999618530273
2016-06-17,24.65999984741211
2016-06-20,25.079999923706055
2016-06-21,25.399999618530273
2016-06-22,25.139999389648438
2016-06-23,25.6200008392334
2016-06-24,23.90999984741211
2016-06-27,23.020000457763672
2016-06-28,24.1299991607666
2016-06-29,24.649999618530273
2016-06-30,24.989999771118164
2016-07-01,25.049999237060547
2016-07-05,24.809999465942383
2016-07-06,24.450000762939453
2016-07-07,24.270000457763672
2016-07-08,24.969999313354492
2016-07-11,25.100000381469727
2016-07-12,25.469999313354492
2016-07-13,25.469999313354492
2016-07-14,25.65999984741211
2016-07-15,25.610000610351562
2016-07-18,25.700000762939453
2016-07-19,25.110000610351562
2016-07-20,25.170000076293945
2016-07-21,24.670000076293945
2016-07-22,24.950000762939453
2016-07-25,24.90999984741211
2016-07-26,24.979999542236328
2016-07-27,24.850000381469727
2016-07-28,24.989999771118164
2016-07-29,24.920000076293945
2016-08-01,24.690000534057617
2016-08-02,24.31999969482422
2016-08-03,24.65999984741211
2016-08-04,24.920000076293945
2016-08-05,25.170000076293945
2016-08-08,25.079999923706055
2016-08-09,25.059999465942383
2016-08-10,25.020000457763672
2016-08-11,25.139999389648438
2016-08-12,24.90999984741211
2016-08-15,24.93000030517578
2016-08-16,24.700000762939453
2016-08-17,24.450000762939453
2016-08-18,24.780000686645508
2016-08-19,24.75
2016-08-22,24.670000076293945
2016-08-23,24.8799991607666
2016-08-24,24.610000610351562
2016-08-25,24.739999771118164
2016-08-26,24.559999465942383
2016-08-29,24.549999237060547
2016-08-30,24.739999771118164
2016-08-31,24.5
2016-09-01,24.690000534057617
2016-09-02,25.010000228881836
2016-09-06,25.389999389648438
2016-09-07,25.479999542236328
2016-09-08,25.360000610351562
2016-09-09,24.399999618530273
2016-09-12,24.540000915527344
2016-09-13,24.040000915527344
2016-09-14,24.1200008392334
2016-09-15,24.520000457763672
2016-09-16,24.530000686645508
2016-09-19,24.459999084472656
2016-09-20,24.260000228881836
2016-09-21,24.739999771118164
2016-09-22,24.6299991607666
2016-09-23,24.299999237060547
2016-09-26,24.200000762939453
2016-09-27,24.389999389648438
2016-09-28,24.700000762939453
2016-09-29,24.520000457763672
2016-09-30,24.68000030517578
2016-10-03,24.59000015258789
2016-10-04,24.43000030517578
2016-10-05,24.690000534057617
2016-10-06,24.440000534057617
2016-10-07,24.260000228881836
2016-10-10,24.43000030517578
2016-10-11,23.969999313354492
2016-10-12,23.889999389648438
2016-10-13,23.489999771118164
2016-10-14,23.639999389648438
2016-10-17,23.6200008392334
2016-10-18,23.989999771118164
2016-10-19,24.350000381469727
2016-10-20,24.350000381469727
2016-10-21,24.31999969482422
2016-10-24,24.3799991607666
2016-10-25,24.309999465942383
2016-10-26,24.020000457763672
2016-10-27,23.829999923706055
2016-10-28,23.889999389648438
2016-10-31,24.079999923706055
2016-11-01,23.829999923706055
2016-11-02,23.43000030517578
2016-11-03,24.030000686645508
2016-11-04,23.920000076293945
2016-11-07,24.34000015258789
2016-11-08,24.280000686645508
2016-11-09,23.799999237060547
2016-11-10,23.610000610351562
2016-11-11,23.43000030517578
2016-11-14,23.31999969482422
2016-11-15,23.75
2016-11-16,23.6299991607666
2016-11-17,23.770000457763672
2016-11-18,23.65999984741211
2016-11-21,23.850000381469727
2016-11-22,24.020000457763672
2016-11-23,24.049999237060547
2016-11-25,24.18000030517578
2016-11-28,24.280000686645508
2016-11-29,24.18000030517578
2016-11-30,24.610000610351562
2016-12-01,24.59000015258789
2016-12-02,24.68000030517578
2016-12-05,24.799999237060547
2016-12-06,24.84000015258789
2016-12-07,25.389999389648438
2016-12-08,25.790000915527344
2016-12-09,25.559999465942383
2016-12-12,25.479999542236328
2016-12-13,25.360000610351562
2016-12-14,24.93000030517578
2016-12-15,25.049999237060547
2016-12-16,24.93000030517578
2016-12-19,25.1200008392334
2016-12-20,25.0
2016-12-21,24.959999084472656
2016-12-22,24.780000686645508
2016-12-23,24.75
2016-12-27,24.899999618530273
2016-12-28,24.40999984741211
2016-12-29,24.530000686645508
2016-12-30,24.3799991607666
2017-01-03,24.790000915527344
2017-01-04,25.309999465942383
2017-01-05,25.59000015258789
2017-01-06,25.450000762939453
2017-01-09,25.540000915527344
2017-01-10,25.530000686645508
2017-01-11,26.059999465942383
2017-01-12,26.219999313354492
2017-01-13,26.479999542236328
2017-01-17,26.190000534057617
2017-01-18,26.110000610351562
2017-01-19,26.200000762939453
2017-01-20,26.489999771118164
2017-01-23,26.610000610351562
2017-01-24,26.950000762939453
2017-01-25,27.25
2017-01-26,27.190000534057617
2017-01-27,27.020000457763672
2017-01-30,26.649999618530273
2017-01-31,26.549999237060547
2017-02-01,26.739999771118164
2017-02-02,26.959999084472656
2017-02-03,26.920000076293945
2017-02-06,27.0
2017-02-07,26.25
2017-02-08,26.450000762939453
2017-02-09,26.559999465942383
2017-02-10,26.760000228881836
2017-02-13,26.969999313354492
2017-02-14,27.0
2017-02-15,26.920000076293945
2017-02-16,26.600000381469727
2017-02-17,26.440000534057617
2017-02-21,26.649999618530273
2017-02-22,26.540000915527344
2017-02-23,26.34000015258789
2017-02-24,26.139999389648438
2017-02-27,26.0
2017-02-28,25.979999542236328
2017-03-01,26.399999618530273
2017-03-02,26.420000076293945
2017-03-03,26.389999389648438
2017-03-06,26.260000228881836
2017-03-07,26.06999969482422
2017-03-08,25.90999984741211
2017-03-09,26.040000915527344
2017-03-10,26.06999969482422
2017-03-13,26.389999389648438
2017-03-14,26.31999969482422
2017-03-15,26.790000915527344
2017-03-16,26.780000686645508
2017-03-17,27.0
2017-03-20,27.25
2017-03-21,26.780000686645508
2017-03-22,27.010000228881836
2017-03-23,26.950000762939453
2017-03-24,27.110000610351562
2017-03-27,27.049999237060547
2017-03-28,27.270000457763672
2017-03-29,27.350000381469727
2017-03-30,27.309999465942383
2017-03-31,28.110000610351562
2017-04-03,28.200000762939453
2017-04-04,28.15999984741211
2017-04-05,28.270000457763672
2017-04-06,28.790000915527344
2017-04-07,28.8700008392334
2017-04-10,28.93000030517578
2017-04-11,28.860000610351562
2017-04-12,28.290000915527344
2017-04-13,28.280000686645508
2017-04-17,28.389999389648438
2017-04-18,28.229999542236328
2017-04-19,28.06999969482422
2017-04-20,28.389999389648438
2017-04-21,28.360000610351562
2017-04-24,28.75
2017-04-25,28.8700008392334
2017-04-26,28.760000228881836
2017-04-27,28.6299991607666
2017-04-28,28.690000534057617
2017-05-01,28.75
2017-05-02,28.790000915527344
2017-05-03,28.43000030517578
2017-05-04,28.010000228881836
2017-05-05,28.600000381469727
2017-05-08,28.549999237060547
2017-05-09,28.770000457763672
2017-05-10,28.90999984741211
2017-05-11,28.989999771118164
2017-05-12,28.989999771118164
2017-05-15,29.290000915527344
2017-05-16,29.43000030517578
2017-05-17,28.639999389648438
2017-05-18,28.56999969482422
2017-05-19,29.260000228881836
2017-05-22,29.309999465942383
2017-05-23,29.25
2017-05-24,29.530000686645508
2017-05-25,29.799999237060547
2017-05-26,30.010000228881836
2017-05-30,29.979999542236328
2017-05-31,29.809999465942383
2017-06-01,29.8799991607666
2017-06-02,30.020000457763672
2017-06-05,29.920000076293945
2017-06-06,29.90999984741211
2017-06-07,29.889999389648438
2017-06-08,29.989999771118164
2017-06-09,29.889999389648438
2017-06-12,29.600000381469727
2017-06-13,30.079999923706055
2017-06-14,29.81999969482422
2017-06-15,29.299999237060547
2017-06-16,29.40999984741211
2017-06-19,29.450000762939453
2017-06-20,29.239999771118164
2017-06-21,29.139999389648438
2017-06-22,29.059999465942383
2017-06-23,29.209999084472656
2017-06-26,29.34000015258789
2017-06-27,29.209999084472656
2017-06-28,29.459999084472656
2017-06-29,28.93000030517578
2017-06-30,29.020000457763672
2017-07-03,29.100000381469727
2017-07-05,29.190000534057617
2017-07-06,29.020000457763672
2017-07-07,29.420000076293945
2017-07-10,29.65999984741211
2017-07-11,29.649999618530273
2017-07-12,30.09000015258789
2017-07-13,30.350000381469727
2017-07-14,30.540000915527344
2017-07-17,30.559999465942383
2017-07-18,30.610000610351562
2017-07-19,30.540000915527344
2017-07-20,30.600000381469727
2017-07-21,30.68000030517578
2017-07-24,30.90999984741211
2017-07-25,31.059999465942383
2017-07-26,30.90999984741211
2017-07-27,30.739999771118164
2017-07-28,30.84000015258789
2017-07-31,30.93000030517578
2017-08-01,31.020000457763672
2017-08-02,31.8700008392334
2017-08-03,31.920000076293945
2017-08-04,32.439998626708984
2017-08-07,32.61000061035156
2017-08-08,32.459999084472656
2017-08-09,32.15999984741211
2017-08-10,31.389999389648438
2017-08-11,31.389999389648438
2017-08-14,31.8700008392334
2017-08-15,32.029998779296875
2017-08-16,32.279998779296875
2017-08-17,31.84000015258789
2017-08-18,32.0099983215332
2017-08-21,32.119998931884766
2017-08-22,32.529998779296875
2017-08-23,32.630001068115234
2017-08-24,32.900001525878906
2017-08-25,33.209999084472656
2017-08-28,33.099998474121094
2017-08-29,33.0099983215332
2017-08-30,33.119998931884766
2017-08-31,33.720001220703125
2017-09-01,34.18000030517578
2017-09-05,33.630001068115234
2017-09-06,34.02000045776367
2017-09-07,34.56999969482422
2017-09-08,34.33000183105469
2017-09-11,35.959999084472656
2017-09-12,36.43000030517578
2017-09-13,37.0099983215332
2017-09-14,37.31999969482422
2017-09-15,37.849998474121094
2017-09-18,38.66999816894531
2017-09-19,39.279998779296875
2017-09-20,38.41999816894531
2017-09-21,37.95000076293945
2017-09-22,37.09000015258789
2017-09-25,36.0
2017-09-26,36.2400016784668
2017-09-27,36.93000030517578
2017-09-28,36.959999084472656
2017-09-29,37.40999984741211
2017-10-02,37.68000030517578
2017-10-03,38.27000045776367
2017-10-04,39.13999938964844
2017-10-05,39.619998931884766
2017-10-06,39.029998779296875
2017-10-09,38.880001068115234
2017-10-10,39.150001525878906
2017-10-11,39.04999923706055
2017-10-12,39.04999923706055
2017-10-13,39.65999984741211
2017-10-16,39.91999816894531
2017-10-17,39.470001220703125
2017-10-18,39.61000061035156
2017-10-19,39.47999954223633
2017-10-20,39.439998626708984
2017-10-23,39.4900016784668
2017-10-24,39.59000015258789
2017-10-25,39.0099983215332
2017-10-26,38.939998626708984
2017-10-27,38.97999954223633
2017-10-30,38.959999084472656
2017-10-31,39.209999084472656
2017-11-01,39.86000061035156
2017-11-02,39.06999969482422
2017-11-03,39.150001525878906
2017-11-06,39.529998779296875
2017-11-07,40.0099983215332
2017-11-08,40.689998626708984
2017-11-09,40.310001373291016
2017-11-10,40.310001373291016
2017-11-13,40.45000076293945
2017-11-14,39.810001373291016
2017-11-15,38.88999938964844
2017-11-16,39.56999969482422
2017-11-17,39.630001068115234
2017-11-20,39.45000076293945
2017-11-21,40.130001068115234
2017-11-22,40.209999084472656
2017-11-24,40.45000076293945
2017-11-27,40.060001373291016
2017-11-28,40.220001220703125
2017-11-29,39.619998931884766
2017-11-30,39.88999938964844
2017-12-01,39.54999923706055
2017-12-04,38.97999954223633
2017-12-05,38.099998474121094
2017-12-06,37.31999969482422
2017-12-07,37.54999923706055
2017-12-08,37.900001525878906
2017-12-11,38.279998779296875
2017-12-12,38.310001373291016
2017-12-13,38.849998474121094
2017-12-14,38.619998931884766
2017-12-15,38.75
2017-12-18,39.7599983215332
2017-12-19,39.90999984741211
2017-12-20,40.060001373291016
2017-12-21,39.709999084472656
2017-12-22,39.869998931884766
2017-12-26,39.630001068115234
2017-12-27,39.81999969482422
2017-12-28,38.83000183105469
2017-12-29,38.7599983215332
2018-01-02,39.66999816894531
2018-01-03,39.880001068115234
2018-01-04,39.84000015258789
2018-01-05,40.5
2018-01-08,41.08000183105469
2018-01-09,40.86000061035156
2018-01-10,40.310001373291016
2018-01-11,40.45000076293945
2018-01-12,40.66999816894531
2018-01-16,39.83000183105469
2018-01-17,39.959999084472656
2018-01-18,38.459999084472656
2018-01-19,38.15999984741211
2018-01-22,38.02000045776367
2018-01-23,38.279998779296875
2018-01-24,38.34000015258789
2018-01-25,38.650001525878906
2018-01-26,38.58000183105469
2018-01-29,38.27000045776367
2018-01-30,37.66999816894531
2018-01-31,37.540000915527344
2018-02-01,36.88999938964844
2018-02-02,35.45000076293945
2018-02-05,34.16999816894531
2018-02-06,34.970001220703125
2018-02-07,35.150001525878906
2018-02-08,34.099998474121094
2018-02-09,34.5
2018-02-12,35.52000045776367
2018-02-13,35.369998931884766
2018-02-14,36.20000076293945
2018-02-15,36.7599983215332
2018-02-16,36.2599983215332
2018-02-20,36.119998931884766
2018-02-21,35.970001220703125
2018-02-22,36.43000030517578
2018-02-23,37.22999954223633
2018-02-26,35.959999084472656
2018-02-27,35.619998931884766
2018-02-28,34.220001220703125
2018-03-01,33.540000915527344
2018-03-02,33.619998931884766
2018-03-05,33.61000061035156
2018-03-06,34.40999984741211
2018-03-07,34.369998931884766
2018-03-08,34.63999938964844
2018-03-09,35.5
2018-03-12,35.7599983215332
2018-03-13,35.66999816894531
2018-03-14,35.709999084472656
2018-03-15,35.59000015258789
2018-03-16,35.4900016784668
2018-03-19,34.689998626708984
2018-03-20,34.560001373291016
2018-03-21,34.810001373291016
2018-03-22,33.900001525878906
2018-03-23,33.209999084472656
2018-03-26,33.709999084472656
2018-03-27,33.279998779296875
2018-03-28,32.540000915527344
2018-03-29,32.97999954223633
2018-04-02,32.18000030517578
2018-04-03,32.41999816894531
2018-04-04,32.540000915527344
2018-04-05,33.16999816894531
2018-04-06,32.70000076293945
2018-04-09,32.59000015258789
2018-04-10,33.11000061035156
2018-04-11,33.029998779296875
2018-04-12,33.279998779296875
2018-04-13,33.40999984741211
2018-04-16,33.380001068115234
2018-04-17,33.41999816894531
2018-04-18,33.86000061035156
2018-04-19,33.939998626708984
2018-04-20,33.72999954223633
2018-04-23,33.470001220703125
2018-04-24,33.06999969482422
2018-04-25,32.7400016784668
2018-04-26,33.0
2018-04-27,33.16999816894531
2018-04-30,33.04999923706055
2018-05-01,33.099998474121094
2018-05-02,32.9900016784668
2018-05-03,33.16999816894531
2018-05-04,33.59000015258789
2018-05-07,33.7599983215332
2018-05-08,33.68000030517578
2018-05-09,33.77000045776367
2018-05-10,33.959999084472656
2018-05-11,34.06999969482422
2018-05-14,34.13999938964844
2018-05-15,33.939998626708984
2018-05-16,34.279998779296875
2018-05-17,34.79999923706055
2018-05-18,34.45000076293945
2018-05-21,34.810001373291016
2018-05-22,34.29999923706055
2018-05-23,34.18000030517578
2018-05-24,33.27000045776367
2018-05-25,33.400001525878906
2018-05-29,33.04999923706055
2018-05-30,33.33000183105469
2018-05-31,33.2400016784668
2018-06-01,33.61000061035156
2018-06-04,33.959999084472656
2018-06-05,33.900001525878906
2018-06-06,34.459999084472656
2018-06-07,34.25
2018-06-08,34.25
2018-06-11,34.369998931884766
2018-06-12,34.38999938964844
2018-06-13,34.02000045776367
2018-06-14,34.09000015258789
2018-06-15,33.869998931884766
2018-06-18,33.45000076293945
2018-06-19,32.56999969482422
2018-06-20,32.79999923706055
2018-06-21,32.630001068115234
2018-06-22,33.029998779296875
2018-06-25,32.59000015258789
2018-06-26,32.619998931884766
2018-06-27,32.40999984741211
2018-06-28,32.439998626708984
2018-06-29,32.52000045776367
2018-07-02,32.36000061035156
2018-07-03,32.43000030517578
2018-07-05,32.38999938964844
2018-07-06,32.7400016784668
2018-07-09,33.11000061035156
2018-07-10,33.310001373291016
2018-07-11,32.7599983215332
2018-07-12,33.09000015258789
2018-07-13,33.16999816894531
2018-07-16,32.599998474121094
2018-07-17,32.90999984741211
2018-07-18,32.77000045776367
2018-07-19,32.599998474121094
2018-07-20,32.47999954223633
2018-07-23,31.8799991607666
2018-07-24,32.02000045776367
2018-07-25,32.369998931884766
2018-07-26,32.540000915527344
2018-07-27,32.529998779296875
2018-07-30,32.2599983215332
2018-07-31,32.529998779296875
2018-08-01,32.189998626708984
2018-08-02,32.189998626708984
2018-08-03,32.599998474121094
2018-08-06,32.33000183105469
2018-08-07,32.43000030517578
2018-08-08,32.90999984741211
2018-08-09,32.90999984741211
2018-08-10,32.22999954223633
2018-08-13,31.610000610351562
2018-08-14,31.84000015258789
2018-08-15,31.209999084472656
2018-08-16,31.510000228881836
2018-08-17,31.600000381469727
2018-08-20,31.610000610351562
2018-08-21,31.93000030517578
2018-08-22,31.90999984741211
2018-08-23,31.520000457763672
2018-08-24,31.90999984741211
2018-08-27,32.5
2018-08-28,32.43000030517578
2018-08-29,32.56999969482422
2018-08-30,32.04999923706055
2018-08-31,32.099998474121094
2018-09-04,31.670000076293945
2018-09-05,31.25
2018-09-06,31.079999923706055
2018-09-07,30.979999542236328
2018-09-10,31.020000457763672
2018-09-11,31.18000030517578
2018-09-12,31.450000762939453
2018-09-13,31.700000762939453
2018-09-14,32.0
2018-09-17,32.130001068115234
2018-09-18,32.40999984741211
2018-09-19,32.939998626708984
2018-09-20,33.31999969482422
2018-09-21,33.68000030517578
2018-09-24,33.689998626708984
2018-09-25,33.47999954223633
2018-09-26,33.31999969482422
2018-09-27,33.36000061035156
2018-09-28,32.95000076293945
2018-10-01,33.20000076293945
2018-10-02,33.20000076293945
2018-10-03,33.25
2018-10-04,32.869998931884766
2018-10-05,32.29999923706055
2018-10-08,32.18000030517578
2018-10-09,31.510000228881836
2018-10-10,30.360000610351562
2018-10-11,29.719999313354492
2018-10-12,30.3799991607666
2018-10-15,30.530000686645508
2018-10-16,31.040000915527344
2018-10-17,30.670000076293945
2018-10-18,30.049999237060547
2018-10-19,30.1200008392334
2018-10-22,30.290000915527344
2018-10-23,29.920000076293945
2018-10-24,28.90999984741211
2018-10-25,29.709999084472656
2018-10-26,29.350000381469727
2018-10-29,29.15999984741211
2018-10-30,29.770000457763672
2018-10-31,30.280000686645508
2018-11-01,31.479999542236328
2018-11-02,31.8799991607666
2018-11-05,31.829999923706055
2018-11-06,32.11000061035156
2018-11-07,32.439998626708984
2018-11-08,32.06999969482422
2018-11-09,31.719999313354492
2018-11-12,30.950000762939453
2018-11-13,31.040000915527344
2018-11-14,31.190000534057617
2018-11-15,31.739999771118164
2018-11-16,31.68000030517578
2018-11-19,31.459999084472656
2018-11-20,30.40999984741211
2018-11-21,30.56999969482422
2018-11-23,30.299999237060547
2018-11-26,30.739999771118164
2018-11-27,30.709999084472656
2018-11-28,31.479999542236328
2018-11-29,31.360000610351562
2018-11-30,31.389999389648438
2018-12-03,32.220001220703125
2018-12-04,31.200000762939453
2018-12-06,30.790000915527344
2018-12-07,30.049999237060547
2018-12-10,29.920000076293945
2018-12-11,29.829999923706055
2018-12-12,30.190000534057617
2018-12-13,30.1299991607666
2018-12-14,29.540000915527344
2018-12-17,28.739999771118164
2018-12-18,28.6299991607666
2018-12-19,28.1200008392334
2018-12-20,27.239999771118164
2018-12-21,26.93000030517578
2018-12-24,26.489999771118164
2018-12-26,27.489999771118164
2018-12-27,27.450000762939453
2018-12-28,26.90999984741211
2018-12-31,26.979999542236328
2019-01-02,27.079999923706055
2019-01-03,26.260000228881836
2019-01-04,27.260000228881836
2019-01-07,27.75
2019-01-08,28.100000381469727
2019-01-09,28.260000228881836
2019-01-10,28.420000076293945
2019-01-11,28.290000915527344
2019-01-14,28.100000381469727
2019-01-15,28.0
2019-01-16,28.15999984741211
2019-01-17,28.18000030517578
2019-01-18,28.290000915527344
2019-01-22,27.799999237060547
2019-01-23,27.690000534057617
2019-01-24,27.690000534057617
2019-01-25,28.200000762939453
2019-01-28,28.06999969482422
2019-01-29,28.139999389648438
2019-01-30,28.440000534057617
2019-01-31,28.459999084472656
2019-02-01,28.850000381469727
2019-02-04,28.950000762939453
2019-02-05,29.09000015258789
2019-02-06,29.079999923706055
2019-02-07,28.579999923706055
2019-02-08,28.34000015258789
2019-02-11,28.290000915527344
2019-02-12,28.25
2019-02-13,28.3799991607666
2019-02-14,28.389999389648438
2019-02-15,28.65999984741211
2019-02-19,28.93000030517578
2019-02-20,29.15999984741211
2019-02-21,29.6200008392334
2019-02-22,29.780000686645508
2019-02-25,30.420000076293945
2019-02-26,30.239999771118164
2019-02-27,30.31999969482422
2019-02-28,29.93000030517578
2019-03-01,29.719999313354492
2019-03-04,29.399999618530273
2019-03-05,29.299999237060547
2019-03-06,29.1299991607666
2019-03-07,28.540000915527344
2019-03-08,28.290000915527344
2019-03-11,28.68000030517578
2019-03-12,28.5
2019-03-13,28.65999984741211
2019-03-14,28.479999542236328
2019-03-15,28.6200008392334
2019-03-18,28.6200008392334
2019-03-19,28.579999923706055
2019-03-20,28.290000915527344
2019-03-21,28.770000457763672
2019-03-22,27.979999542236328
2019-03-25,27.780000686645508
2019-03-26,27.889999389648438
2019-03-27,27.719999313354492
2019-03-28,28.0
2019-03-29,28.299999237060547
2019-04-01,28.889999389648438
2019-04-02,28.899999618530273
2019-04-03,29.1299991607666
2019-04-04,29.18000030517578
2019-04-05,29.34000015258789
2019-04-08,29.459999084472656
2019-04-09,29.170000076293945
2019-04-10,29.420000076293945
2019-04-11,29.100000381469727
2019-04-12,29.149999618530273
2019-04-15,28.969999313354492
2019-04-16,29.15999984741211
2019-04-17,29.399999618530273
2019-04-18,29.059999465942383
2019-04-22,28.850000381469727
2019-04-23,28.59000015258789
2019-04-24,28.030000686645508
2019-04-25,27.719999313354492
2019-04-26,27.799999237060547
2019-04-29,27.770000457763672
2019-04-30,27.610000610351562
2019-05-01,27.25
2019-05-02,27.799999237060547
2019-05-03,28.290000915527344
2019-05-06,27.889999389648438
2019-05-07,27.729999542236328
2019-05-08,27.3700008392334
2019-05-09,27.09000015258789
2019-05-10,27.18000030517578
2019-05-13,26.079999923706055
2019-05-14,26.190000534057617
2019-05-15,26.360000610351562
2019-05-16,26.229999542236328
2019-05-17,25.639999389648438
2019-05-20,25.350000381469727
2019-05-21,25.6299991607666
2019-05-22,25.549999237060547
2019-05-23,24.969999313354492
2019-05-24,24.899999618530273
2019-05-28,24.790000915527344
2019-05-29,24.600000381469727
2019-05-30,24.719999313354492
2019-05-31,24.6200008392334
2019-06-03,24.690000534057617
2019-06-04,25.3700008392334
2019-06-05,25.149999618530273
2019-06-06,25.229999542236328
2019-06-07,25.690000534057617
2019-06-10,25.969999313354492
2019-06-11,26.34000015258789
2019-06-12,25.81999969482422
2019-06-13,26.1299991607666
2019-06-14,25.81999969482422
2019-06-17,25.920000076293945
2019-06-18,25.920000076293945
2019-06-19,25.81999969482422
2019-06-20,26.1200008392334
2019-06-21,26.110000610351562
2019-06-24,25.979999542236328
2019-06-25,25.90999984741211
2019-06-26,25.969999313354492
2019-06-27,25.950000762939453
2019-06-28,26.09000015258789
2019-07-01,26.200000762939453
2019-07-02,26.079999923706055
2019-07-03,26.229999542236328
2019-07-05,26.079999923706055
2019-07-08,25.719999313354492
2019-07-09,25.540000915527344
2019-07-10,25.729999542236328
2019-07-11,25.709999084472656
2019-07-12,26.06999969482422
2019-07-15,26.229999542236328
2019-07-16,26.219999313354492
2019-07-17,26.110000610351562
2019-07-18,26.139999389648438
2019-07-19,26.420000076293945
2019-07-22,26.40999984741211
2019-07-23,26.6299991607666
2019-07-24,26.799999237060547
2019-07-25,25.989999771118164
2019-07-26,26.059999465942383
2019-07-29,25.889999389648438
2019-07-30,25.940000534057617
2019-07-31,25.8700008392334
2019-08-01,25.219999313354492
2019-08-02,24.90999984741211
2019-08-05,23.889999389648438
2019-08-06,23.920000076293945
2019-08-07,24.290000915527344
2019-08-08,25.15999984741211
2019-08-09,24.8700008392334
2019-08-12,24.31999969482422
2019-08-13,24.43000030517578
2019-08-14,23.690000534057617
2019-08-15,23.399999618530273
2019-08-16,23.65999984741211
2019-08-19,23.920000076293945
2019-08-20,23.920000076293945
2019-08-21,24.010000228881836
2019-08-22,23.329999923706055
2019-08-23,22.719999313354492
2019-08-26,22.770000457763672
2019-08-27,22.610000610351562
2019-08-28,22.780000686645508
2019-08-29,23.059999465942383
2019-08-30,23.3700008392334
2019-09-03,23.100000381469727
2019-09-04,23.309999465942383
2019-09-05,23.75
2019-09-06,23.90999984741211
2019-09-09,24.239999771118164
2019-09-10,24.450000762939453
2019-09-11,24.920000076293945
2019-09-12,25.049999237060547
2019-09-13,25.219999313354492
2019-09-16,25.010000228881836
2019-09-17,24.959999084472656
2019-09-18,24.8799991607666
2019-09-19,24.920000076293945
2019-09-20,25.040000915527344
2019-09-23,24.93000030517578
2019-09-24,24.489999771118164
2019-09-25,24.309999465942383
2019-09-26,24.299999237060547
2019-09-27,24.270000457763672
2019-09-30,24.3700008392334
2019-10-01,24.280000686645508
2019-10-02,23.8799991607666
2019-10-03,23.889999389648438
2019-10-04,23.90999984741211
2019-10-07,23.850000381469727
2019-10-08,23.530000686645508
2019-10-09,23.559999465942383
2019-10-10,23.84000015258789
2019-10-11,24.479999542236328
2019-10-14,24.229999542236328
2019-10-15,24.360000610351562
2019-10-16,24.34000015258789
2019-10-17,24.489999771118164
2019-10-18,24.299999237060547
2019-10-21,24.3700008392334
2019-10-22,24.3799991607666
2019-10-23,24.450000762939453
2019-10-24,24.920000076293945
2019-10-25,24.770000457763672
2019-10-28,25.1299991607666
2019-10-29,25.06999969482422
2019-10-30,25.100000381469727
2019-10-31,24.899999618530273
2019-11-01,25.75
2019-11-04,26.450000762939453
2019-11-05,26.34000015258789
2019-11-06,26.18000030517578
2019-11-07,26.68000030517578
2019-11-08,26.420000076293945
2019-11-11,26.34000015258789
2019-11-12,25.729999542236328
2019-11-13,25.450000762939453
2019-11-14,25.3700008392334
2019-11-15,25.75
2019-11-18,25.649999618530273
2019-11-19,25.540000915527344
2019-11-20,25.170000076293945
2019-11-21,25.149999618530273
2019-11-22,25.059999465942383
2019-11-25,25.389999389648438
2019-11-26,25.469999313354492
2019-11-27,25.540000915527344
2019-11-29,25.420000076293945
2019-12-02,25.489999771118164
2019-12-03,25.329999923706055
2019-12-04,25.34000015258789
2019-12-05,25.469999313354492
2019-12-06,25.709999084472656
2019-12-09,25.75
2019-12-10,25.969999313354492
2019-12-11,26.219999313354492
2019-12-12,26.760000228881836
2019-12-13,26.729999542236328
2019-12-16,26.93000030517578
2019-12-17,27.280000686645508
2019-12-18,27.18000030517578
2019-12-19,27.31999969482422
2019-12-20,27.450000762939453
2019-12-23,27.56999969482422
2019-12-24,27.530000686645508
2019-12-26,27.65999984741211
2019-12-27,27.5
2019-12-30,27.18000030517578
2019-12-31,27.34000015258789
2020-01-02,27.700000762939453
2020-01-03,27.31999969482422
2020-01-06,27.440000534057617
2020-01-07,27.809999465942383
2020-01-08,27.229999542236328
2020-01-09,27.479999542236328
2020-01-10,27.709999084472656
2020-01-13,28.8700008392334
2020-01-14,29.530000686645508
2020-01-15,29.610000610351562
2020-01-16,29.850000381469727
2020-01-17,30.040000915527344
2020-01-21,29.8700008392334
2020-01-22,29.969999313354492
2020-01-23,30.040000915527344
2020-01-24,29.649999618530273
2020-01-27,28.739999771118164
2020-01-28,29.059999465942383
2020-01-29,28.969999313354492
2020-01-30,29.149999618530273
2020-01-31,28.719999313354492
2020-02-03,29.729999542236328
2020-02-04,32.290000915527344
2020-02-05,31.290000915527344
2020-02-06,31.15999984741211
2020-02-07,30.329999923706055
2020-02-10,30.84000015258789
2020-02-11,31.549999237060547
2020-02-12,32.310001373291016
2020-02-13,32.220001220703125
2020-02-14,32.15999984741211
2020-02-18,32.04999923706055
2020-02-19,32.77000045776367
2020-02-20,33.61000061035156
2020-02-21,32.86000061035156
2020-02-24,30.93000030517578
2020-02-25,30.299999237060547
2020-02-26,30.31999969482422
2020-02-27,28.450000762939453
2020-02-28,28.030000686645508
2020-03-02,29.34000015258789
2020-03-03,29.18000030517578
2020-03-04,29.920000076293945
2020-03-05,29.40999984741211
2020-03-06,28.709999084472656
2020-03-09,25.790000915527344
2020-03-10,26.670000076293945
2020-03-11,25.25
2020-03-12,22.56999969482422
2020-03-13,23.190000534057617
2020-03-16,20.040000915527344
2020-03-17,21.100000381469727
2020-03-18,19.420000076293945
2020-03-19,19.200000762939453
2020-03-20,18.700000762939453
2020-03-23,18.1299991607666
2020-03-24,20.829999923706055
2020-03-25,22.299999237060547
2020-03-26,22.639999389648438
2020-03-27,21.34000015258789
2020-03-30,21.760000228881836
2020-03-31,21.709999084472656
2020-04-01,20.450000762939453
2020-04-02,20.709999084472656
2020-04-03,20.31999969482422
2020-04-06,21.940000534057617
2020-04-07,22.200000762939453
2020-04-08,22.8700008392334
2020-04-09,23.610000610351562
2020-04-13,23.469999313354492
2020-04-14,24.270000457763672
2020-04-15,23.530000686645508
2020-04-16,23.809999465942383
2020-04-17,24.510000228881836
2020-04-20,24.06999969482422
2020-04-21,23.100000381469727
2020-04-22,23.75
2020-04-23,23.81999969482422
2020-04-24,24.09000015258789
2020-04-27,24.809999465942383
2020-04-28,25.200000762939453
2020-04-29,25.90999984741211
2020-04-30,25.399999618530273
2020-05-01,24.040000915527344
2020-05-04,24.31999969482422
2020-05-05,24.709999084472656
2020-05-06,24.520000457763672
2020-05-07,24.940000534057617
2020-05-08,25.799999237060547
2020-05-11,25.780000686645508
2020-05-12,24.829999923706055
2020-05-13,24.829999923706055
2020-05-14,24.770000457763672
2020-05-15,24.90999984741211
2020-05-18,26.110000610351562
2020-05-19,26.06999969482422
2020-05-20,26.850000381469727
2020-05-21,27.059999465942383
2020-05-22,26.8799991607666
2020-05-26,28.5
2020-05-27,28.530000686645508
2020-05-28,28.489999771118164
2020-05-29,28.540000915527344
2020-06-01,29.389999389648438
2020-06-02,29.799999237060547
2020-06-03,30.3799991607666
2020-06-04,30.420000076293945
2020-06-05,31.729999542236328
2020-06-08,32.7400016784668
2020-06-09,32.18000030517578
2020-06-10,32.36000061035156
2020-06-11,30.030000686645508
2020-06-12,30.520000457763672
2020-06-15,30.09000015258789
2020-06-16,31.0
2020-06-17,30.809999465942383
2020-06-18,31.020000457763672
2020-06-19,31.329999923706055
2020-06-22,31.729999542236328
2020-06-23,31.8700008392334
2020-06-24,31.329999923706055
2020-06-25,31.40999984741211
2020-06-26,31.239999771118164
2020-06-29,31.43000030517578
2020-06-30,31.649999618530273
2020-07-01,31.860000610351562
2020-07-02,32.369998931884766
2020-07-06,34.90999984741211
2020-07-07,35.18000030517578
2020-07-08,35.65999984741211
2020-07-09,35.599998474121094
2020-07-10,36.380001068115234
2020-07-13,37.630001068115234
2020-07-14,37.15999984741211
2020-07-15,37.130001068115234
2020-07-16,35.560001373291016
2020-07-17,35.599998474121094
2020-07-20,36.40999984741211
2020-07-21,36.40999984741211
2020-07-22,36.40999984741211
2020-07-23,36.5
2020-07-24,34.900001525878906
2020-07-27,35.099998474121094
2020-07-28,35.16999816894531
2020-07-29,35.900001525878906
2020-07-30,35.599998474121094
2020-07-31,35.90999984741211
2020-08-03,37.5099983215332
2020-08-04,37.540000915527344
2020-08-05,38.25
2020-08-06,38.310001373291016
2020-08-07,38.15999984741211
2020-08-10,38.279998779296875
2020-08-11,38.31999969482422
2020-08-12,38.86000061035156
2020-08-13,38.599998474121094
2020-08-14,38.36000061035156
2020-08-17,38.90999984741211
2020-08-18,38.75
2020-08-19,38.029998779296875
2020-08-20,37.65999984741211
2020-08-21,37.7400016784668
2020-08-24,38.45000076293945
2020-08-25,38.66999816894531
2020-08-26,38.709999084472656
2020-08-27,39.08000183105469
2020-08-28,39.529998779296875
2020-08-31,39.31999969482422
2020-09-01,40.400001525878906
2020-09-02,40.380001068115234
2020-09-03,38.619998931884766
2020-09-04,38.7599983215332
2020-09-08,37.0099983215332
2020-09-09,37.43000030517578
2020-09-10,36.900001525878906
2020-09-11,37.38999938964844
2020-09-14,38.869998931884766
2020-09-15,40.439998626708984
2020-09-16,40.279998779296875
2020-09-17,40.54999923706055
2020-09-18,40.849998474121094
2020-09-21,39.88999938964844
2020-09-22,39.599998474121094
2020-09-23,37.709999084472656
2020-09-24,37.220001220703125
2020-09-25,37.619998931884766
2020-09-28,38.209999084472656
2020-09-29,39.2599983215332
2020-09-30,40.04999923706055
2020-10-01,40.540000915527344
2020-10-02,40.06999969482422
2020-10-05,40.97999954223633
2020-10-06,40.75
2020-10-07,41.59000015258789
2020-10-08,41.7599983215332
2020-10-09,42.65999984741211
2020-10-12,42.83000183105469
2020-10-13,42.79999923706055
2020-10-14,42.779998779296875
2020-10-15,42.689998626708984
2020-10-16,42.06999969482422
2020-10-19,41.540000915527344
2020-10-20,42.68000030517578
2020-10-21,42.34000015258789
2020-10-22,42.61000061035156
2020-10-23,42.189998626708984
2020-10-26,42.130001068115234
2020-10-27,42.790000915527344
2020-10-28,42.209999084472656
2020-10-29,43.33000183105469
2020-10-30,43.130001068115234
2020-11-02,44.630001068115234
2020-11-03,45.25
2020-11-04,45.81999969482422
2020-11-05,49.33000183105469
2020-11-06,49.18000030517578
2020-11-09,50.560001373291016
2020-11-10,49.369998931884766
2020-11-11,48.720001220703125
2020-11-12,48.75
2020-11-13,49.900001525878906
2020-11-16,50.630001068115234
2020-11-17,50.27000045776367
2020-11-18,49.529998779296875
2020-11-19,49.90999984741211
2020-11-20,51.09000015258789
2020-11-23,52.63999938964844
2020-11-24,54.400001525878906
2020-11-25,53.02000045776367
2020-11-27,53.22999954223633
2020-11-30,52.220001220703125
2020-12-01,52.970001220703125
2020-12-02,52.38999938964844
2020-12-03,52.369998931884766
2020-12-04,53.709999084472656
2020-12-07,54.65999984741211
2020-12-08,56.09000015258789
2020-12-09,54.599998474121094
2020-12-10,55.0099983215332
2020-12-11,54.040000915527344
2020-12-14,54.900001525878906
2020-12-15,56.18000030517578
2020-12-16,56.29999923706055
2020-12-17,56.56999969482422
2020-12-18,57.27000045776367
2020-12-21,59.15999984741211
2020-12-22,58.900001525878906
2020-12-23,59.720001220703125
2020-12-24,59.2400016784668
2020-12-28,60.83000183105469
2020-12-29,59.2599983215332
2020-12-30,62.310001373291016
2020-12-31,61.88999938964844
2021-01-04,66.30000305175781
2021-01-05,71.33999633789062
2021-01-06,69.56999969482422
2021-01-07,72.5199966430664
2021-01-08,70.87000274658203
2021-01-11,69.2300033569336
2021-01-12,71.30000305175781
2021-01-13,69.93000030517578
2021-01-14,69.01000213623047
2021-01-15,68.29000091552734
2021-01-19,69.22000122070312
2021-01-20,70.58000183105469
2021-01-21,71.44999694824219
2021-01-22,71.83000183105469
2021-01-25,72.18000030517578
2021-01-26,71.58999633789062
2021-01-27,69.20999908447266
2021-01-28,68.70999908447266
2021-01-29,65.58000183105469
2021-02-01,66.6500015258789
2021-02-02,69.62000274658203
2021-02-03,69.33000183105469
2021-02-04,67.95999908447266
2021-02-05,67.6500015258789
2021-02-08,69.29000091552734
2021-02-09,70.72000122070312
2021-02-10,70.52999877929688
2021-02-11,71.18000030517578
2021-02-12,71.69000244140625
2021-02-16,74.30999755859375
2021-02-17,73.11000061035156
2021-02-18,68.26000213623047
2021-02-19,68.30999755859375
2021-02-22,66.11000061035156
2021-02-23,64.58999633789062
2021-02-24,65.76000213623047
2021-02-25,60.9900016784668
2021-02-26,60.7599983215332
2021-03-01,63.58000183105469
2021-03-02,63.45000076293945
2021-03-03,61.5
2021-03-04,57.31999969482422
2021-03-05,59.0
2021-03-08,55.560001373291016
2021-03-09,58.22999954223633
2021-03-10,58.66999816894531
2021-03-11,62.11000061035156
2021-03-12,60.90999984741211
2021-03-15,60.619998931884766
2021-03-16,60.029998779296875
2021-03-17,61.060001373291016
2021-03-18,59.470001220703125
2021-03-19,59.52000045776367
2021-03-22,59.290000915527344
2021-03-23,56.61000061035156
2021-03-24,55.150001525878906
2021-03-25,56.540000915527344
2021-03-26,58.31999969482422
2021-03-29,57.11000061035156
2021-03-30,57.869998931884766
2021-03-31,58.459999084472656
2021-04-01,59.790000915527344
2021-04-05,60.52000045776367
2021-04-06,60.060001373291016
2021-04-07,58.81999969482422
2021-04-08,59.279998779296875
2021-04-09,58.970001220703125
2021-04-12,58.040000915527344
2021-04-13,59.849998474121094
2021-04-14,61.060001373291016
2021-04-15,61.27000045776367
2021-04-16,60.72999954223633
2021-04-19,62.66999816894531
2021-04-20,61.31999969482422
2021-04-21,62.2599983215332
2021-04-22,61.959999084472656
2021-04-23,63.27000045776367
2021-04-26,63.689998626708984
2021-04-27,62.970001220703125
2021-04-28,63.4900016784668
2021-04-29,63.29999923706055
2021-04-30,63.59000015258789
2021-05-03,62.88999938964844
2021-05-04,61.970001220703125
2021-05-05,63.02000045776367
2021-05-06,62.0
2021-05-07,62.18000030517578
2021-05-10,61.599998474121094
2021-05-11,60.54999923706055
2021-05-12,58.7400016784668
2021-05-13,58.70000076293945
2021-05-14,60.619998931884766
2021-05-17,60.65999984741211
2021-05-18,61.45000076293945
2021-05-19,61.63999938964844
2021-05-20,62.439998626708984
2021-05-21,62.279998779296875
2021-05-24,63.36000061035156
2021-05-25,63.91999816894531
2021-05-26,64.0
2021-05-27,64.75
2021-05-28,66.44000244140625
2021-06-01,67.91999816894531
2021-06-02,68.19999694824219
2021-06-03,67.13999938964844
2021-06-04,69.12000274658203
2021-06-07,68.66999816894531
2021-06-08,68.2699966430664
2021-06-09,68.01000213623047
2021-06-10,69.02999877929688
2021-06-11,70.29000091552734
2021-06-14,70.11000061035156
2021-06-15,69.54000091552734
2021-06-16,66.80999755859375
2021-06-17,67.93000030517578
2021-06-18,68.2699966430664
2021-06-21,68.73999786376953
2021-06-22,68.63999938964844
2021-06-23,70.25
2021-06-24,70.06999969482422
2021-06-25,71.01000213623047
2021-06-28,72.08999633789062
2021-06-29,71.94999694824219
2021-06-30,72.45999908447266
2021-07-01,72.05000305175781
2021-07-02,72.05999755859375
2021-07-06,72.80999755859375
2021-07-07,75.4000015258789
2021-07-08,75.79000091552734
2021-07-09,78.19000244140625
2021-07-12,81.56999969482422
2021-07-13,80.52999877929688
2021-07-14,78.61000061035156
2021-07-15,79.80000305175781
2021-07-16,77.19999694824219
2021-07-19,75.5999984741211
2021-07-20,77.9800033569336
2021-07-21,81.55999755859375
2021-07-22,81.76000213623047
2021-07-23,80.33999633789062
2021-07-26,80.45999908447266
2021-07-27,76.83999633789062
2021-07-28,80.12999725341797
2021-07-29,82.69000244140625
2021-07-30,83.27999877929688
2021-08-02,83.37999725341797
2021-08-03,81.83000183105469
2021-08-04,85.48999786376953
2021-08-05,85.6500015258789
2021-08-06,86.44999694824219
2021-08-09,85.72000122070312
2021-08-10,85.61000061035156
2021-08-11,86.48999786376953
2021-08-12,86.86000061035156
2021-08-13,86.05999755859375
2021-08-16,82.01000213623047
2021-08-17,79.73999786376953
2021-08-18,80.79000091552734
2021-08-19,81.6500015258789
2021-08-20,81.87999725341797
2021-08-23,84.31999969482422
2021-08-24,84.94000244140625
2021-08-25,85.2300033569336
2021-08-26,83.4000015258789
2021-08-27,85.04000091552734
2021-08-30,85.62000274658203
2021-08-31,85.56999969482422
2021-09-01,84.16999816894531
2021-09-02,83.62000274658203
2021-09-03,82.44999694824219
2021-09-07,85.04000091552734
2021-09-08,83.9800033569336
2021-09-09,84.83999633789062
2021-09-10,85.12999725341797
2021-09-13,83.70999908447266
2021-09-14,85.8499984741211
2021-09-15,87.0199966430664
2021-09-16,84.0999984741211
2021-09-17,83.55000305175781
2021-09-20,79.44999694824219
2021-09-21,80.75
2021-09-22,82.5199966430664
2021-09-23,83.6500015258789
2021-09-24,83.08999633789062
2021-09-27,83.05999755859375
2021-09-28,80.36000061035156
2021-09-29,79.7300033569336
2021-09-30,81.95999908447266
2021-10-01,81.33000183105469
2021-10-04,78.69000244140625
2021-10-05,81.12000274658203
2021-10-06,80.04000091552734
2021-10-07,81.69999694824219
2021-10-08,80.2300033569336
2021-10-11,80.76000213623047
2021-10-12,80.33999633789062
2021-10-13,84.0999984741211
2021-10-14,84.7300033569336
2021-10-15,85.83999633789062
2021-10-18,88.36000061035156
2021-10-19,88.69999694824219
2021-10-20,88.87999725341797
2021-10-21,88.11000061035156
2021-10-22,87.8499984741211
2021-10-25,91.26000213623047
2021-10-26,90.5199966430664
2021-10-27,90.11000061035156
2021-10-28,91.20999908447266
2021-10-29,91.91000366210938
2021-11-01,92.16000366210938
2021-11-02,92.54000091552734
2021-11-03,92.87000274658203
2021-11-04,94.68000030517578
2021-11-05,93.37999725341797
2021-11-08,96.30999755859375
2021-11-09,94.94000244140625
2021-11-10,92.55000305175781
2021-11-11,95.86000061035156
2021-11-12,95.80000305175781
2021-11-15,93.26000213623047
2021-11-16,92.52999877929688
2021-11-17,93.20999908447266
2021-11-18,92.91999816894531
2021-11-19,93.91000366210938
2021-11-22,95.61000061035156
2021-11-23,93.97000122070312
2021-11-24,94.22000122070312
2021-11-26,92.05999755859375
2021-11-29,94.12000274658203
2021-11-30,92.98999786376953
2021-12-01,91.33999633789062
2021-12-02,91.83999633789062
2021-12-03,88.93000030517578
2021-12-06,88.66000366210938
2021-12-07,89.20999908447266
2021-12-08,91.94999694824219
2021-12-09,89.16999816894531
2021-12-10,90.45999908447266
2021-12-13,88.08000183105469
2021-12-14,86.76000213623047
2021-12-15,87.27999877929688
2021-12-16,86.22000122070312
2021-12-17,85.73999786376953
2021-12-20,81.16999816894531
2021-12-21,82.26000213623047
2021-12-22,83.61000061035156
2021-12-23,84.38999938964844
2021-12-27,83.58000183105469
2021-12-28,84.41999816894531
2021-12-29,84.45999908447266
2021-12-30,84.91999816894531
2021-12-31,84.44000244140625
2022-01-03,85.93000030517578
2022-01-04,85.48999786376953
2022-01-05,81.45999908447266
2022-01-06,81.08000183105469
2022-01-07,81.0199966430664
2022-01-10,79.73999786376953
2022-01-11,81.77999877929688
2022-01-12,85.06999969482422
2022-01-13,82.88999938964844
2022-01-14,83.26000213623047
2022-01-18,82.58000183105469
2022-01-19,80.41000366210938
2022-01-20,80.16000366210938
2022-01-21,78.81999969482422
2022-01-24,78.80999755859375
2022-01-25,77.63999938964844
2022-01-26,77.7300033569336
2022-01-27,74.81999969482422
2022-01-28,74.80000305175781
2022-01-31,78.2699966430664
2022-02-01,79.48999786376953
2022-02-02,79.01000213623047
2022-02-03,77.29000091552734
2022-02-04,78.4000015258789
2022-02-07,78.2300033569336
2022-02-08,76.94999694824219
2022-02-09,78.47000122070312
2022-02-10,76.80999755859375
2022-02-11,74.75
2022-02-14,74.31999969482422
2022-02-15,77.86000061035156
2022-02-16,78.13999938964844
2022-02-17,75.75
2022-02-18,74.61000061035156
2022-02-22,73.38999938964844
2022-02-23,73.66999816894531
2022-02-24,73.75
2022-02-25,76.37000274658203
2022-02-28,78.0199966430664
2022-03-01,75.58000183105469
2022-03-02,75.25
2022-03-03,73.66000366210938
2022-03-04,71.77999877929688
2022-03-07,68.12000274658203
2022-03-08,67.86000061035156
2022-03-09,70.01000213623047
2022-03-10,70.5
2022-03-11,68.88999938964844
2022-03-14,66.05999755859375
2022-03-15,67.19999694824219
2022-03-16,72.30999755859375
2022-03-17,73.06999969482422
2022-03-18,74.41000366210938
2022-03-21,74.33000183105469
2022-03-22,75.7300033569336
2022-03-23,75.06999969482422
2022-03-24,76.5
2022-03-25,75.5
2022-03-28,74.68000030517578
2022-03-29,76.47000122070312
2022-03-30,77.55000305175781
2022-03-31,76.9800033569336
2022-04-01,78.22000122070312
2022-04-04,80.05000305175781
2022-04-05,77.91000366210938
2022-04-06,75.75
2022-04-07,75.27999877929688
2022-04-08,74.61000061035156
2022-04-11,71.47000122070312
2022-04-12,71.56999969482422
2022-04-13,73.05999755859375
2022-04-14,72.2699966430664
2022-04-18,72.01000213623047
2022-04-19,73.0199966430664
2022-04-20,71.18000030517578
2022-04-21,68.7699966430664
2022-04-22,67.26000213623047
2022-04-25,64.86000061035156
2022-04-26,61.709999084472656
2022-04-27,64.33000183105469
2022-04-28,65.08000183105469
2022-04-29,65.45999908447266
2022-05-02,65.66000366210938
2022-05-03,66.68000030517578
2022-05-04,68.9000015258789
2022-05-05,67.04000091552734
2022-05-06,66.94000244140625
2022-05-09,63.06999969482422
2022-05-10,64.27999877929688
2022-05-11,64.68000030517578
2022-05-12,64.18000030517578
2022-05-13,67.54000091552734
2022-05-16,66.6500015258789
2022-05-17,70.33999633789062
2022-05-18,69.05999755859375
2022-05-19,71.38999938964844
2022-05-20,71.4000015258789
2022-05-23,72.4000015258789
2022-05-24,70.8499984741211
2022-05-25,70.23999786376953
2022-05-26,72.58000183105469
2022-05-27,74.3499984741211
2022-05-31,73.61000061035156
2022-06-01,71.91999816894531
2022-06-02,75.08000183105469
2022-06-03,74.33999633789062
2022-06-06,76.2699966430664
2022-06-07,75.87999725341797
2022-06-08,75.2699966430664
2022-06-09,72.37000274658203
2022-06-10,72.52999877929688
2022-06-13,70.5
2022-06-14,71.62999725341797
2022-06-15,71.91000366210938
2022-06-16,69.69000244140625
2022-06-17,72.3499984741211
2022-06-21,73.87000274658203
2022-06-22,72.69999694824219
2022-06-23,73.69999694824219
2022-06-24,75.80000305175781
2022-06-27,76.27999877929688
2022-06-28,75.31999969482422
2022-06-29,72.58000183105469
2022-06-30,72.62000274658203
2022-07-01,71.75
2022-07-05,72.05999755859375
2022-07-06,71.9000015258789
2022-07-07,75.12000274658203
2022-07-08,74.80999755859375
2022-07-11,70.97000122070312
2022-07-12,69.0
2022-07-13,70.06999969482422
2022-07-14,71.18000030517578
2022-07-15,71.11000061035156
