Date,ENPH
2012-03-30,7.340000152587891
2012-04-02,7.809999942779541
2012-04-03,7.639999866485596
2012-04-04,7.449999809265137
2012-04-05,7.429999828338623
2012-04-09,6.980000019073486
2012-04-10,7.070000171661377
2012-04-11,7.130000114440918
2012-04-12,7.300000190734863
2012-04-13,7.099999904632568
2012-04-16,7.159999847412109
2012-04-17,7.0
2012-04-18,7.289999961853027
2012-04-19,7.039999961853027
2012-04-20,7.019999980926514
2012-04-23,6.980000019073486
2012-04-24,6.909999847412109
2012-04-25,6.880000114440918
2012-04-26,6.860000133514404
2012-04-27,6.75
2012-04-30,7.28000020980835
2012-05-01,7.920000076293945
2012-05-02,8.0
2012-05-03,8.819999694824219
2012-05-04,8.359999656677246
2012-05-07,8.34000015258789
2012-05-08,8.479999542236328
2012-05-09,8.649999618530273
2012-05-10,8.600000381469727
2012-05-11,8.430000305175781
2012-05-14,8.220000267028809
2012-05-15,8.399999618530273
2012-05-16,8.319999694824219
2012-05-17,8.40999984741211
2012-05-18,7.989999771118164
2012-05-21,8.100000381469727
2012-05-22,7.989999771118164
2012-05-23,7.900000095367432
2012-05-24,7.849999904632568
2012-05-25,7.789999961853027
2012-05-29,7.800000190734863
2012-05-30,7.010000228881836
2012-05-31,6.900000095367432
2012-06-01,5.949999809265137
2012-06-04,4.960000038146973
2012-06-05,5.329999923706055
2012-06-06,6.690000057220459
2012-06-07,6.599999904632568
2012-06-08,6.980000019073486
2012-06-11,6.449999809265137
2012-06-12,7.079999923706055
2012-06-13,7.019999980926514
2012-06-14,7.239999771118164
2012-06-15,7.010000228881836
2012-06-18,6.949999809265137
2012-06-19,7.0
2012-06-20,6.800000190734863
2012-06-21,6.599999904632568
2012-06-22,6.610000133514404
2012-06-25,6.28000020980835
2012-06-26,5.989999771118164
2012-06-27,5.849999904632568
2012-06-28,6.289999961853027
2012-06-29,6.21999979019165
2012-07-02,6.190000057220459
2012-07-03,6.190000057220459
2012-07-05,6.190000057220459
2012-07-06,6.239999771118164
2012-07-09,6.199999809265137
2012-07-10,5.809999942779541
2012-07-11,5.739999771118164
2012-07-12,5.489999771118164
2012-07-13,6.039999961853027
2012-07-16,5.670000076293945
2012-07-17,5.650000095367432
2012-07-18,5.96999979019165
2012-07-19,5.880000114440918
2012-07-20,6.099999904632568
2012-07-23,6.210000038146973
2012-07-24,5.829999923706055
2012-07-25,5.760000228881836
2012-07-26,5.869999885559082
2012-07-27,5.840000152587891
2012-07-30,5.900000095367432
2012-07-31,5.809999942779541
2012-08-01,5.639999866485596
2012-08-02,5.78000020980835
2012-08-03,6.03000020980835
2012-08-06,6.329999923706055
2012-08-07,6.670000076293945
2012-08-08,5.070000171661377
2012-08-09,5.559999942779541
2012-08-10,5.630000114440918
2012-08-13,5.070000171661377
2012-08-14,5.170000076293945
2012-08-15,5.039999961853027
2012-08-16,5.059999942779541
2012-08-17,5.260000228881836
2012-08-20,5.230000019073486
2012-08-21,5.139999866485596
2012-08-22,5.0
2012-08-23,4.96999979019165
2012-08-24,4.940000057220459
2012-08-27,5.099999904632568
2012-08-28,5.010000228881836
2012-08-29,5.110000133514404
2012-08-30,4.900000095367432
2012-08-31,4.960000038146973
2012-09-04,4.960000038146973
2012-09-05,5.28000020980835
2012-09-06,4.980000019073486
2012-09-07,4.53000020980835
2012-09-10,4.610000133514404
2012-09-11,4.679999828338623
2012-09-12,4.840000152587891
2012-09-13,4.900000095367432
2012-09-14,5.21999979019165
2012-09-17,4.989999771118164
2012-09-18,4.96999979019165
2012-09-19,5.110000133514404
2012-09-20,5.119999885559082
2012-09-21,5.110000133514404
2012-09-24,4.880000114440918
2012-09-25,4.75
2012-09-26,4.75
2012-09-27,4.599999904632568
2012-09-28,4.139999866485596
2012-10-01,3.890000104904175
2012-10-02,3.8399999141693115
2012-10-03,3.940000057220459
2012-10-04,3.8499999046325684
2012-10-05,3.6500000953674316
2012-10-08,3.640000104904175
2012-10-09,3.3299999237060547
2012-10-10,3.1500000953674316
2012-10-11,3.319999933242798
2012-10-12,3.630000114440918
2012-10-15,3.799999952316284
2012-10-16,3.619999885559082
2012-10-17,3.759999990463257
2012-10-18,3.700000047683716
2012-10-19,3.700000047683716
2012-10-22,3.509999990463257
2012-10-23,3.4200000762939453
2012-10-24,3.490000009536743
2012-10-25,3.640000104904175
2012-10-26,3.509999990463257
2012-10-31,3.6700000762939453
2012-11-01,3.5
2012-11-02,3.3299999237060547
2012-11-05,3.430000066757202
2012-11-06,3.5199999809265137
2012-11-07,3.2799999713897705
2012-11-08,2.450000047683716
2012-11-09,2.6500000953674316
2012-11-12,2.4200000762939453
2012-11-13,2.2100000381469727
2012-11-14,2.109999895095825
2012-11-15,2.0
2012-11-16,1.9900000095367432
2012-11-19,2.2200000286102295
2012-11-20,2.5899999141693115
2012-11-21,2.7300000190734863
2012-11-23,2.5799999237060547
2012-11-26,2.809999942779541
2012-11-27,2.7100000381469727
2012-11-28,2.5799999237060547
2012-11-29,2.5999999046325684
2012-11-30,2.7899999618530273
2012-12-03,2.9800000190734863
2012-12-04,2.880000114440918
2012-12-05,2.799999952316284
2012-12-06,2.7200000286102295
2012-12-07,2.6700000762939453
2012-12-10,2.5399999618530273
2012-12-11,2.9100000858306885
2012-12-12,3.0299999713897705
2012-12-13,2.950000047683716
2012-12-14,3.2200000286102295
2012-12-17,3.3499999046325684
2012-12-18,3.380000114440918
2012-12-19,3.180000066757202
2012-12-20,3.1500000953674316
2012-12-21,3.0299999713897705
2012-12-24,3.0899999141693115
2012-12-26,3.0299999713897705
2012-12-27,3.509999990463257
2012-12-28,3.5999999046325684
2012-12-31,3.6500000953674316
2013-01-02,3.7899999618530273
2013-01-03,3.7300000190734863
2013-01-04,3.9000000953674316
2013-01-07,3.75
2013-01-08,3.7100000381469727
2013-01-09,3.75
2013-01-10,3.7200000286102295
2013-01-11,3.7799999713897705
2013-01-14,3.7799999713897705
2013-01-15,3.8399999141693115
2013-01-16,3.8499999046325684
2013-01-17,3.9100000858306885
2013-01-18,3.7799999713897705
2013-01-22,3.7799999713897705
2013-01-23,3.7200000286102295
2013-01-24,3.7100000381469727
2013-01-25,3.680000066757202
2013-01-28,3.6700000762939453
2013-01-29,3.7699999809265137
2013-01-30,3.7899999618530273
2013-01-31,3.7699999809265137
2013-02-01,4.079999923706055
2013-02-04,3.9100000858306885
2013-02-05,4.329999923706055
2013-02-06,4.110000133514404
2013-02-07,4.239999771118164
2013-02-08,4.230000019073486
2013-02-11,4.269999980926514
2013-02-12,4.480000019073486
2013-02-13,4.329999923706055
2013-02-14,5.099999904632568
2013-02-15,5.03000020980835
2013-02-19,5.210000038146973
2013-02-20,4.989999771118164
2013-02-21,5.239999771118164
2013-02-22,5.239999771118164
2013-02-25,4.840000152587891
2013-02-26,5.050000190734863
2013-02-27,4.630000114440918
2013-02-28,4.929999828338623
2013-03-01,4.75
2013-03-04,4.670000076293945
2013-03-05,4.880000114440918
2013-03-06,4.920000076293945
2013-03-07,4.760000228881836
2013-03-08,5.239999771118164
2013-03-11,5.199999809265137
2013-03-12,5.880000114440918
2013-03-13,5.5
2013-03-14,5.920000076293945
2013-03-15,5.869999885559082
2013-03-18,5.599999904632568
2013-03-19,5.800000190734863
2013-03-20,6.019999980926514
2013-03-21,6.039999961853027
2013-03-22,5.960000038146973
2013-03-25,6.460000038146973
2013-03-26,6.519999980926514
2013-03-27,6.420000076293945
2013-03-28,6.199999809265137
2013-04-01,5.860000133514404
2013-04-02,5.900000095367432
2013-04-03,5.679999828338623
2013-04-04,6.150000095367432
2013-04-05,6.099999904632568
2013-04-08,5.78000020980835
2013-04-09,6.150000095367432
2013-04-10,6.099999904632568
2013-04-11,5.96999979019165
2013-04-12,5.880000114440918
2013-04-15,5.239999771118164
2013-04-16,5.940000057220459
2013-04-17,5.570000171661377
2013-04-18,5.46999979019165
2013-04-19,5.550000190734863
2013-04-22,5.809999942779541
2013-04-23,5.96999979019165
2013-04-24,6.199999809265137
2013-04-25,6.699999809265137
2013-04-26,7.25
2013-04-29,7.110000133514404
2013-04-30,7.039999961853027
2013-05-01,6.949999809265137
2013-05-02,7.5
2013-05-03,7.739999771118164
2013-05-06,7.849999904632568
2013-05-07,7.630000114440918
2013-05-08,7.440000057220459
2013-05-09,7.889999866485596
2013-05-10,7.920000076293945
2013-05-13,8.90999984741211
2013-05-14,9.65999984741211
2013-05-15,9.399999618530273
2013-05-16,8.9399995803833
2013-05-17,9.050000190734863
2013-05-20,9.100000381469727
2013-05-21,8.989999771118164
2013-05-22,8.430000305175781
2013-05-23,8.220000267028809
2013-05-24,8.149999618530273
2013-05-28,8.380000114440918
2013-05-29,7.900000095367432
2013-05-30,7.789999961853027
2013-05-31,7.71999979019165
2013-06-03,7.420000076293945
2013-06-04,7.039999961853027
2013-06-05,6.940000057220459
2013-06-06,6.960000038146973
2013-06-07,6.980000019073486
2013-06-10,7.0
2013-06-11,6.800000190734863
2013-06-12,6.170000076293945
2013-06-13,6.659999847412109
2013-06-14,6.599999904632568
2013-06-17,6.699999809265137
2013-06-18,6.909999847412109
2013-06-19,6.639999866485596
2013-06-20,6.53000020980835
2013-06-21,7.190000057220459
2013-06-24,6.650000095367432
2013-06-25,6.820000171661377
2013-06-26,6.940000057220459
2013-06-27,7.570000171661377
2013-06-28,7.730000019073486
2013-07-01,7.679999828338623
2013-07-02,7.320000171661377
2013-07-03,7.429999828338623
2013-07-05,7.5
2013-07-08,8.010000228881836
2013-07-09,8.149999618530273
2013-07-10,7.980000019073486
2013-07-11,7.909999847412109
2013-07-12,7.619999885559082
2013-07-15,8.079999923706055
2013-07-16,8.199999809265137
2013-07-17,7.949999809265137
2013-07-18,7.829999923706055
2013-07-19,7.400000095367432
2013-07-22,7.070000171661377
2013-07-23,7.239999771118164
2013-07-24,6.400000095367432
2013-07-25,6.710000038146973
2013-07-26,6.599999904632568
2013-07-29,6.300000190734863
2013-07-30,6.309999942779541
2013-07-31,6.349999904632568
2013-08-01,6.25
2013-08-02,6.28000020980835
2013-08-05,6.599999904632568
2013-08-06,6.059999942779541
2013-08-07,6.0
2013-08-08,6.050000190734863
2013-08-09,6.070000171661377
2013-08-12,6.46999979019165
2013-08-13,6.5
2013-08-14,7.110000133514404
2013-08-15,6.849999904632568
2013-08-16,6.5
2013-08-19,6.489999771118164
2013-08-20,6.409999847412109
2013-08-21,6.360000133514404
2013-08-22,6.610000133514404
2013-08-23,6.980000019073486
2013-08-26,7.230000019073486
2013-08-27,6.579999923706055
2013-08-28,6.510000228881836
2013-08-29,6.440000057220459
2013-08-30,6.289999961853027
2013-09-03,6.610000133514404
2013-09-04,6.980000019073486
2013-09-05,7.110000133514404
2013-09-06,6.940000057220459
2013-09-09,7.440000057220459
2013-09-10,7.789999961853027
2013-09-11,8.0
2013-09-12,7.880000114440918
2013-09-13,8.0600004196167
2013-09-16,8.140000343322754
2013-09-17,8.079999923706055
2013-09-18,8.25
2013-09-19,8.300000190734863
2013-09-20,8.729999542236328
2013-09-23,8.520000457763672
2013-09-24,8.050000190734863
2013-09-25,7.989999771118164
2013-09-26,8.050000190734863
2013-09-27,7.940000057220459
2013-09-30,8.119999885559082
2013-10-01,8.319999694824219
2013-10-02,8.359999656677246
2013-10-03,8.34000015258789
2013-10-04,8.930000305175781
2013-10-07,8.65999984741211
2013-10-08,8.0600004196167
2013-10-09,7.619999885559082
2013-10-10,8.1899995803833
2013-10-11,8.6899995803833
2013-10-14,8.75
2013-10-15,8.579999923706055
2013-10-16,8.59000015258789
2013-10-17,8.65999984741211
2013-10-18,8.84000015258789
2013-10-21,9.079999923706055
2013-10-22,9.0
2013-10-23,8.739999771118164
2013-10-24,8.729999542236328
2013-10-25,7.900000095367432
2013-10-28,7.860000133514404
2013-10-29,7.880000114440918
2013-10-30,7.670000076293945
2013-10-31,7.550000190734863
2013-11-01,7.610000133514404
2013-11-04,7.929999828338623
2013-11-05,8.25
2013-11-06,8.0
2013-11-07,7.679999828338623
2013-11-08,7.840000152587891
2013-11-11,8.15999984741211
2013-11-12,8.220000267028809
2013-11-13,7.949999809265137
2013-11-14,7.840000152587891
2013-11-15,7.769999980926514
2013-11-18,7.679999828338623
2013-11-19,7.110000133514404
2013-11-20,6.800000190734863
2013-11-21,7.070000171661377
2013-11-22,7.110000133514404
2013-11-25,7.050000190734863
2013-11-26,7.139999866485596
2013-11-27,7.239999771118164
2013-11-29,7.25
2013-12-02,6.909999847412109
2013-12-03,6.599999904632568
2013-12-04,6.409999847412109
2013-12-05,6.269999980926514
2013-12-06,6.0
2013-12-09,5.71999979019165
2013-12-10,5.650000095367432
2013-12-11,5.170000076293945
2013-12-12,4.889999866485596
2013-12-13,5.699999809265137
2013-12-16,5.559999942779541
2013-12-17,5.769999980926514
2013-12-18,5.800000190734863
2013-12-19,5.980000019073486
2013-12-20,5.699999809265137
2013-12-23,5.610000133514404
2013-12-24,5.829999923706055
2013-12-26,5.78000020980835
2013-12-27,5.869999885559082
2013-12-30,6.389999866485596
2013-12-31,6.340000152587891
2014-01-02,6.78000020980835
2014-01-03,6.920000076293945
2014-01-06,7.039999961853027
2014-01-07,7.539999961853027
2014-01-08,7.25
2014-01-09,7.590000152587891
2014-01-10,7.789999961853027
2014-01-13,8.050000190734863
2014-01-14,7.869999885559082
2014-01-15,8.260000228881836
2014-01-16,8.279999732971191
2014-01-17,8.130000114440918
2014-01-21,8.220000267028809
2014-01-22,8.079999923706055
2014-01-23,7.829999923706055
2014-01-24,7.610000133514404
2014-01-27,7.329999923706055
2014-01-28,7.409999847412109
2014-01-29,7.320000171661377
2014-01-30,7.539999961853027
2014-01-31,7.400000095367432
2014-02-03,6.650000095367432
2014-02-04,6.739999771118164
2014-02-05,6.599999904632568
2014-02-06,6.599999904632568
2014-02-07,6.690000057220459
2014-02-10,7.03000020980835
2014-02-11,7.0
2014-02-12,6.860000133514404
2014-02-13,7.300000190734863
2014-02-14,7.300000190734863
2014-02-18,7.579999923706055
2014-02-19,8.069999694824219
2014-02-20,7.909999847412109
2014-02-21,7.369999885559082
2014-02-24,7.630000114440918
2014-02-25,7.889999866485596
2014-02-26,8.210000038146973
2014-02-27,8.25
2014-02-28,8.069999694824219
2014-03-03,8.020000457763672
2014-03-04,8.479999542236328
2014-03-05,8.640000343322754
2014-03-06,8.4399995803833
2014-03-07,8.520000457763672
2014-03-10,8.399999618530273
2014-03-11,8.380000114440918
2014-03-12,8.510000228881836
2014-03-13,8.369999885559082
2014-03-14,8.260000228881836
2014-03-17,8.260000228881836
2014-03-18,8.529999732971191
2014-03-19,8.510000228881836
2014-03-20,8.34000015258789
2014-03-21,8.270000457763672
2014-03-24,8.229999542236328
2014-03-25,8.289999961853027
2014-03-26,7.78000020980835
2014-03-27,7.190000057220459
2014-03-28,7.21999979019165
2014-03-31,7.360000133514404
2014-04-01,7.900000095367432
2014-04-02,8.399999618530273
2014-04-03,7.989999771118164
2014-04-04,7.679999828338623
2014-04-07,7.739999771118164
2014-04-08,7.699999809265137
2014-04-09,7.980000019073486
2014-04-10,7.369999885559082
2014-04-11,7.369999885559082
2014-04-14,7.210000038146973
2014-04-15,7.159999847412109
2014-04-16,7.230000019073486
2014-04-17,7.570000171661377
2014-04-21,7.670000076293945
2014-04-22,8.149999618530273
2014-04-23,7.940000057220459
2014-04-24,8.109999656677246
2014-04-25,7.650000095367432
2014-04-28,7.369999885559082
2014-04-29,7.320000171661377
2014-04-30,7.550000190734863
2014-05-01,7.440000057220459
2014-05-02,7.300000190734863
2014-05-05,7.269999980926514
2014-05-06,6.949999809265137
2014-05-07,7.800000190734863
2014-05-08,7.900000095367432
2014-05-09,8.020000457763672
2014-05-12,8.4399995803833
2014-05-13,8.359999656677246
2014-05-14,8.210000038146973
2014-05-15,8.09000015258789
2014-05-16,8.390000343322754
2014-05-19,8.239999771118164
2014-05-20,8.079999923706055
2014-05-21,8.539999961853027
2014-05-22,8.670000076293945
2014-05-23,8.75
2014-05-27,8.520000457763672
2014-05-28,8.420000076293945
2014-05-29,8.430000305175781
2014-05-30,8.449999809265137
2014-06-02,8.430000305175781
2014-06-03,8.380000114440918
2014-06-04,8.59000015258789
2014-06-05,8.869999885559082
2014-06-06,8.779999732971191
2014-06-09,8.779999732971191
2014-06-10,8.609999656677246
2014-06-11,8.4399995803833
2014-06-12,8.390000343322754
2014-06-13,8.430000305175781
2014-06-16,8.569999694824219
2014-06-17,8.65999984741211
2014-06-18,8.800000190734863
2014-06-19,8.65999984741211
2014-06-20,8.470000267028809
2014-06-23,8.479999542236328
2014-06-24,8.380000114440918
2014-06-25,8.510000228881836
2014-06-26,8.5
2014-06-27,8.489999771118164
2014-06-30,8.550000190734863
2014-07-01,9.0
2014-07-02,9.069999694824219
2014-07-03,9.359999656677246
2014-07-07,9.25
2014-07-08,9.15999984741211
2014-07-09,9.260000228881836
2014-07-10,9.170000076293945
2014-07-11,9.34000015258789
2014-07-14,9.6899995803833
2014-07-15,9.539999961853027
2014-07-16,9.40999984741211
2014-07-17,9.220000267028809
2014-07-18,9.699999809265137
2014-07-21,11.359999656677246
2014-07-22,11.59000015258789
2014-07-23,11.34000015258789
2014-07-24,11.609999656677246
2014-07-25,11.430000305175781
2014-07-28,10.5600004196167
2014-07-29,10.300000190734863
2014-07-30,10.489999771118164
2014-07-31,10.300000190734863
2014-08-01,9.819999694824219
2014-08-04,9.720000267028809
2014-08-05,9.699999809265137
2014-08-06,11.0600004196167
2014-08-07,11.5
2014-08-08,11.59000015258789
2014-08-11,11.720000267028809
2014-08-12,11.220000267028809
2014-08-13,11.550000190734863
2014-08-14,12.390000343322754
2014-08-15,12.640000343322754
2014-08-18,13.1899995803833
2014-08-19,13.430000305175781
2014-08-20,13.470000267028809
2014-08-21,13.5
2014-08-22,13.869999885559082
2014-08-25,13.75
2014-08-26,14.520000457763672
2014-08-27,14.470000267028809
2014-08-28,13.979999542236328
2014-08-29,14.079999923706055
2014-09-02,14.40999984741211
2014-09-03,14.59000015258789
2014-09-04,15.279999732971191
2014-09-05,15.029999732971191
2014-09-08,15.3100004196167
2014-09-09,15.460000038146973
2014-09-10,16.290000915527344
2014-09-11,16.81999969482422
2014-09-12,16.790000915527344
2014-09-15,16.010000228881836
2014-09-16,16.979999542236328
2014-09-17,17.389999389648438
2014-09-18,17.350000381469727
2014-09-19,16.850000381469727
2014-09-22,16.059999465942383
2014-09-23,15.579999923706055
2014-09-24,14.739999771118164
2014-09-25,13.979999542236328
2014-09-26,14.510000228881836
2014-09-29,15.220000267028809
2014-09-30,14.989999771118164
2014-10-01,14.4399995803833
2014-10-02,12.510000228881836
2014-10-03,12.510000228881836
2014-10-06,11.350000381469727
2014-10-07,11.65999984741211
2014-10-08,11.930000305175781
2014-10-09,11.229999542236328
2014-10-10,10.550000190734863
2014-10-13,10.140000343322754
2014-10-14,10.460000038146973
2014-10-15,11.329999923706055
2014-10-16,12.8100004196167
2014-10-17,12.020000457763672
2014-10-20,12.229999542236328
2014-10-21,13.800000190734863
2014-10-22,13.020000457763672
2014-10-23,13.600000381469727
2014-10-24,13.399999618530273
2014-10-27,13.140000343322754
2014-10-28,13.850000381469727
2014-10-29,13.9399995803833
2014-10-30,14.130000114440918
2014-10-31,15.020000457763672
2014-11-03,14.84000015258789
2014-11-04,15.600000381469727
2014-11-05,12.050000190734863
2014-11-06,11.40999984741211
2014-11-07,11.800000190734863
2014-11-10,11.229999542236328
2014-11-11,10.489999771118164
2014-11-12,10.630000114440918
2014-11-13,10.640000343322754
2014-11-14,11.0600004196167
2014-11-17,10.600000381469727
2014-11-18,11.09000015258789
2014-11-19,10.699999809265137
2014-11-20,11.079999923706055
2014-11-21,11.479999542236328
2014-11-24,11.5600004196167
2014-11-25,11.449999809265137
2014-11-26,11.4399995803833
2014-11-28,10.510000228881836
2014-12-01,10.5
2014-12-02,11.649999618530273
2014-12-03,12.199999809265137
2014-12-04,11.850000381469727
2014-12-05,12.859999656677246
2014-12-08,12.300000190734863
2014-12-09,12.800000190734863
2014-12-10,12.75
2014-12-11,12.550000190734863
2014-12-12,12.449999809265137
2014-12-15,12.380000114440918
2014-12-16,12.460000038146973
2014-12-17,13.4399995803833
2014-12-18,14.0
2014-12-19,14.079999923706055
2014-12-22,14.600000381469727
2014-12-23,14.399999618530273
2014-12-24,14.380000114440918
2014-12-26,14.819999694824219
2014-12-29,14.300000190734863
2014-12-30,14.09000015258789
2014-12-31,14.289999961853027
2015-01-02,14.210000038146973
2015-01-05,13.880000114440918
2015-01-06,12.9399995803833
2015-01-07,11.399999618530273
2015-01-08,11.729999542236328
2015-01-09,11.529999732971191
2015-01-12,10.90999984741211
2015-01-13,11.029999732971191
2015-01-14,10.8100004196167
2015-01-15,10.270000457763672
2015-01-16,10.779999732971191
2015-01-20,10.600000381469727
2015-01-21,10.430000305175781
2015-01-22,11.010000228881836
2015-01-23,11.84000015258789
2015-01-26,12.109999656677246
2015-01-27,12.130000114440918
2015-01-28,12.09000015258789
2015-01-29,12.979999542236328
2015-01-30,12.390000343322754
2015-02-02,13.170000076293945
2015-02-03,13.65999984741211
2015-02-04,13.300000190734863
2015-02-05,13.579999923706055
2015-02-06,13.859999656677246
2015-02-09,14.470000267028809
2015-02-10,14.460000038146973
2015-02-11,14.789999961853027
2015-02-12,14.779999732971191
2015-02-13,15.149999618530273
2015-02-17,13.920000076293945
2015-02-18,14.069999694824219
2015-02-19,13.579999923706055
2015-02-20,13.300000190734863
2015-02-23,13.510000228881836
2015-02-24,13.770000457763672
2015-02-25,13.869999885559082
2015-02-26,13.609999656677246
2015-02-27,13.779999732971191
2015-03-02,13.8100004196167
2015-03-03,13.369999885559082
2015-03-04,13.609999656677246
2015-03-05,14.329999923706055
2015-03-06,15.100000381469727
2015-03-09,14.180000305175781
2015-03-10,13.100000381469727
2015-03-11,12.510000228881836
2015-03-12,13.270000457763672
2015-03-13,13.25
2015-03-16,13.09000015258789
2015-03-17,13.25
2015-03-18,12.670000076293945
2015-03-19,12.869999885559082
2015-03-20,12.479999542236328
2015-03-23,12.600000381469727
2015-03-24,12.25
2015-03-25,11.869999885559082
2015-03-26,12.229999542236328
2015-03-27,13.09000015258789
2015-03-30,13.220000267028809
2015-03-31,13.1899995803833
2015-04-01,13.069999694824219
2015-04-02,13.359999656677246
2015-04-06,12.949999809265137
2015-04-07,13.270000457763672
2015-04-08,12.90999984741211
2015-04-09,13.220000267028809
2015-04-10,13.229999542236328
2015-04-13,13.350000381469727
2015-04-14,13.020000457763672
2015-04-15,13.649999618530273
2015-04-16,13.989999771118164
2015-04-17,13.649999618530273
2015-04-20,13.3100004196167
2015-04-21,13.350000381469727
2015-04-22,13.380000114440918
2015-04-23,13.899999618530273
2015-04-24,13.470000267028809
2015-04-27,13.0
2015-04-28,13.210000038146973
2015-04-29,12.850000381469727
2015-04-30,12.569999694824219
2015-05-01,12.75
2015-05-04,12.180000305175781
2015-05-05,12.109999656677246
2015-05-06,10.619999885559082
2015-05-07,10.920000076293945
2015-05-08,10.260000228881836
2015-05-11,10.579999923706055
2015-05-12,10.199999809265137
2015-05-13,9.819999694824219
2015-05-14,10.09000015258789
2015-05-15,10.539999961853027
2015-05-18,10.710000038146973
2015-05-19,10.369999885559082
2015-05-20,10.09000015258789
2015-05-21,10.010000228881836
2015-05-22,9.949999809265137
2015-05-26,9.789999961853027
2015-05-27,9.899999618530273
2015-05-28,9.819999694824219
2015-05-29,9.470000267028809
2015-06-01,9.289999961853027
2015-06-02,9.770000457763672
2015-06-03,9.890000343322754
2015-06-04,9.260000228881836
2015-06-05,9.130000114440918
2015-06-08,8.989999771118164
2015-06-09,8.859999656677246
2015-06-10,8.789999961853027
2015-06-11,9.029999732971191
2015-06-12,9.149999618530273
2015-06-15,8.970000267028809
2015-06-16,9.069999694824219
2015-06-17,9.050000190734863
2015-06-18,9.0
2015-06-19,9.09000015258789
2015-06-22,8.890000343322754
2015-06-23,8.869999885559082
2015-06-24,8.680000305175781
2015-06-25,8.5
2015-06-26,8.0600004196167
2015-06-29,7.840000152587891
2015-06-30,7.610000133514404
2015-07-01,7.610000133514404
2015-07-02,7.619999885559082
2015-07-06,7.449999809265137
2015-07-07,7.570000171661377
2015-07-08,6.199999809265137
2015-07-09,5.869999885559082
2015-07-10,5.989999771118164
2015-07-13,6.329999923706055
2015-07-14,6.679999828338623
2015-07-15,6.300000190734863
2015-07-16,6.329999923706055
2015-07-17,6.449999809265137
2015-07-20,6.159999847412109
2015-07-21,6.210000038146973
2015-07-22,5.880000114440918
2015-07-23,5.71999979019165
2015-07-24,5.760000228881836
2015-07-27,5.639999866485596
2015-07-28,5.630000114440918
2015-07-29,5.96999979019165
2015-07-30,5.989999771118164
2015-07-31,5.909999847412109
2015-08-03,5.46999979019165
2015-08-04,5.639999866485596
2015-08-05,6.980000019073486
2015-08-06,6.840000152587891
2015-08-07,6.239999771118164
2015-08-10,6.139999866485596
2015-08-11,5.670000076293945
2015-08-12,5.570000171661377
2015-08-13,5.440000057220459
2015-08-14,5.5
2015-08-17,5.599999904632568
2015-08-18,5.010000228881836
2015-08-19,4.96999979019165
2015-08-20,4.510000228881836
2015-08-21,4.420000076293945
2015-08-24,4.860000133514404
2015-08-25,4.340000152587891
2015-08-26,4.480000019073486
2015-08-27,4.630000114440918
2015-08-28,4.579999923706055
2015-08-31,4.599999904632568
2015-09-01,4.420000076293945
2015-09-02,4.420000076293945
2015-09-03,4.460000038146973
2015-09-04,4.489999771118164
2015-09-08,4.599999904632568
2015-09-09,4.440000057220459
2015-09-10,4.400000095367432
2015-09-11,4.489999771118164
2015-09-14,4.420000076293945
2015-09-15,4.480000019073486
2015-09-16,4.630000114440918
2015-09-17,4.630000114440918
2015-09-18,4.659999847412109
2015-09-21,4.389999866485596
2015-09-22,4.170000076293945
2015-09-23,4.03000020980835
2015-09-24,3.9700000286102295
2015-09-25,3.9000000953674316
2015-09-28,3.619999885559082
2015-09-29,3.549999952316284
2015-09-30,3.700000047683716
2015-10-01,3.6500000953674316
2015-10-02,4.070000171661377
2015-10-05,4.639999866485596
2015-10-06,4.769999980926514
2015-10-07,5.050000190734863
2015-10-08,5.21999979019165
2015-10-09,5.159999847412109
2015-10-12,5.079999923706055
2015-10-13,4.880000114440918
2015-10-14,4.989999771118164
2015-10-15,5.210000038146973
2015-10-16,4.960000038146973
2015-10-19,4.980000019073486
2015-10-20,3.75
2015-10-21,3.9800000190734863
2015-10-22,3.8299999237060547
2015-10-23,3.869999885559082
2015-10-26,4.03000020980835
2015-10-27,3.5
2015-10-28,3.700000047683716
2015-10-29,3.700000047683716
2015-10-30,3.5999999046325684
2015-11-02,3.490000009536743
2015-11-03,3.7200000286102295
2015-11-04,2.3299999237060547
2015-11-05,2.299999952316284
2015-11-06,2.190000057220459
2015-11-09,2.0999999046325684
2015-11-10,1.9199999570846558
2015-11-11,1.8700000047683716
2015-11-12,1.8600000143051147
2015-11-13,1.8799999952316284
2015-11-16,2.119999885559082
2015-11-17,1.8899999856948853
2015-11-18,1.899999976158142
2015-11-19,1.7300000190734863
2015-11-20,1.7100000381469727
2015-11-23,1.690000057220459
2015-11-24,1.7300000190734863
2015-11-25,1.75
2015-11-27,1.7699999809265137
2015-11-30,1.6699999570846558
2015-12-01,1.8899999856948853
2015-12-02,2.0199999809265137
2015-12-03,2.130000114440918
2015-12-04,2.0799999237060547
2015-12-07,2.259999990463257
2015-12-08,2.109999895095825
2015-12-09,2.2200000286102295
2015-12-10,2.1500000953674316
2015-12-11,2.0999999046325684
2015-12-14,2.2300000190734863
2015-12-15,2.4100000858306885
2015-12-16,3.3399999141693115
2015-12-17,3.1600000858306885
2015-12-18,3.009999990463257
2015-12-21,3.5899999141693115
2015-12-22,3.5399999618530273
2015-12-23,3.680000066757202
2015-12-24,3.619999885559082
2015-12-28,3.5899999141693115
2015-12-29,3.4600000381469727
2015-12-30,3.5
2015-12-31,3.509999990463257
2016-01-04,3.490000009536743
2016-01-05,3.3499999046325684
2016-01-06,3.1600000858306885
2016-01-07,3.0
2016-01-08,2.990000009536743
2016-01-11,2.799999952316284
2016-01-12,2.7100000381469727
2016-01-13,2.5
2016-01-14,2.3499999046325684
2016-01-15,2.190000057220459
2016-01-19,2.190000057220459
2016-01-20,2.0399999618530273
2016-01-21,2.4600000381469727
2016-01-22,2.359999895095825
2016-01-25,2.309999942779541
2016-01-26,2.3399999141693115
2016-01-27,2.259999990463257
2016-01-28,2.309999942779541
2016-01-29,2.430000066757202
2016-02-01,2.390000104904175
2016-02-02,2.2100000381469727
2016-02-03,2.309999942779541
2016-02-04,2.309999942779541
2016-02-05,2.130000114440918
2016-02-08,2.0899999141693115
2016-02-09,1.940000057220459
2016-02-10,1.899999976158142
2016-02-11,1.8300000429153442
2016-02-12,1.9500000476837158
2016-02-16,2.130000114440918
2016-02-17,2.240000009536743
2016-02-18,2.0999999046325684
2016-02-19,2.140000104904175
2016-02-22,2.2100000381469727
2016-02-23,2.3499999046325684
2016-02-24,1.9800000190734863
2016-02-25,1.9600000381469727
2016-02-26,1.9199999570846558
2016-02-29,2.3299999237060547
2016-03-01,2.440000057220459
2016-03-02,2.609999895095825
2016-03-03,3.3299999237060547
2016-03-04,3.049999952316284
2016-03-07,3.299999952316284
2016-03-08,2.9200000762939453
2016-03-09,3.109999895095825
2016-03-10,2.940000057220459
2016-03-11,2.940000057220459
2016-03-14,2.819999933242798
2016-03-15,2.6700000762939453
2016-03-16,2.559999942779541
2016-03-17,2.700000047683716
2016-03-18,2.630000114440918
2016-03-21,2.5399999618530273
2016-03-22,2.4600000381469727
2016-03-23,2.259999990463257
2016-03-24,2.2100000381469727
2016-03-28,2.130000114440918
2016-03-29,2.140000104904175
2016-03-30,2.2899999618530273
2016-03-31,2.3299999237060547
2016-04-01,2.390000104904175
2016-04-04,2.569999933242798
2016-04-05,2.5899999141693115
2016-04-06,2.5799999237060547
2016-04-07,2.450000047683716
2016-04-08,2.309999942779541
2016-04-11,2.319999933242798
2016-04-12,2.390000104904175
2016-04-13,2.559999942779541
2016-04-14,2.7100000381469727
2016-04-15,2.569999933242798
2016-04-18,2.630000114440918
2016-04-19,2.5299999713897705
2016-04-20,2.5399999618530273
2016-04-21,2.490000009536743
2016-04-22,2.569999933242798
2016-04-25,2.5
2016-04-26,2.640000104904175
2016-04-27,2.680000066757202
2016-04-28,2.5799999237060547
2016-04-29,2.509999990463257
2016-05-02,2.559999942779541
2016-05-03,2.4600000381469727
2016-05-04,2.0999999046325684
2016-05-05,2.0799999237060547
2016-05-06,1.9199999570846558
2016-05-09,1.9299999475479126
2016-05-10,1.940000057220459
2016-05-11,1.899999976158142
2016-05-12,1.7999999523162842
2016-05-13,1.7699999809265137
2016-05-16,1.809999942779541
2016-05-17,1.7899999618530273
2016-05-18,1.850000023841858
2016-05-19,1.840000033378601
2016-05-20,1.850000023841858
2016-05-23,1.9800000190734863
2016-05-24,1.940000057220459
2016-05-25,2.049999952316284
2016-05-26,2.009999990463257
2016-05-27,2.109999895095825
2016-05-31,2.0899999141693115
2016-06-01,2.0899999141693115
2016-06-02,2.0899999141693115
2016-06-03,2.009999990463257
2016-06-06,2.2899999618530273
2016-06-07,2.2300000190734863
2016-06-08,2.2300000190734863
2016-06-09,2.0999999046325684
2016-06-10,2.0299999713897705
2016-06-13,1.940000057220459
2016-06-14,2.0
2016-06-15,2.069999933242798
2016-06-16,2.009999990463257
2016-06-17,2.119999885559082
2016-06-20,2.140000104904175
2016-06-21,2.1500000953674316
2016-06-22,2.130000114440918
2016-06-23,2.2799999713897705
2016-06-24,2.0799999237060547
2016-06-27,1.909999966621399
2016-06-28,1.9500000476837158
2016-06-29,1.8899999856948853
2016-06-30,1.9900000095367432
2016-07-01,1.9600000381469727
2016-07-05,1.899999976158142
2016-07-06,1.8899999856948853
2016-07-07,1.8899999856948853
2016-07-08,1.9600000381469727
2016-07-11,2.059999942779541
2016-07-12,2.049999952316284
2016-07-13,1.9600000381469727
2016-07-14,1.899999976158142
2016-07-15,1.8799999952316284
2016-07-18,1.8899999856948853
2016-07-19,1.8200000524520874
2016-07-20,1.840000033378601
2016-07-21,1.850000023841858
2016-07-22,1.850000023841858
2016-07-25,1.7599999904632568
2016-07-26,1.7799999713897705
2016-07-27,1.809999942779541
2016-07-28,1.7999999523162842
2016-07-29,1.7999999523162842
2016-08-01,1.809999942779541
2016-08-02,1.7899999618530273
2016-08-03,1.7899999618530273
2016-08-04,1.7999999523162842
2016-08-05,1.8899999856948853
2016-08-08,1.9299999475479126
2016-08-09,1.9800000190734863
2016-08-10,1.8300000429153442
2016-08-11,1.7799999713897705
2016-08-12,1.7799999713897705
2016-08-15,1.8899999856948853
2016-08-16,1.8200000524520874
2016-08-17,1.8300000429153442
2016-08-18,1.8899999856948853
2016-08-19,1.9500000476837158
2016-08-22,1.899999976158142
2016-08-23,1.9199999570846558
2016-08-24,1.8700000047683716
2016-08-25,1.840000033378601
2016-08-26,1.809999942779541
2016-08-29,1.840000033378601
2016-08-30,1.840000033378601
2016-08-31,1.8200000524520874
2016-09-01,1.8200000524520874
2016-09-02,1.8200000524520874
2016-09-06,1.850000023841858
2016-09-07,1.8200000524520874
2016-09-08,1.7999999523162842
2016-09-09,1.7999999523162842
2016-09-12,1.7999999523162842
2016-09-13,1.75
2016-09-14,1.7000000476837158
2016-09-15,1.6699999570846558
2016-09-16,1.440000057220459
2016-09-19,1.4800000190734863
2016-09-20,1.399999976158142
2016-09-21,1.4800000190734863
2016-09-22,1.6699999570846558
2016-09-23,1.2000000476837158
2016-09-26,1.2000000476837158
2016-09-27,1.2000000476837158
2016-09-28,1.190000057220459
2016-09-29,1.2000000476837158
2016-09-30,1.1799999475479126
2016-10-03,1.190000057220459
2016-10-04,1.2000000476837158
2016-10-05,1.190000057220459
2016-10-06,1.2100000381469727
2016-10-07,1.159999966621399
2016-10-10,1.059999942779541
2016-10-11,1.0700000524520874
2016-10-12,1.090000033378601
2016-10-13,1.100000023841858
2016-10-14,1.1399999856948853
2016-10-17,1.149999976158142
2016-10-18,1.1299999952316284
2016-10-19,1.1200000047683716
2016-10-20,1.149999976158142
2016-10-21,1.159999966621399
2016-10-24,1.1399999856948853
2016-10-25,1.1100000143051147
2016-10-26,1.059999942779541
2016-10-27,1.090000033378601
2016-10-28,1.0700000524520874
2016-10-31,1.0
2016-11-01,1.0099999904632568
2016-11-02,1.1699999570846558
2016-11-03,1.2000000476837158
2016-11-04,1.1699999570846558
2016-11-07,1.159999966621399
2016-11-08,1.2000000476837158
2016-11-09,1.1100000143051147
2016-11-10,1.1200000047683716
2016-11-11,1.1399999856948853
2016-11-14,1.1399999856948853
2016-11-15,1.0499999523162842
2016-11-16,1.1100000143051147
2016-11-17,1.1299999952316284
2016-11-18,1.100000023841858
2016-11-21,1.0800000429153442
2016-11-22,1.090000033378601
2016-11-23,1.1399999856948853
2016-11-25,1.1399999856948853
2016-11-28,1.1299999952316284
2016-11-29,1.1200000047683716
2016-11-30,1.1200000047683716
2016-12-01,1.1100000143051147
2016-12-02,1.1399999856948853
2016-12-05,1.149999976158142
2016-12-06,1.3700000047683716
2016-12-07,1.3200000524520874
2016-12-08,1.340000033378601
2016-12-09,1.3200000524520874
2016-12-12,1.25
2016-12-13,1.2799999713897705
2016-12-14,1.2000000476837158
2016-12-15,1.1799999475479126
2016-12-16,1.2400000095367432
2016-12-19,1.2999999523162842
2016-12-20,1.2699999809265137
2016-12-21,1.2100000381469727
2016-12-22,1.2300000190734863
2016-12-23,1.1299999952316284
2016-12-27,1.059999942779541
2016-12-28,0.9800000190734863
2016-12-29,0.9700000286102295
2016-12-30,1.0099999904632568
2017-01-03,1.0499999523162842
2017-01-04,1.149999976158142
2017-01-05,1.1200000047683716
2017-01-06,1.1100000143051147
2017-01-09,1.1100000143051147
2017-01-10,1.1299999952316284
2017-01-11,1.440000057220459
2017-01-12,1.3600000143051147
2017-01-13,1.5399999618530273
2017-01-17,1.649999976158142
2017-01-18,1.8899999856948853
2017-01-19,1.7799999713897705
2017-01-20,1.850000023841858
2017-01-23,1.7000000476837158
2017-01-24,1.659999966621399
2017-01-25,1.7100000381469727
2017-01-26,1.6399999856948853
2017-01-27,1.600000023841858
2017-01-30,1.4900000095367432
2017-01-31,1.4900000095367432
2017-02-01,1.5099999904632568
2017-02-02,1.4700000286102295
2017-02-03,1.4299999475479126
2017-02-06,1.4199999570846558
2017-02-07,1.4500000476837158
2017-02-08,1.5399999618530273
2017-02-09,1.559999942779541
2017-02-10,1.559999942779541
2017-02-13,1.5099999904632568
2017-02-14,1.5
2017-02-15,1.600000023841858
2017-02-16,1.6100000143051147
2017-02-17,1.6399999856948853
2017-02-21,1.690000057220459
2017-02-22,1.6100000143051147
2017-02-23,1.690000057220459
2017-02-24,1.8600000143051147
2017-02-27,1.899999976158142
2017-02-28,1.7899999618530273
2017-03-01,1.6100000143051147
2017-03-02,1.5299999713897705
2017-03-03,1.4700000286102295
2017-03-06,1.3600000143051147
2017-03-07,1.2799999713897705
2017-03-08,1.2200000286102295
2017-03-09,1.1399999856948853
2017-03-10,1.3300000429153442
2017-03-13,1.2300000190734863
2017-03-14,1.2799999713897705
2017-03-15,1.3700000047683716
2017-03-16,1.3700000047683716
2017-03-17,1.399999976158142
2017-03-20,1.340000033378601
2017-03-21,1.25
2017-03-22,1.2400000095367432
2017-03-23,1.2400000095367432
2017-03-24,1.2400000095367432
2017-03-27,1.2400000095367432
2017-03-28,1.25
2017-03-29,1.2999999523162842
2017-03-30,1.350000023841858
2017-03-31,1.3700000047683716
2017-04-03,1.3700000047683716
2017-04-04,1.399999976158142
2017-04-05,1.2899999618530273
2017-04-06,1.350000023841858
2017-04-07,1.3600000143051147
2017-04-10,1.350000023841858
2017-04-11,1.340000033378601
2017-04-12,1.340000033378601
2017-04-13,1.309999942779541
2017-04-17,1.309999942779541
2017-04-18,1.2599999904632568
2017-04-19,1.190000057220459
2017-04-20,1.1799999475479126
2017-04-21,1.2300000190734863
2017-04-24,1.2799999713897705
2017-04-25,1.2899999618530273
2017-04-26,1.2699999809265137
2017-04-27,1.2400000095367432
2017-04-28,1.190000057220459
2017-05-01,1.2000000476837158
2017-05-02,1.2300000190734863
2017-05-03,1.159999966621399
2017-05-04,1.1200000047683716
2017-05-05,1.159999966621399
2017-05-08,1.1699999570846558
2017-05-09,1.149999976158142
2017-05-10,1.059999942779541
2017-05-11,0.9200000166893005
2017-05-12,0.8299999833106995
2017-05-15,0.7699999809265137
2017-05-16,0.7699999809265137
2017-05-17,0.7099999785423279
2017-05-18,0.699999988079071
2017-05-19,0.7200000286102295
2017-05-22,0.7799999713897705
2017-05-23,0.7699999809265137
2017-05-24,0.7300000190734863
2017-05-25,0.7300000190734863
2017-05-26,0.7200000286102295
2017-05-30,0.75
2017-05-31,0.7599999904632568
2017-06-01,0.7799999713897705
2017-06-02,0.8199999928474426
2017-06-05,0.7799999713897705
2017-06-06,0.7599999904632568
2017-06-07,0.7699999809265137
2017-06-08,0.7900000214576721
2017-06-09,0.7799999713897705
2017-06-12,0.7699999809265137
2017-06-13,0.8199999928474426
2017-06-14,0.800000011920929
2017-06-15,0.7900000214576721
2017-06-16,0.7699999809265137
2017-06-19,0.800000011920929
2017-06-20,0.8399999737739563
2017-06-21,0.8299999833106995
2017-06-22,0.8700000047683716
2017-06-23,0.8899999856948853
2017-06-26,0.8500000238418579
2017-06-27,0.8500000238418579
2017-06-28,0.8700000047683716
2017-06-29,0.8500000238418579
2017-06-30,0.8700000047683716
2017-07-03,0.8600000143051147
2017-07-05,0.8199999928474426
2017-07-06,0.8199999928474426
2017-07-07,0.800000011920929
2017-07-10,0.8299999833106995
2017-07-11,0.7900000214576721
2017-07-12,0.8199999928474426
2017-07-13,0.8100000023841858
2017-07-14,0.8199999928474426
2017-07-17,0.800000011920929
2017-07-18,0.800000011920929
2017-07-19,0.800000011920929
2017-07-20,0.8399999737739563
2017-07-21,0.8600000143051147
2017-07-24,0.8899999856948853
2017-07-25,0.9900000095367432
2017-07-26,1.0099999904632568
2017-07-27,0.949999988079071
2017-07-28,0.9599999785423279
2017-07-31,0.9399999976158142
2017-08-01,0.9599999785423279
2017-08-02,0.9399999976158142
2017-08-03,0.9399999976158142
2017-08-04,0.9300000071525574
2017-08-07,0.8700000047683716
2017-08-08,0.8899999856948853
2017-08-09,0.9300000071525574
2017-08-10,0.8299999833106995
2017-08-11,0.8199999928474426
2017-08-14,0.8199999928474426
2017-08-15,0.7799999713897705
2017-08-16,0.8199999928474426
2017-08-17,0.8199999928474426
2017-08-18,0.8700000047683716
2017-08-21,0.8399999737739563
2017-08-22,0.8399999737739563
2017-08-23,0.8600000143051147
2017-08-24,0.9100000262260437
2017-08-25,0.9399999976158142
2017-08-28,0.9200000166893005
2017-08-29,0.9200000166893005
2017-08-30,0.949999988079071
2017-08-31,0.9200000166893005
2017-09-01,0.9800000190734863
2017-09-05,1.090000033378601
2017-09-06,1.1100000143051147
2017-09-07,1.2999999523162842
2017-09-08,1.2999999523162842
2017-09-11,1.25
2017-09-12,1.2100000381469727
2017-09-13,1.2899999618530273
2017-09-14,1.2999999523162842
2017-09-15,1.5299999713897705
2017-09-18,1.5099999904632568
2017-09-19,1.5099999904632568
2017-09-20,1.5199999809265137
2017-09-21,1.409999966621399
2017-09-22,1.409999966621399
2017-09-25,1.3600000143051147
2017-09-26,1.3700000047683716
2017-09-27,1.4500000476837158
2017-09-28,1.5099999904632568
2017-09-29,1.5199999809265137
2017-10-02,1.5299999713897705
2017-10-03,1.590000033378601
2017-10-04,1.5199999809265137
2017-10-05,1.5299999713897705
2017-10-06,1.4900000095367432
2017-10-09,1.4299999475479126
2017-10-10,1.3799999952316284
2017-10-11,1.399999976158142
2017-10-12,1.409999966621399
2017-10-13,1.3899999856948853
2017-10-16,1.409999966621399
2017-10-17,1.3700000047683716
2017-10-18,1.2599999904632568
2017-10-19,1.2899999618530273
2017-10-20,1.3700000047683716
2017-10-23,1.3200000524520874
2017-10-24,1.3300000429153442
2017-10-25,1.2699999809265137
2017-10-26,1.3200000524520874
2017-10-27,1.3600000143051147
2017-10-30,1.4900000095367432
2017-10-31,1.5299999713897705
2017-11-01,1.399999976158142
2017-11-02,1.4500000476837158
2017-11-03,1.4800000190734863
2017-11-06,1.4900000095367432
2017-11-07,1.4600000381469727
2017-11-08,1.75
2017-11-09,1.8300000429153442
2017-11-10,1.9700000286102295
2017-11-13,2.319999933242798
2017-11-14,2.369999885559082
2017-11-15,2.609999895095825
2017-11-16,2.7799999713897705
2017-11-17,2.7699999809265137
2017-11-20,2.559999942779541
2017-11-21,2.7799999713897705
2017-11-22,2.809999942779541
2017-11-24,2.6600000858306885
2017-11-27,3.0
2017-11-28,3.140000104904175
2017-11-29,2.869999885559082
2017-11-30,2.9000000953674316
2017-12-01,2.9000000953674316
2017-12-04,2.6500000953674316
2017-12-05,2.759999990463257
2017-12-06,2.700000047683716
2017-12-07,2.799999952316284
2017-12-08,2.7699999809265137
2017-12-11,2.700000047683716
2017-12-12,2.7200000286102295
2017-12-13,2.6600000858306885
2017-12-14,2.700000047683716
2017-12-15,2.799999952316284
2017-12-18,2.559999942779541
2017-12-19,2.4700000286102295
2017-12-20,2.5199999809265137
2017-12-21,2.549999952316284
2017-12-22,2.5299999713897705
2017-12-26,2.4200000762939453
2017-12-27,2.450000047683716
2017-12-28,2.490000009536743
2017-12-29,2.4100000858306885
2018-01-02,2.5999999046325684
2018-01-03,2.5799999237060547
2018-01-04,2.5
2018-01-05,2.4700000286102295
2018-01-08,2.4100000858306885
2018-01-09,2.380000114440918
2018-01-10,2.259999990463257
2018-01-11,2.4000000953674316
2018-01-12,2.240000009536743
2018-01-16,2.0899999141693115
2018-01-17,2.0999999046325684
2018-01-18,1.940000057220459
2018-01-19,1.9500000476837158
2018-01-22,1.9700000286102295
2018-01-23,2.059999942779541
2018-01-24,2.0199999809265137
2018-01-25,2.0899999141693115
2018-01-26,2.140000104904175
2018-01-29,2.0299999713897705
2018-01-30,2.0299999713897705
2018-01-31,2.200000047683716
2018-02-01,2.1700000762939453
2018-02-02,2.069999933242798
2018-02-05,2.299999952316284
2018-02-06,2.309999942779541
2018-02-07,2.5299999713897705
2018-02-08,2.2799999713897705
2018-02-09,2.2899999618530273
2018-02-12,2.6600000858306885
2018-02-13,2.8499999046325684
2018-02-14,2.6700000762939453
2018-02-15,2.759999990463257
2018-02-16,2.819999933242798
2018-02-20,2.549999952316284
2018-02-21,2.630000114440918
2018-02-22,2.430000066757202
2018-02-23,2.4700000286102295
2018-02-26,2.680000066757202
2018-02-27,2.7899999618530273
2018-02-28,3.319999933242798
2018-03-01,3.309999942779541
2018-03-02,3.430000066757202
2018-03-05,3.7100000381469727
2018-03-06,3.8499999046325684
2018-03-07,3.9200000762939453
2018-03-08,3.7899999618530273
2018-03-09,3.869999885559082
2018-03-12,4.050000190734863
2018-03-13,3.9800000190734863
2018-03-14,4.25
2018-03-15,4.409999847412109
2018-03-16,4.71999979019165
2018-03-19,4.739999771118164
2018-03-20,4.760000228881836
2018-03-21,4.710000038146973
2018-03-22,4.730000019073486
2018-03-23,4.829999923706055
2018-03-26,4.920000076293945
2018-03-27,5.079999923706055
2018-03-28,4.590000152587891
2018-03-29,4.570000171661377
2018-04-02,4.510000228881836
2018-04-03,4.239999771118164
2018-04-04,4.420000076293945
2018-04-05,4.360000133514404
2018-04-06,4.139999866485596
2018-04-09,4.150000095367432
2018-04-10,4.0
2018-04-11,3.9600000381469727
2018-04-12,4.070000171661377
2018-04-13,3.940000057220459
2018-04-16,3.9600000381469727
2018-04-17,4.260000228881836
2018-04-18,4.25
2018-04-19,4.579999923706055
2018-04-20,4.909999847412109
2018-04-23,4.960000038146973
2018-04-24,4.460000038146973
2018-04-25,4.389999866485596
2018-04-26,4.380000114440918
2018-04-27,4.260000228881836
2018-04-30,4.150000095367432
2018-05-01,4.059999942779541
2018-05-02,4.630000114440918
2018-05-03,4.5
2018-05-04,4.300000190734863
2018-05-07,4.590000152587891
2018-05-08,4.489999771118164
2018-05-09,4.679999828338623
2018-05-10,5.210000038146973
2018-05-11,5.090000152587891
2018-05-14,5.179999828338623
2018-05-15,5.300000190734863
2018-05-16,5.599999904632568
2018-05-17,5.53000020980835
2018-05-18,5.340000152587891
2018-05-21,5.5
2018-05-22,5.539999961853027
2018-05-23,5.650000095367432
2018-05-24,5.800000190734863
2018-05-25,5.610000133514404
2018-05-29,5.849999904632568
2018-05-30,6.230000019073486
2018-05-31,5.730000019073486
2018-06-01,5.78000020980835
2018-06-04,5.789999961853027
2018-06-05,5.619999885559082
2018-06-06,5.300000190734863
2018-06-07,5.320000171661377
2018-06-08,5.03000020980835
2018-06-11,4.619999885559082
2018-06-12,4.5
2018-06-13,5.980000019073486
2018-06-14,6.440000057220459
2018-06-15,5.690000057220459
2018-06-18,6.099999904632568
2018-06-19,6.199999809265137
2018-06-20,6.159999847412109
2018-06-21,6.21999979019165
2018-06-22,6.619999885559082
2018-06-25,6.980000019073486
2018-06-26,7.300000190734863
2018-06-27,6.809999942779541
2018-06-28,6.949999809265137
2018-06-29,6.730000019073486
2018-07-02,7.139999866485596
2018-07-03,7.03000020980835
2018-07-05,7.010000228881836
2018-07-06,7.03000020980835
2018-07-09,7.400000095367432
2018-07-10,7.480000019073486
2018-07-11,7.039999961853027
2018-07-12,7.019999980926514
2018-07-13,7.039999961853027
2018-07-16,6.730000019073486
2018-07-17,6.630000114440918
2018-07-18,6.690000057220459
2018-07-19,7.019999980926514
2018-07-20,6.760000228881836
2018-07-23,6.71999979019165
2018-07-24,6.619999885559082
2018-07-25,6.480000019073486
2018-07-26,6.179999828338623
2018-07-27,5.590000152587891
2018-07-30,5.679999828338623
2018-07-31,5.949999809265137
2018-08-01,5.590000152587891
2018-08-02,5.699999809265137
2018-08-03,5.360000133514404
2018-08-06,5.760000228881836
2018-08-07,5.869999885559082
2018-08-08,5.75
2018-08-09,5.679999828338623
2018-08-10,5.710000038146973
2018-08-13,5.369999885559082
2018-08-14,5.050000190734863
2018-08-15,4.889999866485596
2018-08-16,4.980000019073486
2018-08-17,4.769999980926514
2018-08-20,4.96999979019165
2018-08-21,4.909999847412109
2018-08-22,4.940000057220459
2018-08-23,4.900000095367432
2018-08-24,4.909999847412109
2018-08-27,4.789999961853027
2018-08-28,5.010000228881836
2018-08-29,5.210000038146973
2018-08-30,4.710000038146973
2018-08-31,4.889999866485596
2018-09-04,4.889999866485596
2018-09-05,4.610000133514404
2018-09-06,4.429999828338623
2018-09-07,4.449999809265137
2018-09-10,4.420000076293945
2018-09-11,4.46999979019165
2018-09-12,4.409999847412109
2018-09-13,4.099999904632568
2018-09-14,4.03000020980835
2018-09-17,3.890000104904175
2018-09-18,4.360000133514404
2018-09-19,4.230000019073486
2018-09-20,4.420000076293945
2018-09-21,4.400000095367432
2018-09-24,4.210000038146973
2018-09-25,4.619999885559082
2018-09-26,4.539999961853027
2018-09-27,4.940000057220459
2018-09-28,4.849999904632568
2018-10-01,4.960000038146973
2018-10-02,4.989999771118164
2018-10-03,4.929999828338623
2018-10-04,4.639999866485596
2018-10-05,4.510000228881836
2018-10-08,4.630000114440918
2018-10-09,4.539999961853027
2018-10-10,4.329999923706055
2018-10-11,4.5
2018-10-12,4.599999904632568
2018-10-15,4.940000057220459
2018-10-16,4.889999866485596
2018-10-17,4.920000076293945
2018-10-18,4.869999885559082
2018-10-19,4.739999771118164
2018-10-22,4.699999809265137
2018-10-23,4.510000228881836
2018-10-24,4.260000228881836
2018-10-25,4.400000095367432
2018-10-26,4.190000057220459
2018-10-29,4.150000095367432
2018-10-30,4.239999771118164
2018-10-31,4.539999961853027
2018-11-01,4.909999847412109
2018-11-02,5.150000095367432
2018-11-05,5.389999866485596
2018-11-06,5.150000095367432
2018-11-07,5.639999866485596
2018-11-08,5.809999942779541
2018-11-09,5.559999942779541
2018-11-12,5.429999828338623
2018-11-13,5.440000057220459
2018-11-14,5.400000095367432
2018-11-15,5.539999961853027
2018-11-16,5.449999809265137
2018-11-19,5.289999961853027
2018-11-20,4.920000076293945
2018-11-21,5.079999923706055
2018-11-23,5.210000038146973
2018-11-26,5.300000190734863
2018-11-27,5.320000171661377
2018-11-28,5.570000171661377
2018-11-29,5.420000076293945
2018-11-30,5.400000095367432
2018-12-03,5.78000020980835
2018-12-04,5.659999847412109
2018-12-06,5.869999885559082
2018-12-07,5.679999828338623
2018-12-10,5.679999828338623
2018-12-11,5.699999809265137
2018-12-12,5.800000190734863
2018-12-13,5.760000228881836
2018-12-14,5.679999828338623
2018-12-17,5.53000020980835
2018-12-18,5.25
2018-12-19,5.190000057220459
2018-12-20,5.0
2018-12-21,4.739999771118164
2018-12-24,4.639999866485596
2018-12-26,4.989999771118164
2018-12-27,4.900000095367432
2018-12-28,4.829999923706055
2018-12-31,4.730000019073486
2019-01-02,4.920000076293945
2019-01-03,4.760000228881836
2019-01-04,5.079999923706055
2019-01-07,5.260000228881836
2019-01-08,5.349999904632568
2019-01-09,5.630000114440918
2019-01-10,5.630000114440918
2019-01-11,5.679999828338623
2019-01-14,5.820000171661377
2019-01-15,6.150000095367432
2019-01-16,6.679999828338623
2019-01-17,6.820000171661377
2019-01-18,6.53000020980835
2019-01-22,6.590000152587891
2019-01-23,6.510000228881836
2019-01-24,6.659999847412109
2019-01-25,6.71999979019165
2019-01-28,6.900000095367432
2019-01-29,7.099999904632568
2019-01-30,7.159999847412109
2019-01-31,7.230000019073486
2019-02-01,7.0
2019-02-04,7.0
2019-02-05,7.300000190734863
2019-02-06,7.320000171661377
2019-02-07,7.480000019073486
2019-02-08,7.440000057220459
2019-02-11,7.730000019073486
2019-02-12,7.599999904632568
2019-02-13,7.679999828338623
2019-02-14,7.659999847412109
2019-02-15,7.650000095367432
2019-02-19,7.559999942779541
2019-02-20,7.230000019073486
2019-02-21,7.369999885559082
2019-02-22,7.78000020980835
2019-02-25,8.0600004196167
2019-02-26,8.09000015258789
2019-02-27,8.869999885559082
2019-02-28,9.069999694824219
2019-03-01,9.100000381469727
2019-03-04,8.779999732971191
2019-03-05,8.699999809265137
2019-03-06,8.380000114440918
2019-03-07,8.289999961853027
2019-03-08,8.460000038146973
2019-03-11,8.84000015258789
2019-03-12,9.0
2019-03-13,9.359999656677246
2019-03-14,9.380000114440918
2019-03-15,9.050000190734863
2019-03-18,9.670000076293945
2019-03-19,9.199999809265137
2019-03-20,9.180000305175781
2019-03-21,9.380000114440918
2019-03-22,9.1899995803833
2019-03-25,9.029999732971191
2019-03-26,8.710000038146973
2019-03-27,8.800000190734863
2019-03-28,9.079999923706055
2019-03-29,9.229999542236328
2019-04-01,9.260000228881836
2019-04-02,9.350000381469727
2019-04-03,9.6899995803833
2019-04-04,9.520000457763672
2019-04-05,9.84000015258789
2019-04-08,10.239999771118164
2019-04-09,10.029999732971191
2019-04-10,10.149999618530273
2019-04-11,9.800000190734863
2019-04-12,9.930000305175781
2019-04-15,9.59000015258789
2019-04-16,9.65999984741211
2019-04-17,9.729999542236328
2019-04-18,9.449999809265137
2019-04-22,9.279999732971191
2019-04-23,9.75
2019-04-24,9.829999923706055
2019-04-25,9.90999984741211
2019-04-26,10.430000305175781
2019-04-29,10.210000038146973
2019-04-30,10.039999961853027
2019-05-01,12.979999542236328
2019-05-02,12.930000305175781
2019-05-03,13.829999923706055
2019-05-06,13.75
2019-05-07,14.210000038146973
2019-05-08,13.930000305175781
2019-05-09,13.5600004196167
2019-05-10,14.020000457763672
2019-05-13,13.6899995803833
2019-05-14,14.020000457763672
2019-05-15,14.579999923706055
2019-05-16,14.819999694824219
2019-05-17,14.649999618530273
2019-05-20,14.3100004196167
2019-05-21,14.880000114440918
2019-05-22,15.220000267028809
2019-05-23,14.680000305175781
2019-05-24,15.359999656677246
2019-05-28,15.8100004196167
2019-05-29,16.290000915527344
2019-05-30,15.770000457763672
2019-05-31,15.170000076293945
2019-06-03,15.710000038146973
2019-06-04,15.970000267028809
2019-06-05,15.920000076293945
2019-06-06,15.680000305175781
2019-06-07,16.360000610351562
2019-06-10,16.190000534057617
2019-06-11,17.06999969482422
2019-06-12,17.079999923706055
2019-06-13,17.510000228881836
2019-06-14,17.329999923706055
2019-06-17,17.75
2019-06-18,18.799999237060547
2019-06-19,18.6299991607666
2019-06-20,18.399999618530273
2019-06-21,17.639999389648438
2019-06-24,17.489999771118164
2019-06-25,16.290000915527344
2019-06-26,16.790000915527344
2019-06-27,17.920000076293945
2019-06-28,18.229999542236328
2019-07-01,18.299999237060547
2019-07-02,18.559999465942383
2019-07-03,18.969999313354492
2019-07-05,19.639999389648438
2019-07-08,19.969999313354492
2019-07-09,20.420000076293945
2019-07-10,19.889999389648438
2019-07-11,19.479999542236328
2019-07-12,19.670000076293945
2019-07-15,19.65999984741211
2019-07-16,20.350000381469727
2019-07-17,20.190000534057617
2019-07-18,20.65999984741211
2019-07-19,20.809999465942383
2019-07-22,21.260000228881836
2019-07-23,19.649999618530273
2019-07-24,20.020000457763672
2019-07-25,19.799999237060547
2019-07-26,20.799999237060547
2019-07-29,21.200000762939453
2019-07-30,21.649999618530273
2019-07-31,28.149999618530273
2019-08-01,30.100000381469727
2019-08-02,29.1200008392334
2019-08-05,27.450000762939453
2019-08-06,28.719999313354492
2019-08-07,30.790000915527344
2019-08-08,31.579999923706055
2019-08-09,31.850000381469727
2019-08-12,30.899999618530273
2019-08-13,32.16999816894531
2019-08-14,30.219999313354492
2019-08-15,29.780000686645508
2019-08-16,32.029998779296875
2019-08-19,33.400001525878906
2019-08-20,33.880001068115234
2019-08-21,34.83000183105469
2019-08-22,33.75
2019-08-23,33.400001525878906
2019-08-26,34.619998931884766
2019-08-27,33.04999923706055
2019-08-28,33.27000045776367
2019-08-29,31.149999618530273
2019-08-30,29.670000076293945
2019-09-03,27.700000762939453
2019-09-04,27.860000610351562
2019-09-05,25.290000915527344
2019-09-06,25.399999618530273
2019-09-09,23.799999237060547
2019-09-10,23.280000686645508
2019-09-11,24.719999313354492
2019-09-12,22.200000762939453
2019-09-13,22.079999923706055
2019-09-16,23.260000228881836
2019-09-17,25.06999969482422
2019-09-18,25.200000762939453
2019-09-19,27.1200008392334
2019-09-20,27.469999313354492
2019-09-23,27.229999542236328
2019-09-24,25.020000457763672
2019-09-25,25.059999465942383
2019-09-26,23.190000534057617
2019-09-27,22.260000228881836
2019-09-30,22.229999542236328
2019-10-01,21.709999084472656
2019-10-02,21.899999618530273
2019-10-03,22.420000076293945
2019-10-04,23.450000762939453
2019-10-07,23.75
2019-10-08,24.25
2019-10-09,24.219999313354492
2019-10-10,24.530000686645508
2019-10-11,24.280000686645508
2019-10-14,24.75
2019-10-15,24.139999389648438
2019-10-16,24.170000076293945
2019-10-17,25.100000381469727
2019-10-18,24.75
2019-10-21,25.889999389648438
2019-10-22,23.709999084472656
2019-10-23,23.399999618530273
2019-10-24,23.209999084472656
2019-10-25,24.549999237060547
2019-10-28,25.440000534057617
2019-10-29,25.190000534057617
2019-10-30,18.760000228881836
2019-10-31,19.43000030517578
2019-11-01,18.829999923706055
2019-11-04,17.950000762939453
2019-11-05,18.59000015258789
2019-11-06,18.200000762939453
2019-11-07,18.0
2019-11-08,18.440000534057617
2019-11-11,18.739999771118164
2019-11-12,19.1200008392334
2019-11-13,18.93000030517578
2019-11-14,18.989999771118164
2019-11-15,19.31999969482422
2019-11-18,18.610000610351562
2019-11-19,19.190000534057617
2019-11-20,18.1200008392334
2019-11-21,18.81999969482422
2019-11-22,19.3700008392334
2019-11-25,21.149999618530273
2019-11-26,21.510000228881836
2019-11-27,23.040000915527344
2019-11-29,21.8700008392334
2019-12-02,22.06999969482422
2019-12-03,23.739999771118164
2019-12-04,24.270000457763672
2019-12-05,23.3700008392334
2019-12-06,24.110000610351562
2019-12-09,24.040000915527344
2019-12-10,24.020000457763672
2019-12-11,24.209999084472656
2019-12-12,23.68000030517578
2019-12-13,24.6200008392334
2019-12-16,25.760000228881836
2019-12-17,25.850000381469727
2019-12-18,25.739999771118164
2019-12-19,25.959999084472656
2019-12-20,25.940000534057617
2019-12-23,26.809999465942383
2019-12-24,27.020000457763672
2019-12-26,27.34000015258789
2019-12-27,26.760000228881836
2019-12-30,25.3700008392334
2019-12-31,26.1299991607666
2020-01-02,29.34000015258789
2020-01-03,29.290000915527344
2020-01-06,29.65999984741211
2020-01-07,29.989999771118164
2020-01-08,31.0
2020-01-09,31.59000015258789
2020-01-10,30.670000076293945
2020-01-13,30.790000915527344
2020-01-14,30.200000762939453
2020-01-15,30.15999984741211
2020-01-16,30.829999923706055
2020-01-17,31.5
2020-01-21,31.260000228881836
2020-01-22,31.6200008392334
2020-01-23,32.06999969482422
2020-01-24,32.70000076293945
2020-01-27,29.950000762939453
2020-01-28,32.2400016784668
2020-01-29,32.560001373291016
2020-01-30,33.4900016784668
2020-01-31,31.520000457763672
2020-02-03,32.91999816894531
2020-02-04,36.900001525878906
2020-02-05,36.90999984741211
2020-02-06,38.38999938964844
2020-02-07,38.04999923706055
2020-02-10,38.61000061035156
2020-02-11,39.65999984741211
2020-02-12,41.5
2020-02-13,41.34000015258789
2020-02-14,41.09000015258789
2020-02-18,40.16999816894531
2020-02-19,57.220001220703125
2020-02-20,58.7400016784668
2020-02-21,59.09000015258789
2020-02-24,55.2599983215332
2020-02-25,50.900001525878906
2020-02-26,51.869998931884766
2020-02-27,48.7599983215332
2020-02-28,48.970001220703125
2020-03-02,51.400001525878906
2020-03-03,52.369998931884766
2020-03-04,53.470001220703125
2020-03-05,56.689998626708984
2020-03-06,53.04999923706055
2020-03-09,43.380001068115234
2020-03-10,45.59000015258789
2020-03-11,41.72999954223633
2020-03-12,33.02000045776367
2020-03-13,32.86000061035156
2020-03-16,27.450000762939453
2020-03-17,29.280000686645508
2020-03-18,23.989999771118164
2020-03-19,26.25
2020-03-20,26.0
2020-03-23,27.510000228881836
2020-03-24,34.34000015258789
2020-03-25,36.810001373291016
2020-03-26,36.130001068115234
2020-03-27,32.380001068115234
2020-03-30,32.0
2020-03-31,32.290000915527344
2020-04-01,29.770000457763672
2020-04-02,29.920000076293945
2020-04-03,28.690000534057617
2020-04-06,34.04999923706055
2020-04-07,35.040000915527344
2020-04-08,37.93000030517578
2020-04-09,38.060001373291016
2020-04-13,37.779998779296875
2020-04-14,41.400001525878906
2020-04-15,39.61000061035156
2020-04-16,38.790000915527344
2020-04-17,38.959999084472656
2020-04-20,39.0099983215332
2020-04-21,35.5099983215332
2020-04-22,38.2400016784668
2020-04-23,39.47999954223633
2020-04-24,37.72999954223633
2020-04-27,37.209999084472656
2020-04-28,43.0
2020-04-29,48.9900016784668
2020-04-30,46.83000183105469
2020-05-01,43.25
2020-05-04,43.97999954223633
2020-05-05,44.369998931884766
2020-05-06,52.68000030517578
2020-05-07,54.4900016784668
2020-05-08,57.279998779296875
2020-05-11,59.58000183105469
2020-05-12,59.27000045776367
2020-05-13,57.470001220703125
2020-05-14,56.97999954223633
2020-05-15,58.380001068115234
2020-05-18,64.41999816894531
2020-05-19,67.04000091552734
2020-05-20,64.16999816894531
2020-05-21,59.93000030517578
2020-05-22,56.41999816894531
2020-05-26,58.43000030517578
2020-05-27,57.86000061035156
2020-05-28,55.79999923706055
2020-05-29,58.189998626708984
2020-06-01,59.68000030517578
2020-06-02,56.95000076293945
2020-06-03,53.31999969482422
2020-06-04,51.63999938964844
2020-06-05,54.59000015258789
2020-06-08,52.900001525878906
2020-06-09,51.58000183105469
2020-06-10,49.349998474121094
2020-06-11,47.65999984741211
2020-06-12,48.630001068115234
2020-06-15,50.45000076293945
2020-06-16,52.7599983215332
2020-06-17,39.040000915527344
2020-06-18,45.720001220703125
2020-06-19,46.720001220703125
2020-06-22,45.560001373291016
2020-06-23,45.4900016784668
2020-06-24,46.68000030517578
2020-06-25,45.79999923706055
2020-06-26,45.29999923706055
2020-06-29,47.45000076293945
2020-06-30,47.56999969482422
2020-07-01,49.060001373291016
2020-07-02,48.86000061035156
2020-07-06,50.15999984741211
2020-07-07,50.63999938964844
2020-07-08,54.93000030517578
2020-07-09,55.790000915527344
2020-07-10,55.43000030517578
2020-07-13,52.31999969482422
2020-07-14,55.880001068115234
2020-07-15,57.95000076293945
2020-07-16,57.7400016784668
2020-07-17,59.310001373291016
2020-07-20,63.540000915527344
2020-07-21,61.099998474121094
2020-07-22,62.08000183105469
2020-07-23,61.66999816894531
2020-07-24,59.650001525878906
2020-07-27,62.220001220703125
2020-07-28,57.22999954223633
2020-07-29,59.119998931884766
2020-07-30,59.13999938964844
2020-07-31,60.36000061035156
2020-08-03,61.209999084472656
2020-08-04,68.94999694824219
2020-08-05,74.98999786376953
2020-08-06,71.37000274658203
2020-08-07,72.83999633789062
2020-08-10,71.83999633789062
2020-08-11,67.30000305175781
2020-08-12,71.19000244140625
2020-08-13,74.87999725341797
2020-08-14,73.16000366210938
2020-08-17,75.05999755859375
2020-08-18,75.16000366210938
2020-08-19,75.48999786376953
2020-08-20,73.08999633789062
2020-08-21,73.13999938964844
2020-08-24,73.36000061035156
2020-08-25,75.93000030517578
2020-08-26,75.23999786376953
2020-08-27,73.44000244140625
2020-08-28,76.04000091552734
2020-08-31,77.2300033569336
2020-09-01,78.70999908447266
2020-09-02,77.0199966430664
2020-09-03,67.80000305175781
2020-09-04,66.16000366210938
2020-09-08,65.05000305175781
2020-09-09,67.70999908447266
2020-09-10,66.0999984741211
2020-09-11,65.0999984741211
2020-09-14,69.48999786376953
2020-09-15,72.16000366210938
2020-09-16,72.83000183105469
2020-09-17,66.87000274658203
2020-09-18,68.2699966430664
2020-09-21,70.72000122070312
2020-09-22,72.2300033569336
2020-09-23,70.2699966430664
2020-09-24,69.41000366210938
2020-09-25,73.62000274658203
2020-09-28,78.13999938964844
2020-09-29,80.80000305175781
2020-09-30,82.58999633789062
2020-10-01,89.51000213623047
2020-10-02,90.43000030517578
2020-10-05,98.05000305175781
2020-10-06,98.56999969482422
2020-10-07,107.81999969482422
2020-10-08,105.5
2020-10-09,109.18000030517578
2020-10-12,104.43000030517578
2020-10-13,106.6500015258789
2020-10-14,108.97000122070312
2020-10-15,110.70999908447266
2020-10-16,110.83999633789062
2020-10-19,114.69000244140625
2020-10-20,116.13999938964844
2020-10-21,101.52999877929688
2020-10-22,103.45999908447266
2020-10-23,103.33000183105469
2020-10-26,103.66999816894531
2020-10-27,98.62999725341797
2020-10-28,102.80999755859375
2020-10-29,102.51000213623047
2020-10-30,98.08999633789062
2020-11-02,103.83000183105469
2020-11-03,104.75
2020-11-04,106.19000244140625
2020-11-05,120.26000213623047
2020-11-06,122.52999877929688
2020-11-09,117.08000183105469
2020-11-10,109.38999938964844
2020-11-11,120.43000030517578
2020-11-12,117.20999908447266
2020-11-13,116.58999633789062
2020-11-16,119.93000030517578
2020-11-17,125.12000274658203
2020-11-18,124.91999816894531
2020-11-19,128.88999938964844
2020-11-20,129.58999633789062
2020-11-23,134.42999267578125
2020-11-24,136.02000427246094
2020-11-25,139.07000732421875
2020-11-27,140.55999755859375
2020-11-30,136.57000732421875
2020-12-01,128.85000610351562
2020-12-02,127.93000030517578
2020-12-03,127.66999816894531
2020-12-04,130.4600067138672
2020-12-07,129.32000732421875
2020-12-08,134.74000549316406
2020-12-09,127.26000213623047
2020-12-10,131.2100067138672
2020-12-11,139.91000366210938
2020-12-14,145.07000732421875
2020-12-15,160.4600067138672
2020-12-16,163.30999755859375
2020-12-17,163.52000427246094
2020-12-18,164.41000366210938
2020-12-21,170.77999877929688
2020-12-22,177.27000427246094
2020-12-23,180.32000732421875
2020-12-24,181.38999938964844
2020-12-28,175.49000549316406
2020-12-29,170.1999969482422
2020-12-30,172.92999267578125
2020-12-31,175.47000122070312
2021-01-04,172.24000549316406
2021-01-05,181.47999572753906
2021-01-06,203.3800048828125
2021-01-07,213.75999450683594
2021-01-08,207.41000366210938
2021-01-11,201.67999267578125
2021-01-12,206.49000549316406
2021-01-13,203.69000244140625
2021-01-14,208.8300018310547
2021-01-15,190.58999633789062
2021-01-19,201.27999877929688
2021-01-20,199.39999389648438
2021-01-21,212.08999633789062
2021-01-22,212.07000732421875
2021-01-25,202.72999572753906
2021-01-26,187.33999633789062
2021-01-27,179.02000427246094
2021-01-28,193.74000549316406
2021-01-29,182.35000610351562
2021-02-01,186.33999633789062
2021-02-02,192.6300048828125
2021-02-03,196.33999633789062
2021-02-04,195.6300048828125
2021-02-05,193.1999969482422
2021-02-08,197.8699951171875
2021-02-09,200.10000610351562
2021-02-10,202.07000732421875
2021-02-11,199.0800018310547
2021-02-12,206.50999450683594
2021-02-16,193.5
2021-02-17,189.33999633789062
2021-02-18,180.83999633789062
2021-02-19,189.74000549316406
2021-02-22,167.86000061035156
2021-02-23,170.88999938964844
2021-02-24,180.8699951171875
2021-02-25,167.3699951171875
2021-02-26,176.05999755859375
2021-03-01,186.4499969482422
2021-03-02,171.69000244140625
2021-03-03,161.1199951171875
2021-03-04,149.8800048828125
2021-03-05,143.5500030517578
2021-03-08,132.05999755859375
2021-03-09,148.6999969482422
2021-03-10,152.42999267578125
2021-03-11,165.33999633789062
2021-03-12,164.7100067138672
2021-03-15,174.16000366210938
2021-03-16,166.30999755859375
2021-03-17,163.82000732421875
2021-03-18,148.47999572753906
2021-03-19,154.9499969482422
2021-03-22,161.11000061035156
2021-03-23,155.97000122070312
2021-03-24,147.97999572753906
2021-03-25,148.47999572753906
2021-03-26,152.07000732421875
2021-03-29,142.13999938964844
2021-03-30,150.60000610351562
2021-03-31,162.16000366210938
2021-04-01,162.69000244140625
2021-04-05,149.4199981689453
2021-04-06,157.9199981689453
2021-04-07,150.00999450683594
2021-04-08,153.1300048828125
2021-04-09,151.35000610351562
2021-04-12,151.8699951171875
2021-04-13,153.08999633789062
2021-04-14,151.91000366210938
2021-04-15,145.7899932861328
2021-04-16,150.00999450683594
2021-04-19,141.13999938964844
2021-04-20,147.0
2021-04-21,155.0800018310547
2021-04-22,160.8800048828125
2021-04-23,166.97000122070312
2021-04-26,172.64999389648438
2021-04-27,171.10000610351562
2021-04-28,146.91000366210938
2021-04-29,143.39999389648438
2021-04-30,139.25
2021-05-03,136.41000366210938
2021-05-04,127.83000183105469
2021-05-05,126.87999725341797
2021-05-06,121.94000244140625
2021-05-07,122.95999908447266
2021-05-10,118.12000274658203
2021-05-11,121.41999816894531
2021-05-12,117.16999816894531
2021-05-13,114.61000061035156
2021-05-14,119.77999877929688
2021-05-17,118.41999816894531
2021-05-18,122.51000213623047
2021-05-19,130.6699981689453
2021-05-20,141.82000732421875
2021-05-21,142.27999877929688
2021-05-24,140.8699951171875
2021-05-25,138.52999877929688
2021-05-26,143.0399932861328
2021-05-27,142.30999755859375
2021-05-28,143.0500030517578
2021-06-01,139.44000244140625
2021-06-02,139.1699981689453
2021-06-03,134.1300048828125
2021-06-04,134.6999969482422
2021-06-07,137.47000122070312
2021-06-08,139.14999389648438
2021-06-09,136.97000122070312
2021-06-10,143.5
2021-06-11,147.1300048828125
2021-06-14,147.64999389648438
2021-06-15,144.9199981689453
2021-06-16,152.02000427246094
2021-06-17,161.99000549316406
2021-06-18,165.85000610351562
2021-06-21,163.0800018310547
2021-06-22,167.3000030517578
2021-06-23,170.24000549316406
2021-06-24,170.77000427246094
2021-06-25,175.38999938964844
2021-06-28,188.3300018310547
2021-06-29,185.7100067138672
2021-06-30,183.6300048828125
2021-07-01,183.11000061035156
2021-07-02,186.41000366210938
2021-07-06,188.80999755859375
2021-07-07,181.8300018310547
2021-07-08,179.72000122070312
2021-07-09,183.8000030517578
2021-07-12,185.72000122070312
2021-07-13,184.05999755859375
2021-07-14,170.7899932861328
2021-07-15,165.2899932861328
2021-07-16,163.4499969482422
2021-07-19,165.27999877929688
2021-07-20,172.08999633789062
2021-07-21,179.7899932861328
2021-07-22,178.94000244140625
2021-07-23,178.17999267578125
2021-07-26,176.67999267578125
2021-07-27,172.86000061035156
2021-07-28,181.4199981689453
2021-07-29,182.05999755859375
2021-07-30,189.60000610351562
2021-08-02,183.11000061035156
2021-08-03,192.6199951171875
2021-08-04,193.92999267578125
2021-08-05,183.4499969482422
2021-08-06,179.74000549316406
2021-08-09,185.55999755859375
2021-08-10,184.08999633789062
2021-08-11,182.2899932861328
2021-08-12,181.2899932861328
2021-08-13,175.0
2021-08-16,167.5399932861328
2021-08-17,163.47999572753906
2021-08-18,162.47000122070312
2021-08-19,162.88999938964844
2021-08-20,165.99000549316406
2021-08-23,172.24000549316406
2021-08-24,172.9199981689453
2021-08-25,172.91000366210938
2021-08-26,172.42999267578125
2021-08-27,174.99000549316406
2021-08-30,177.77999877929688
2021-08-31,173.72999572753906
2021-09-01,176.42999267578125
2021-09-02,176.88999938964844
2021-09-03,173.94000244140625
2021-09-07,168.72999572753906
2021-09-08,163.3800048828125
2021-09-09,161.36000061035156
2021-09-10,158.22000122070312
2021-09-13,160.08999633789062
2021-09-14,157.9499969482422
2021-09-15,155.52999877929688
2021-09-16,156.7899932861328
2021-09-17,160.88999938964844
2021-09-20,152.44000244140625
2021-09-21,154.2899932861328
2021-09-22,158.2100067138672
2021-09-23,158.32000732421875
2021-09-24,153.66000366210938
2021-09-27,155.05999755859375
2021-09-28,150.7100067138672
2021-09-29,148.39999389648438
2021-09-30,149.97000122070312
2021-10-01,155.36000061035156
2021-10-04,145.02999877929688
2021-10-05,147.41000366210938
2021-10-06,153.5800018310547
2021-10-07,157.22999572753906
2021-10-08,154.36000061035156
2021-10-11,161.25999450683594
2021-10-12,169.83999633789062
2021-10-13,173.2100067138672
2021-10-14,173.77999877929688
2021-10-15,172.9199981689453
2021-10-18,179.97000122070312
2021-10-19,187.05999755859375
2021-10-20,180.10000610351562
2021-10-21,179.8000030517578
2021-10-22,176.6999969482422
2021-10-25,179.42999267578125
2021-10-26,173.4600067138672
2021-10-27,216.22000122070312
2021-10-28,224.4600067138672
2021-10-29,231.6300048828125
2021-11-01,239.52999877929688
2021-11-02,237.61000061035156
2021-11-03,236.5800018310547
2021-11-04,242.60000610351562
2021-11-05,237.89999389648438
2021-11-08,241.6199951171875
2021-11-09,239.38999938964844
2021-11-10,231.47999572753906
2021-11-11,250.49000549316406
2021-11-12,251.6199951171875
2021-11-15,244.7100067138672
2021-11-16,251.58999633789062
2021-11-17,254.86000061035156
2021-11-18,254.47999572753906
2021-11-19,267.739990234375
2021-11-22,261.1199951171875
2021-11-23,250.5
2021-11-24,255.10000610351562
2021-11-26,247.4199981689453
2021-11-29,256.7099914550781
2021-11-30,250.0
2021-12-01,236.86000061035156
2021-12-02,235.0
2021-12-03,217.10000610351562
2021-12-06,212.94000244140625
2021-12-07,222.55999755859375
2021-12-08,225.61000061035156
2021-12-09,216.35000610351562
2021-12-10,215.02000427246094
2021-12-13,213.52000427246094
2021-12-14,202.32000732421875
2021-12-15,204.0399932861328
2021-12-16,190.85000610351562
2021-12-17,189.11000061035156
2021-12-20,178.72999572753906
2021-12-21,189.0
2021-12-22,189.3300018310547
2021-12-23,188.1699981689453
2021-12-27,188.69000244140625
2021-12-28,186.7899932861328
2021-12-29,185.47000122070312
2021-12-30,186.41000366210938
2021-12-31,182.94000244140625
2022-01-03,184.4499969482422
2022-01-04,178.27999877929688
2022-01-05,157.1999969482422
2022-01-06,151.49000549316406
2022-01-07,145.1300048828125
2022-01-10,147.1300048828125
2022-01-11,148.50999450683594
2022-01-12,149.27999877929688
2022-01-13,143.49000549316406
2022-01-14,142.83999633789062
2022-01-18,135.9199981689453
2022-01-19,134.5800018310547
2022-01-20,134.69000244140625
2022-01-21,126.0199966430664
2022-01-24,128.10000610351562
2022-01-25,122.6500015258789
2022-01-26,121.75
2022-01-27,119.97000122070312
2022-01-28,123.86000061035156
2022-01-31,140.47000122070312
2022-02-01,142.6699981689453
2022-02-02,139.50999450683594
2022-02-03,132.91000366210938
2022-02-04,141.22999572753906
2022-02-07,140.77000427246094
2022-02-08,144.5
2022-02-09,161.88999938964844
2022-02-10,154.63999938964844
2022-02-11,145.69000244140625
2022-02-14,143.92999267578125
2022-02-15,154.2899932861328
2022-02-16,154.02999877929688
2022-02-17,148.3699951171875
2022-02-18,140.35000610351562
2022-02-22,133.02999877929688
2022-02-23,126.55999755859375
2022-02-24,147.35000610351562
2022-02-25,153.72999572753906
2022-02-28,166.6999969482422
2022-03-01,170.60000610351562
2022-03-02,163.88999938964844
2022-03-03,159.02999877929688
2022-03-04,158.14999389648438
2022-03-07,158.80999755859375
2022-03-08,175.99000549316406
2022-03-09,179.8699951171875
2022-03-10,178.72000122070312
2022-03-11,171.07000732421875
2022-03-14,157.63999938964844
2022-03-15,164.63999938964844
2022-03-16,177.2100067138672
2022-03-17,180.85000610351562
2022-03-18,184.52000427246094
2022-03-21,185.4499969482422
2022-03-22,189.25
2022-03-23,190.19000244140625
2022-03-24,197.83999633789062
2022-03-25,193.80999755859375
2022-03-28,195.52000427246094
2022-03-29,202.36000061035156
2022-03-30,196.64999389648438
2022-03-31,201.77999877929688
2022-04-01,205.88999938964844
2022-04-04,216.3800048828125
2022-04-05,211.22999572753906
2022-04-06,203.99000549316406
2022-04-07,206.9499969482422
2022-04-08,195.13999938964844
2022-04-11,187.8800048828125
2022-04-12,185.9499969482422
2022-04-13,193.22999572753906
2022-04-14,190.50999450683594
2022-04-18,190.02999877929688
2022-04-19,195.60000610351562
2022-04-20,178.52999877929688
2022-04-21,156.55999755859375
2022-04-22,153.6300048828125
2022-04-25,157.60000610351562
2022-04-26,153.8300018310547
2022-04-27,165.7100067138672
2022-04-28,164.47000122070312
2022-04-29,161.39999389648438
2022-05-02,168.3300018310547
2022-05-03,174.52999877929688
2022-05-04,191.94000244140625
2022-05-05,181.13999938964844
2022-05-06,165.88999938964844
2022-05-09,150.50999450683594
2022-05-10,151.64999389648438
2022-05-11,137.5500030517578
2022-05-12,140.94000244140625
2022-05-13,157.7899932861328
2022-05-16,151.02999877929688
2022-05-17,158.11000061035156
2022-05-18,156.1699981689453
2022-05-19,165.5399932861328
2022-05-20,168.25
2022-05-23,169.5500030517578
2022-05-24,162.50999450683594
2022-05-25,169.27999877929688
2022-05-26,178.77999877929688
2022-05-27,188.9499969482422
2022-05-31,186.19000244140625
2022-06-01,182.49000549316406
2022-06-02,198.92999267578125
2022-06-03,196.33999633789062
2022-06-06,206.97000122070312
2022-06-07,209.6300048828125
2022-06-08,204.77000427246094
2022-06-09,200.50999450683594
2022-06-10,196.19000244140625
2022-06-13,178.24000549316406
2022-06-14,179.52000427246094
2022-06-15,188.47999572753906
2022-06-16,169.60000610351562
2022-06-17,184.75
2022-06-21,193.2899932861328
2022-06-22,193.42999267578125
2022-06-23,200.6699981689453
2022-06-24,198.38999938964844
2022-06-27,206.1699981689453
2022-06-28,190.64999389648438
2022-06-29,184.63999938964844
2022-06-30,195.24000549316406
2022-07-01,195.72000122070312
2022-07-05,192.58999633789062
2022-07-06,194.92999267578125
2022-07-07,206.83999633789062
2022-07-08,216.4499969482422
2022-07-11,206.05999755859375
2022-07-12,189.47000122070312
2022-07-13,192.6300048828125
2022-07-14,196.9199981689453
2022-07-15,194.91000366210938
