Date,EXPI
2018-02-07,5.880000114440918
2018-02-08,6.085000038146973
2018-02-09,6.074999809265137
2018-02-12,6.224999904632568
2018-02-13,6.184999942779541
2018-02-14,6.139999866485596
2018-02-15,6.050000190734863
2018-02-16,6.150000095367432
2018-02-20,6.425000190734863
2018-02-21,6.260000228881836
2018-02-22,6.400000095367432
2018-02-23,6.400000095367432
2018-02-26,6.375
2018-02-27,6.349999904632568
2018-02-28,6.445000171661377
2018-03-01,6.394999980926514
2018-03-02,6.440000057220459
2018-03-05,6.4019999504089355
2018-03-06,6.380000114440918
2018-03-07,6.400000095367432
2018-03-08,6.400000095367432
2018-03-09,6.420000076293945
2018-03-12,6.324999809265137
2018-03-13,6.090000152587891
2018-03-14,6.099999904632568
2018-03-15,6.050000190734863
2018-03-16,6.072500228881836
2018-03-19,5.909999847412109
2018-03-20,5.599999904632568
2018-03-21,5.300000190734863
2018-03-22,5.135000228881836
2018-03-23,5.039999961853027
2018-03-26,5.199999809265137
2018-03-27,5.875
2018-03-28,5.710000038146973
2018-03-29,5.519999980926514
2018-04-02,5.610000133514404
2018-04-03,5.635000228881836
2018-04-04,6.074999809265137
2018-04-05,6.340000152587891
2018-04-06,6.5
2018-04-09,6.510000228881836
2018-04-10,6.510000228881836
2018-04-11,6.5
2018-04-12,6.440000057220459
2018-04-13,6.054999828338623
2018-04-16,5.925000190734863
2018-04-17,5.875
2018-04-18,6.494999885559082
2018-04-19,7.0
2018-04-20,6.900000095367432
2018-04-23,6.804999828338623
2018-04-24,6.690000057220459
2018-04-25,6.864999771118164
2018-04-26,7.0
2018-04-27,6.974999904632568
2018-04-30,6.84499979019165
2018-05-01,6.880000114440918
2018-05-02,6.849999904632568
2018-05-03,6.75
2018-05-04,6.724999904632568
2018-05-07,6.650000095367432
2018-05-08,6.514999866485596
2018-05-09,6.375
2018-05-10,6.505000114440918
2018-05-11,6.699999809265137
2018-05-14,6.599999904632568
2018-05-15,7.380000114440918
2018-05-16,8.545000076293945
2018-05-17,8.680000305175781
2018-05-18,9.0
2018-05-21,9.274999618530273
2018-05-22,7.695000171661377
2018-05-23,8.850000381469727
2018-05-24,8.770000457763672
2018-05-25,8.614999771118164
2018-05-29,7.974999904632568
2018-05-30,8.34000015258789
2018-05-31,8.479999542236328
2018-06-01,8.470000267028809
2018-06-04,7.885000228881836
2018-06-05,7.800000190734863
2018-06-06,7.875
2018-06-07,7.882500171661377
2018-06-08,7.664999961853027
2018-06-11,7.110000133514404
2018-06-12,7.28000020980835
2018-06-13,7.239999771118164
2018-06-14,7.09499979019165
2018-06-15,7.1875
2018-06-18,6.585000038146973
2018-06-19,6.579999923706055
2018-06-20,6.570000171661377
2018-06-21,6.304999828338623
2018-06-22,6.394999980926514
2018-06-25,6.304999828338623
2018-06-26,6.2855000495910645
2018-06-27,6.085000038146973
2018-06-28,5.800000190734863
2018-06-29,5.659999847412109
2018-07-02,5.764999866485596
2018-07-03,5.889999866485596
2018-07-05,5.760000228881836
2018-07-06,5.485000133514404
2018-07-09,5.449999809265137
2018-07-10,5.489999771118164
2018-07-11,5.449999809265137
2018-07-12,5.554999828338623
2018-07-13,5.558499813079834
2018-07-16,5.570000171661377
2018-07-17,5.574999809265137
2018-07-18,6.074999809265137
2018-07-19,6.550000190734863
2018-07-20,6.945000171661377
2018-07-23,7.320000171661377
2018-07-24,7.139999866485596
2018-07-25,7.275000095367432
2018-07-26,7.295000076293945
2018-07-27,7.375
2018-07-30,6.65500020980835
2018-07-31,7.085000038146973
2018-08-01,7.150000095367432
2018-08-02,7.175000190734863
2018-08-03,7.21999979019165
2018-08-06,7.5
2018-08-07,7.949999809265137
2018-08-08,8.0649995803833
2018-08-09,8.324999809265137
2018-08-10,8.529999732971191
2018-08-13,8.53499984741211
2018-08-14,8.5
2018-08-15,8.024999618530273
2018-08-16,8.145000457763672
2018-08-17,7.949999809265137
2018-08-20,7.900000095367432
2018-08-21,7.824999809265137
2018-08-22,7.974999904632568
2018-08-23,7.989999771118164
2018-08-24,7.925000190734863
2018-08-27,8.039999961853027
2018-08-28,7.789999961853027
2018-08-29,7.739999771118164
2018-08-30,7.980000019073486
2018-08-31,8.109999656677246
2018-09-04,7.804999828338623
2018-09-05,7.965000152587891
2018-09-06,7.755000114440918
2018-09-07,7.704999923706055
2018-09-10,8.074999809265137
2018-09-11,8.079999923706055
2018-09-12,8.210000038146973
2018-09-13,8.539999961853027
2018-09-14,8.6850004196167
2018-09-17,8.885000228881836
2018-09-18,8.984999656677246
2018-09-19,9.260000228881836
2018-09-20,9.529999732971191
2018-09-21,9.555000305175781
2018-09-24,9.194999694824219
2018-09-25,9.194999694824219
2018-09-26,9.069999694824219
2018-09-27,9.194999694824219
2018-09-28,9.194999694824219
2018-10-01,7.934999942779541
2018-10-02,8.425000190734863
2018-10-03,8.0
2018-10-04,8.050000190734863
2018-10-05,7.695000171661377
2018-10-08,7.65500020980835
2018-10-09,7.375
2018-10-10,7.050000190734863
2018-10-11,6.639999866485596
2018-10-12,6.385000228881836
2018-10-15,6.050000190734863
2018-10-16,6.730000019073486
2018-10-17,6.414999961853027
2018-10-18,6.059999942779541
2018-10-19,6.079999923706055
2018-10-22,6.25
2018-10-23,6.050000190734863
2018-10-24,5.954999923706055
2018-10-25,5.599999904632568
2018-10-26,5.324999809265137
2018-10-29,5.0
2018-10-30,5.0
2018-10-31,5.199999809265137
2018-11-01,5.824999809265137
2018-11-02,5.824999809265137
2018-11-05,5.914999961853027
2018-11-06,6.09499979019165
2018-11-07,6.114999771118164
2018-11-08,5.75
2018-11-09,5.875
2018-11-12,5.920000076293945
2018-11-13,6.085000038146973
2018-11-14,5.614999771118164
2018-11-15,5.724999904632568
2018-11-16,5.869999885559082
2018-11-19,5.474999904632568
2018-11-20,5.195000171661377
2018-11-21,5.574999809265137
2018-11-23,5.579999923706055
2018-11-26,5.329999923706055
2018-11-27,5.010000228881836
2018-11-28,5.135000228881836
2018-11-29,5.329999923706055
2018-11-30,5.425000190734863
2018-12-03,5.474999904632568
2018-12-04,5.059999942779541
2018-12-06,5.010000228881836
2018-12-07,4.804999828338623
2018-12-10,5.025000095367432
2018-12-11,5.329999923706055
2018-12-12,5.125
2018-12-13,4.78000020980835
2018-12-14,4.659999847412109
2018-12-17,4.489999771118164
2018-12-18,4.409999847412109
2018-12-19,4.199999809265137
2018-12-20,4.025000095367432
2018-12-21,3.9100000858306885
2018-12-24,3.4749999046325684
2018-12-26,3.5399999618530273
2018-12-27,3.5399999618530273
2018-12-28,3.625
2018-12-31,3.5399999618530273
2019-01-02,3.5850000381469727
2019-01-03,3.5999999046325684
2019-01-04,3.5950000286102295
2019-01-07,3.630000114440918
2019-01-08,3.8499999046325684
2019-01-09,4.400000095367432
2019-01-10,4.440000057220459
2019-01-11,4.949999809265137
2019-01-14,4.664999961853027
2019-01-15,4.960000038146973
2019-01-16,5.105000019073486
2019-01-17,5.380000114440918
2019-01-18,5.224999904632568
2019-01-22,5.090000152587891
2019-01-23,4.775000095367432
2019-01-24,5.105000019073486
2019-01-25,5.215000152587891
2019-01-28,5.059999942779541
2019-01-29,5.260000228881836
2019-01-30,5.494999885559082
2019-01-31,5.46999979019165
2019-02-01,5.474999904632568
2019-02-04,5.445000171661377
2019-02-05,5.460000038146973
2019-02-06,5.46999979019165
2019-02-07,5.434999942779541
2019-02-08,5.385000228881836
2019-02-11,5.394999980926514
2019-02-12,5.349999904632568
2019-02-13,5.429999828338623
2019-02-14,5.474999904632568
2019-02-15,5.545000076293945
2019-02-19,5.590000152587891
2019-02-20,5.71999979019165
2019-02-21,5.679999828338623
2019-02-22,5.755000114440918
2019-02-25,5.659999847412109
2019-02-26,5.684999942779541
2019-02-27,5.599999904632568
2019-02-28,5.625
2019-03-01,5.644999980926514
2019-03-04,5.489999771118164
2019-03-05,5.454999923706055
2019-03-06,5.295000076293945
2019-03-07,5.074999809265137
2019-03-08,4.945000171661377
2019-03-11,4.949999809265137
2019-03-12,5.0
2019-03-13,4.985000133514404
2019-03-14,4.914999961853027
2019-03-15,5.125
2019-03-18,5.320000171661377
2019-03-19,5.449999809265137
2019-03-20,5.625
2019-03-21,5.739999771118164
2019-03-22,5.385000228881836
2019-03-25,5.380000114440918
2019-03-26,5.329999923706055
2019-03-27,5.335000038146973
2019-03-28,5.519999980926514
2019-03-29,5.434999942779541
2019-04-01,5.369999885559082
2019-04-02,5.335000038146973
2019-04-03,5.244999885559082
2019-04-04,5.054999828338623
2019-04-05,5.170000076293945
2019-04-08,5.050000190734863
2019-04-09,5.0
2019-04-10,5.005000114440918
2019-04-11,5.125
2019-04-12,4.965000152587891
2019-04-15,4.784999847412109
2019-04-16,4.909999847412109
2019-04-17,4.965000152587891
2019-04-18,5.090000152587891
2019-04-22,5.199999809265137
2019-04-23,5.170000076293945
2019-04-24,5.110000133514404
2019-04-25,5.050000190734863
2019-04-26,5.039999961853027
2019-04-29,5.150000095367432
2019-04-30,5.449999809265137
2019-05-01,5.449999809265137
2019-05-02,5.215000152587891
2019-05-03,5.25
2019-05-06,5.0
2019-05-07,4.954999923706055
2019-05-08,4.855000019073486
2019-05-09,4.755000114440918
2019-05-10,4.974999904632568
2019-05-13,5.110000133514404
2019-05-14,5.440000057220459
2019-05-15,5.434999942779541
2019-05-16,5.650000095367432
2019-05-17,5.684999942779541
2019-05-20,5.90500020980835
2019-05-21,6.25
2019-05-22,6.175000190734863
2019-05-23,5.994999885559082
2019-05-24,5.534999847412109
2019-05-28,5.335000038146973
2019-05-29,5.190000057220459
2019-05-30,5.090000152587891
2019-05-31,5.099999904632568
2019-06-03,5.03000020980835
2019-06-04,5.054999828338623
2019-06-05,5.599999904632568
2019-06-06,5.519999980926514
2019-06-07,5.835000038146973
2019-06-10,5.59499979019165
2019-06-11,5.28000020980835
2019-06-12,5.224999904632568
2019-06-13,5.394999980926514
2019-06-14,5.184999942779541
2019-06-17,5.25
2019-06-18,5.40500020980835
2019-06-19,5.599999904632568
2019-06-20,5.735000133514404
2019-06-21,5.579999923706055
2019-06-24,5.570000171661377
2019-06-25,5.385000228881836
2019-06-26,5.125
2019-06-27,5.324999809265137
2019-06-28,5.565000057220459
2019-07-01,5.409999847412109
2019-07-02,5.434999942779541
2019-07-03,5.284999847412109
2019-07-05,5.199999809265137
2019-07-08,5.25
2019-07-09,5.34499979019165
2019-07-10,5.184999942779541
2019-07-11,5.329999923706055
2019-07-12,5.289999961853027
2019-07-15,5.164999961853027
2019-07-16,5.385000228881836
2019-07-17,5.485000133514404
2019-07-18,5.570000171661377
2019-07-19,5.574999809265137
2019-07-22,5.579999923706055
2019-07-23,5.255000114440918
2019-07-24,5.235000133514404
2019-07-25,5.045000076293945
2019-07-26,5.210000038146973
2019-07-29,5.199999809265137
2019-07-30,5.434999942779541
2019-07-31,5.284999847412109
2019-08-01,5.21999979019165
2019-08-02,5.264999866485596
2019-08-05,5.139999866485596
2019-08-06,5.03000020980835
2019-08-07,5.079999923706055
2019-08-08,4.945000171661377
2019-08-09,4.579999923706055
2019-08-12,4.5
2019-08-13,4.769999980926514
2019-08-14,4.664999961853027
2019-08-15,4.5
2019-08-16,4.670000076293945
2019-08-19,4.795000076293945
2019-08-20,4.704999923706055
2019-08-21,4.619999885559082
2019-08-22,4.400000095367432
2019-08-23,4.239999771118164
2019-08-26,4.164999961853027
2019-08-27,4.054999828338623
2019-08-28,4.079999923706055
2019-08-29,4.264999866485596
2019-08-30,4.349999904632568
2019-09-03,4.195000171661377
2019-09-04,4.215000152587891
2019-09-05,4.184999942779541
2019-09-06,4.215000152587891
2019-09-09,4.079999923706055
2019-09-10,4.195000171661377
2019-09-11,4.664999961853027
2019-09-12,4.454999923706055
2019-09-13,4.46999979019165
2019-09-16,4.40500020980835
2019-09-17,4.335000038146973
2019-09-18,4.059999942779541
2019-09-19,4.235000133514404
2019-09-20,4.170000076293945
2019-09-23,4.184999942779541
2019-09-24,4.054999828338623
2019-09-25,4.114999771118164
2019-09-26,4.070000171661377
2019-09-27,4.090000152587891
2019-09-30,4.190000057220459
2019-10-01,4.09499979019165
2019-10-02,4.125
2019-10-03,3.940000057220459
2019-10-04,4.085000038146973
2019-10-07,4.125
2019-10-08,4.224999904632568
2019-10-09,4.244999885559082
2019-10-10,4.215000152587891
2019-10-11,4.21999979019165
2019-10-14,4.28000020980835
2019-10-15,4.215000152587891
2019-10-16,4.215000152587891
2019-10-17,4.054999828338623
2019-10-18,4.179999828338623
2019-10-21,4.275000095367432
2019-10-22,4.28000020980835
2019-10-23,4.289999961853027
2019-10-24,4.324999809265137
2019-10-25,4.349999904632568
2019-10-28,4.485000133514404
2019-10-29,4.375
2019-10-30,4.489999771118164
2019-10-31,4.485000133514404
2019-11-01,4.514999866485596
2019-11-04,4.684999942779541
2019-11-05,4.710000038146973
2019-11-06,4.659999847412109
2019-11-07,4.710000038146973
2019-11-08,4.795000076293945
2019-11-11,4.925000190734863
2019-11-12,4.974999904632568
2019-11-13,5.03000020980835
2019-11-14,4.974999904632568
2019-11-15,4.835000038146973
2019-11-18,4.945000171661377
2019-11-19,4.900000095367432
2019-11-20,4.914999961853027
2019-11-21,4.900000095367432
2019-11-22,4.96999979019165
2019-11-25,5.204999923706055
2019-11-26,5.230000019073486
2019-11-27,5.400000095367432
2019-11-29,5.474999904632568
2019-12-02,5.53000020980835
2019-12-03,5.570000171661377
2019-12-04,5.550000190734863
2019-12-05,5.474999904632568
2019-12-06,5.784999847412109
2019-12-09,5.644999980926514
2019-12-10,5.715000152587891
2019-12-11,5.760000228881836
2019-12-12,5.909999847412109
2019-12-13,5.994999885559082
2019-12-16,5.78000020980835
2019-12-17,5.855000019073486
2019-12-18,5.804999828338623
2019-12-19,5.815000057220459
2019-12-20,5.855000019073486
2019-12-23,5.974999904632568
2019-12-24,6.025000095367432
2019-12-26,5.925000190734863
2019-12-27,5.954999923706055
2019-12-30,5.804999828338623
2019-12-31,5.664999961853027
2020-01-02,5.550000190734863
2020-01-03,5.534999847412109
2020-01-06,5.429999828338623
2020-01-07,5.230000019073486
2020-01-08,5.110000133514404
2020-01-09,5.099999904632568
2020-01-10,5.090000152587891
2020-01-13,5.224999904632568
2020-01-14,5.335000038146973
2020-01-15,5.369999885559082
2020-01-16,5.440000057220459
2020-01-17,5.414999961853027
2020-01-21,5.340000152587891
2020-01-22,5.485000133514404
2020-01-23,5.639999866485596
2020-01-24,5.679999828338623
2020-01-27,5.659999847412109
2020-01-28,5.78000020980835
2020-01-29,5.764999866485596
2020-01-30,5.659999847412109
2020-01-31,5.519999980926514
2020-02-03,5.5
2020-02-04,5.545000076293945
2020-02-05,5.684999942779541
2020-02-06,5.864999771118164
2020-02-07,5.809999942779541
2020-02-10,5.565000057220459
2020-02-11,5.635000228881836
2020-02-12,5.824999809265137
2020-02-13,5.775000095367432
2020-02-14,5.659999847412109
2020-02-18,5.614999771118164
2020-02-19,5.684999942779541
2020-02-20,5.704999923706055
2020-02-21,5.735000133514404
2020-02-24,5.579999923706055
2020-02-25,5.449999809265137
2020-02-26,5.434999942779541
2020-02-27,5.0
2020-02-28,4.78000020980835
2020-03-02,4.960000038146973
2020-03-03,4.894999980926514
2020-03-04,4.989999771118164
2020-03-05,4.744999885559082
2020-03-06,4.579999923706055
2020-03-09,4.230000019073486
2020-03-10,4.40500020980835
2020-03-11,4.295000076293945
2020-03-12,4.525000095367432
2020-03-13,5.110000133514404
2020-03-16,4.519999980926514
2020-03-17,4.75
2020-03-18,3.505000114440918
2020-03-19,3.700000047683716
2020-03-20,3.6649999618530273
2020-03-23,3.625
2020-03-24,4.119999885559082
2020-03-25,4.125
2020-03-26,4.320000171661377
2020-03-27,4.074999809265137
2020-03-30,4.125
2020-03-31,4.230000019073486
2020-04-01,3.890000104904175
2020-04-02,3.819999933242798
2020-04-03,3.5450000762939453
2020-04-06,3.755000114440918
2020-04-07,3.9700000286102295
2020-04-08,4.070000171661377
2020-04-09,4.125
2020-04-13,3.930000066757202
2020-04-14,4.164999961853027
2020-04-15,4.019999980926514
2020-04-16,3.880000114440918
2020-04-17,4.09499979019165
2020-04-20,4.099999904632568
2020-04-21,4.125
2020-04-22,4.184999942779541
2020-04-23,4.204999923706055
2020-04-24,4.230000019073486
2020-04-27,4.414999961853027
2020-04-28,4.514999866485596
2020-04-29,4.764999866485596
2020-04-30,4.590000152587891
2020-05-01,4.420000076293945
2020-05-04,4.369999885559082
2020-05-05,4.5
2020-05-06,4.489999771118164
2020-05-07,4.420000076293945
2020-05-08,4.434999942779541
2020-05-11,4.545000076293945
2020-05-12,4.440000057220459
2020-05-13,4.260000228881836
2020-05-14,4.199999809265137
2020-05-15,4.190000057220459
2020-05-18,4.505000114440918
2020-05-19,4.454999923706055
2020-05-20,4.619999885559082
2020-05-21,4.494999885559082
2020-05-22,4.619999885559082
2020-05-26,4.684999942779541
2020-05-27,5.050000190734863
2020-05-28,5.065000057220459
2020-05-29,5.34499979019165
2020-06-01,5.235000133514404
2020-06-02,5.400000095367432
2020-06-03,5.860000133514404
2020-06-04,5.962500095367432
2020-06-05,5.832499980926514
2020-06-08,6.079999923706055
2020-06-09,5.960000038146973
2020-06-10,5.840000152587891
2020-06-11,5.777500152587891
2020-06-12,5.824999809265137
2020-06-15,5.989999771118164
2020-06-16,6.034999847412109
2020-06-17,5.974999904632568
2020-06-18,6.269999980926514
2020-06-19,6.510000228881836
2020-06-22,7.324999809265137
2020-06-23,7.864999771118164
2020-06-24,7.775000095367432
2020-06-25,8.074999809265137
2020-06-26,8.46500015258789
2020-06-29,8.574999809265137
2020-06-30,8.524999618530273
2020-07-01,8.032500267028809
2020-07-02,8.369999885559082
2020-07-06,8.539999961853027
2020-07-07,8.380000114440918
2020-07-08,8.395000457763672
2020-07-09,8.364999771118164
2020-07-10,8.125
2020-07-13,7.590000152587891
2020-07-14,7.889999866485596
2020-07-15,8.234999656677246
2020-07-16,8.220000267028809
2020-07-17,8.425000190734863
2020-07-20,8.835000038146973
2020-07-21,9.404999732971191
2020-07-22,10.055000305175781
2020-07-23,10.444999694824219
2020-07-24,9.295000076293945
2020-07-27,9.640000343322754
2020-07-28,9.53499984741211
2020-07-29,10.164999961853027
2020-07-30,10.305000305175781
2020-07-31,9.9350004196167
2020-08-03,10.020000457763672
2020-08-04,11.414999961853027
2020-08-05,12.074999809265137
2020-08-06,13.25
2020-08-07,14.5600004196167
2020-08-10,14.65999984741211
2020-08-11,14.994999885559082
2020-08-12,15.454999923706055
2020-08-13,16.795000076293945
2020-08-14,17.145000457763672
2020-08-17,16.770000457763672
2020-08-18,18.75
2020-08-19,20.334999084472656
2020-08-20,20.94499969482422
2020-08-21,20.264999389648438
2020-08-24,18.649999618530273
2020-08-25,20.5049991607666
2020-08-26,20.3700008392334
2020-08-27,20.3799991607666
2020-08-28,20.485000610351562
2020-08-31,22.239999771118164
2020-09-01,22.732500076293945
2020-09-02,22.450000762939453
2020-09-03,19.5049991607666
2020-09-04,19.309999465942383
2020-09-08,19.854999542236328
2020-09-09,21.950000762939453
2020-09-10,21.579999923706055
2020-09-11,21.104999542236328
2020-09-14,20.979999542236328
2020-09-15,20.844999313354492
2020-09-16,20.815000534057617
2020-09-17,20.1200008392334
2020-09-18,19.524999618530273
2020-09-21,19.7450008392334
2020-09-22,20.15999984741211
2020-09-23,18.520000457763672
2020-09-24,19.18000030517578
2020-09-25,19.700000762939453
2020-09-28,20.934999465942383
2020-09-29,21.024999618530273
2020-09-30,20.170000076293945
2020-10-01,22.81999969482422
2020-10-02,21.864999771118164
2020-10-05,25.34000015258789
2020-10-06,25.575000762939453
2020-10-07,26.68000030517578
2020-10-08,27.020000457763672
2020-10-09,29.4950008392334
2020-10-12,29.44499969482422
2020-10-13,29.719999313354492
2020-10-14,29.635000228881836
2020-10-15,30.545000076293945
2020-10-16,28.485000610351562
2020-10-19,28.625
2020-10-20,27.56999969482422
2020-10-21,24.030000686645508
2020-10-22,22.469999313354492
2020-10-23,22.110000610351562
2020-10-26,20.764999389648438
2020-10-27,23.75
2020-10-28,22.834999084472656
2020-10-29,24.049999237060547
2020-10-30,21.19499969482422
2020-11-02,20.764999389648438
2020-11-03,21.604999542236328
2020-11-04,23.309999465942383
2020-11-05,24.270000457763672
2020-11-06,23.809999465942383
2020-11-09,20.829999923706055
2020-11-10,20.55500030517578
2020-11-11,22.2549991607666
2020-11-12,22.489999771118164
2020-11-13,21.969999313354492
2020-11-16,21.610000610351562
2020-11-17,21.80500030517578
2020-11-18,21.614999771118164
2020-11-19,22.739999771118164
2020-11-20,24.280000686645508
2020-11-23,25.28499984741211
2020-11-24,25.010000228881836
2020-11-25,25.989999771118164
2020-11-27,27.075000762939453
2020-11-30,26.665000915527344
2020-12-01,26.969999313354492
2020-12-02,26.81999969482422
2020-12-03,28.420000076293945
2020-12-04,28.31999969482422
2020-12-07,29.540000915527344
2020-12-08,29.325000762939453
2020-12-09,29.209999084472656
2020-12-10,30.860000610351562
2020-12-11,33.52000045776367
2020-12-14,34.20500183105469
2020-12-15,36.36000061035156
2020-12-16,36.040000915527344
2020-12-17,38.05500030517578
2020-12-18,38.369998931884766
2020-12-21,39.849998474121094
2020-12-22,40.79999923706055
2020-12-23,39.439998626708984
2020-12-24,39.314998626708984
2020-12-28,33.935001373291016
2020-12-29,34.06999969482422
2020-12-30,33.54999923706055
2020-12-31,31.559999465942383
2021-01-04,30.69499969482422
2021-01-05,31.364999771118164
2021-01-06,30.385000228881836
2021-01-07,33.03499984741211
2021-01-08,37.18000030517578
2021-01-11,36.7400016784668
2021-01-12,37.75
2021-01-13,37.685001373291016
2021-01-14,38.70500183105469
2021-01-15,38.98500061035156
2021-01-19,39.85499954223633
2021-01-20,46.18000030517578
2021-01-21,48.8650016784668
2021-01-22,51.459999084472656
2021-01-25,54.56999969482422
2021-01-26,58.880001068115234
2021-01-27,54.220001220703125
2021-01-28,53.880001068115234
2021-01-29,53.29499816894531
2021-02-01,57.53499984741211
2021-02-02,59.95000076293945
2021-02-03,59.505001068115234
2021-02-04,62.86000061035156
2021-02-05,67.48500061035156
2021-02-08,75.09500122070312
2021-02-09,80.5250015258789
2021-02-10,68.16999816894531
2021-02-11,72.91500091552734
2021-02-12,77.88500213623047
2021-02-16,79.94000244140625
2021-02-17,72.91000366210938
2021-02-18,68.70999908447266
2021-02-19,71.41999816894531
2021-02-22,70.30999755859375
2021-02-23,63.45000076293945
2021-02-24,65.79000091552734
2021-02-25,59.599998474121094
2021-02-26,60.38999938964844
2021-03-01,65.56999969482422
2021-03-02,62.689998626708984
2021-03-03,54.22999954223633
2021-03-04,45.310001373291016
2021-03-05,44.11000061035156
2021-03-08,41.18000030517578
2021-03-09,45.95000076293945
2021-03-10,45.900001525878906
2021-03-11,50.45000076293945
2021-03-12,52.459999084472656
2021-03-15,55.790000915527344
2021-03-16,55.75
2021-03-17,55.959999084472656
2021-03-18,47.72999954223633
2021-03-19,51.72999954223633
2021-03-22,51.189998626708984
2021-03-23,46.290000915527344
2021-03-24,43.540000915527344
2021-03-25,45.650001525878906
2021-03-26,47.939998626708984
2021-03-29,43.099998474121094
2021-03-30,43.93000030517578
2021-03-31,45.54999923706055
2021-04-01,45.31999969482422
2021-04-05,42.150001525878906
2021-04-06,42.91999816894531
2021-04-07,41.529998779296875
2021-04-08,43.56999969482422
2021-04-09,41.79999923706055
2021-04-12,39.310001373291016
2021-04-13,38.150001525878906
2021-04-14,37.31999969482422
2021-04-15,37.86000061035156
2021-04-16,36.70000076293945
2021-04-19,33.95000076293945
2021-04-20,32.34000015258789
2021-04-21,34.099998474121094
2021-04-22,33.52000045776367
2021-04-23,34.459999084472656
2021-04-26,36.959999084472656
2021-04-27,36.7599983215332
2021-04-28,35.84000015258789
2021-04-29,34.83000183105469
2021-04-30,34.36000061035156
2021-05-03,33.060001373291016
2021-05-04,31.420000076293945
2021-05-05,30.790000915527344
2021-05-06,28.15999984741211
2021-05-07,28.18000030517578
2021-05-10,25.850000381469727
2021-05-11,26.780000686645508
2021-05-12,24.719999313354492
2021-05-13,23.3700008392334
2021-05-14,26.600000381469727
2021-05-17,26.81999969482422
2021-05-18,28.15999984741211
2021-05-19,28.139999389648438
2021-05-20,28.610000610351562
2021-05-21,27.760000228881836
2021-05-24,28.190000534057617
2021-05-25,28.18000030517578
2021-05-26,31.899999618530273
2021-05-27,32.689998626708984
2021-05-28,32.2599983215332
2021-06-01,33.08000183105469
2021-06-02,33.33000183105469
2021-06-03,33.470001220703125
2021-06-04,33.849998474121094
2021-06-07,36.560001373291016
2021-06-08,40.66999816894531
2021-06-09,39.29999923706055
2021-06-10,35.290000915527344
2021-06-11,35.790000915527344
2021-06-14,36.22999954223633
2021-06-15,35.040000915527344
2021-06-16,34.88999938964844
2021-06-17,35.849998474121094
2021-06-18,34.91999816894531
2021-06-21,35.34000015258789
2021-06-22,35.630001068115234
2021-06-23,38.33000183105469
2021-06-24,39.720001220703125
2021-06-25,39.20000076293945
2021-06-28,40.369998931884766
2021-06-29,40.0
2021-06-30,38.77000045776367
2021-07-01,39.599998474121094
2021-07-02,38.08000183105469
2021-07-06,39.0099983215332
2021-07-07,38.31999969482422
2021-07-08,38.11000061035156
2021-07-09,38.95000076293945
2021-07-12,38.209999084472656
2021-07-13,36.45000076293945
2021-07-14,34.040000915527344
2021-07-15,33.380001068115234
2021-07-16,32.31999969482422
2021-07-19,32.84000015258789
2021-07-20,34.779998779296875
2021-07-21,37.09000015258789
2021-07-22,37.22999954223633
2021-07-23,37.369998931884766
2021-07-26,37.20000076293945
2021-07-27,35.9900016784668
2021-07-28,37.2400016784668
2021-07-29,36.75
2021-07-30,35.91999816894531
2021-08-02,35.290000915527344
2021-08-03,34.77000045776367
2021-08-04,47.27000045776367
2021-08-05,49.41999816894531
2021-08-06,49.09000015258789
2021-08-09,53.18000030517578
2021-08-10,50.540000915527344
2021-08-11,50.2599983215332
2021-08-12,53.65999984741211
2021-08-13,49.25
2021-08-16,44.02000045776367
2021-08-17,42.869998931884766
2021-08-18,41.779998779296875
2021-08-19,40.189998626708984
2021-08-20,41.66999816894531
2021-08-23,43.959999084472656
2021-08-24,44.5
2021-08-25,45.22999954223633
2021-08-26,43.560001373291016
2021-08-27,45.130001068115234
2021-08-30,44.369998931884766
2021-08-31,45.849998474121094
2021-09-01,49.255001068115234
2021-09-02,49.58000183105469
2021-09-03,49.310001373291016
2021-09-07,50.400001525878906
2021-09-08,47.0099983215332
2021-09-09,46.88999938964844
2021-09-10,45.7599983215332
2021-09-13,45.970001220703125
2021-09-14,44.36000061035156
2021-09-15,45.150001525878906
2021-09-16,45.41999816894531
2021-09-17,46.599998474121094
2021-09-20,43.22999954223633
2021-09-21,44.119998931884766
2021-09-22,48.18000030517578
2021-09-23,49.790000915527344
2021-09-24,49.72999954223633
2021-09-27,51.709999084472656
2021-09-28,43.279998779296875
2021-09-29,39.56999969482422
2021-09-30,39.77000045776367
2021-10-01,41.31999969482422
2021-10-04,38.16999816894531
2021-10-05,39.4900016784668
2021-10-06,40.650001525878906
2021-10-07,42.130001068115234
2021-10-08,41.439998626708984
2021-10-11,41.650001525878906
2021-10-12,43.459999084472656
2021-10-13,45.900001525878906
2021-10-14,47.689998626708984
2021-10-15,48.59000015258789
2021-10-18,48.400001525878906
2021-10-19,48.400001525878906
2021-10-20,48.97999954223633
2021-10-21,51.060001373291016
2021-10-22,52.02000045776367
2021-10-25,54.41999816894531
2021-10-26,52.83000183105469
2021-10-27,50.15999984741211
2021-10-28,51.90999984741211
2021-10-29,51.599998474121094
2021-11-01,53.59000015258789
2021-11-02,51.04999923706055
2021-11-03,45.939998626708984
2021-11-04,45.36000061035156
2021-11-05,42.959999084472656
2021-11-08,44.779998779296875
2021-11-09,45.33000183105469
2021-11-10,41.83000183105469
2021-11-11,43.720001220703125
2021-11-12,45.2599983215332
2021-11-15,44.720001220703125
2021-11-16,44.22999954223633
2021-11-17,41.2400016784668
2021-11-18,40.81999969482422
2021-11-19,39.65999984741211
2021-11-22,37.779998779296875
2021-11-23,36.58000183105469
2021-11-24,37.720001220703125
2021-11-26,36.70000076293945
2021-11-29,36.560001373291016
2021-11-30,36.709999084472656
2021-12-01,34.5099983215332
2021-12-02,35.2400016784668
2021-12-03,34.13999938964844
2021-12-06,34.75
2021-12-07,36.630001068115234
2021-12-08,37.650001525878906
2021-12-09,36.029998779296875
2021-12-10,35.060001373291016
2021-12-13,33.25
2021-12-14,32.68000030517578
2021-12-15,34.59000015258789
2021-12-16,33.439998626708984
2021-12-17,35.25
2021-12-20,33.63999938964844
2021-12-21,35.5099983215332
2021-12-22,35.939998626708984
2021-12-23,35.9900016784668
2021-12-27,35.880001068115234
2021-12-28,34.34000015258789
2021-12-29,33.2599983215332
2021-12-30,34.2599983215332
2021-12-31,33.689998626708984
2022-01-03,33.869998931884766
2022-01-04,31.860000610351562
2022-01-05,29.229999542236328
2022-01-06,28.56999969482422
2022-01-07,28.43000030517578
2022-01-10,27.809999465942383
2022-01-11,30.350000381469727
2022-01-12,30.18000030517578
2022-01-13,29.479999542236328
2022-01-14,29.31999969482422
2022-01-18,27.079999923706055
2022-01-19,26.489999771118164
2022-01-20,26.579999923706055
2022-01-21,24.809999465942383
2022-01-24,24.84000015258789
2022-01-25,24.8799991607666
2022-01-26,24.110000610351562
2022-01-27,23.84000015258789
2022-01-28,24.93000030517578
2022-01-31,27.139999389648438
2022-02-01,27.420000076293945
2022-02-02,26.40999984741211
2022-02-03,26.190000534057617
2022-02-04,27.25
2022-02-07,26.90999984741211
2022-02-08,28.170000076293945
2022-02-09,29.559999465942383
2022-02-10,28.579999923706055
2022-02-11,28.790000915527344
2022-02-14,29.09000015258789
2022-02-15,30.200000762939453
2022-02-16,29.440000534057617
2022-02-17,27.770000457763672
2022-02-18,24.690000534057617
2022-02-22,25.149999618530273
2022-02-23,23.719999313354492
2022-02-24,28.350000381469727
2022-02-25,26.549999237060547
2022-02-28,26.739999771118164
2022-03-01,26.68000030517578
2022-03-02,26.81999969482422
2022-03-03,25.010000228881836
2022-03-04,24.3700008392334
2022-03-07,22.790000915527344
2022-03-08,22.760000228881836
2022-03-09,24.5
2022-03-10,24.030000686645508
2022-03-11,22.780000686645508
2022-03-14,21.31999969482422
2022-03-15,23.229999542236328
2022-03-16,24.989999771118164
2022-03-17,25.579999923706055
2022-03-18,25.209999084472656
2022-03-21,24.559999465942383
2022-03-22,25.1299991607666
2022-03-23,24.0
2022-03-24,23.639999389648438
2022-03-25,21.790000915527344
2022-03-28,22.209999084472656
2022-03-29,23.780000686645508
2022-03-30,22.360000610351562
2022-03-31,21.170000076293945
2022-04-01,20.350000381469727
2022-04-04,21.770000457763672
2022-04-05,19.8700008392334
2022-04-06,18.59000015258789
2022-04-07,17.479999542236328
2022-04-08,16.899999618530273
2022-04-11,17.209999084472656
2022-04-12,16.670000076293945
2022-04-13,17.139999389648438
2022-04-14,16.34000015258789
2022-04-18,15.899999618530273
2022-04-19,16.56999969482422
2022-04-20,16.639999389648438
2022-04-21,15.609999656677246
2022-04-22,14.819999694824219
2022-04-25,15.260000228881836
2022-04-26,14.460000038146973
2022-04-27,14.260000228881836
2022-04-28,14.020000457763672
2022-04-29,13.390000343322754
2022-05-02,14.319999694824219
2022-05-03,14.8100004196167
2022-05-04,15.949999809265137
2022-05-05,15.140000343322754
2022-05-06,14.979999542236328
2022-05-09,13.600000381469727
2022-05-10,13.220000267028809
2022-05-11,11.9399995803833
2022-05-12,13.300000190734863
2022-05-13,14.380000114440918
2022-05-16,13.420000076293945
2022-05-17,14.09000015258789
2022-05-18,13.119999885559082
2022-05-19,14.140000343322754
2022-05-20,14.050000190734863
2022-05-23,13.850000381469727
2022-05-24,12.75
2022-05-25,13.489999771118164
2022-05-26,13.680000305175781
2022-05-27,14.489999771118164
2022-05-31,13.970000267028809
2022-06-01,13.609999656677246
2022-06-02,14.989999771118164
2022-06-03,14.390000343322754
2022-06-06,14.569999694824219
2022-06-07,14.760000228881836
2022-06-08,14.739999771118164
2022-06-09,14.050000190734863
2022-06-10,13.569999694824219
2022-06-13,12.460000038146973
2022-06-14,12.229999542236328
2022-06-15,12.300000190734863
2022-06-16,11.460000038146973
2022-06-17,11.600000381469727
2022-06-21,11.600000381469727
2022-06-22,11.619999885559082
2022-06-23,12.199999809265137
2022-06-24,12.229999542236328
2022-06-27,12.289999961853027
2022-06-28,12.119999885559082
2022-06-29,12.069999694824219
2022-06-30,11.770000457763672
2022-07-01,12.579999923706055
2022-07-05,14.380000114440918
2022-07-06,13.710000038146973
2022-07-07,14.600000381469727
2022-07-08,14.510000228881836
2022-07-11,13.880000114440918
2022-07-12,13.770000457763672
2022-07-13,13.4399995803833
2022-07-14,13.25
2022-07-15,13.5
