Date,ETSY
2015-04-16,30.0
2015-04-17,27.579999923706055
2015-04-20,24.899999618530273
2015-04-21,25.75
2015-04-22,25.1200008392334
2015-04-23,25.6200008392334
2015-04-24,25.579999923706055
2015-04-27,25.899999618530273
2015-04-28,24.489999771118164
2015-04-29,22.420000076293945
2015-04-30,22.239999771118164
2015-05-01,21.75
2015-05-04,23.239999771118164
2015-05-05,24.149999618530273
2015-05-06,23.399999618530273
2015-05-07,23.690000534057617
2015-05-08,22.709999084472656
2015-05-11,20.850000381469727
2015-05-12,20.56999969482422
2015-05-13,19.829999923706055
2015-05-14,20.600000381469727
2015-05-15,20.049999237060547
2015-05-18,20.559999465942383
2015-05-19,21.0
2015-05-20,17.200000762939453
2015-05-21,17.510000228881836
2015-05-22,17.170000076293945
2015-05-26,17.09000015258789
2015-05-27,17.059999465942383
2015-05-28,17.040000915527344
2015-05-29,16.760000228881836
2015-06-01,16.049999237060547
2015-06-02,15.859999656677246
2015-06-03,15.319999694824219
2015-06-04,15.069999694824219
2015-06-05,15.029999732971191
2015-06-08,14.859999656677246
2015-06-09,15.989999771118164
2015-06-10,16.780000686645508
2015-06-11,16.860000610351562
2015-06-12,16.639999389648438
2015-06-15,16.31999969482422
2015-06-16,16.290000915527344
2015-06-17,15.770000457763672
2015-06-18,15.329999923706055
2015-06-19,14.3100004196167
2015-06-22,14.420000076293945
2015-06-23,14.34000015258789
2015-06-24,14.390000343322754
2015-06-25,14.899999618530273
2015-06-26,14.25
2015-06-29,14.229999542236328
2015-06-30,14.050000190734863
2015-07-01,14.010000228881836
2015-07-02,13.270000457763672
2015-07-06,13.399999618530273
2015-07-07,13.319999694824219
2015-07-08,14.550000190734863
2015-07-09,16.200000762939453
2015-07-10,16.530000686645508
2015-07-13,16.030000686645508
2015-07-14,16.510000228881836
2015-07-15,16.81999969482422
2015-07-16,16.829999923706055
2015-07-17,21.979999542236328
2015-07-20,19.559999465942383
2015-07-21,18.979999542236328
2015-07-22,18.450000762939453
2015-07-23,18.440000534057617
2015-07-24,19.309999465942383
2015-07-27,18.299999237060547
2015-07-28,18.649999618530273
2015-07-29,18.979999542236328
2015-07-30,21.200000762939453
2015-07-31,20.84000015258789
2015-08-03,20.5
2015-08-04,19.229999542236328
2015-08-05,13.779999732971191
2015-08-06,13.59000015258789
2015-08-07,13.4399995803833
2015-08-10,14.289999961853027
2015-08-11,16.010000228881836
2015-08-12,16.8799991607666
2015-08-13,16.989999771118164
2015-08-14,17.079999923706055
2015-08-17,17.350000381469727
2015-08-18,15.859999656677246
2015-08-19,14.979999542236328
2015-08-20,14.25
2015-08-21,13.460000038146973
2015-08-24,12.930000305175781
2015-08-25,12.869999885559082
2015-08-26,13.039999961853027
2015-08-27,14.289999961853027
2015-08-28,14.819999694824219
2015-08-31,14.329999923706055
2015-09-01,14.0600004196167
2015-09-02,14.350000381469727
2015-09-03,14.020000457763672
2015-09-04,14.210000038146973
2015-09-08,14.359999656677246
2015-09-09,13.989999771118164
2015-09-10,14.229999542236328
2015-09-11,14.3100004196167
2015-09-14,14.380000114440918
2015-09-15,14.600000381469727
2015-09-16,14.390000343322754
2015-09-17,15.609999656677246
2015-09-18,15.399999618530273
2015-09-21,15.899999618530273
2015-09-22,15.180000305175781
2015-09-23,14.609999656677246
2015-09-24,14.979999542236328
2015-09-25,14.109999656677246
2015-09-28,13.880000114440918
2015-09-29,13.819999694824219
2015-09-30,13.6899995803833
2015-10-01,14.149999618530273
2015-10-02,14.319999694824219
2015-10-05,14.65999984741211
2015-10-06,14.069999694824219
2015-10-07,14.180000305175781
2015-10-08,13.569999694824219
2015-10-09,13.859999656677246
2015-10-12,12.3100004196167
2015-10-13,11.600000381469727
2015-10-14,10.989999771118164
2015-10-15,11.029999732971191
2015-10-16,10.989999771118164
2015-10-19,10.9399995803833
2015-10-20,11.34000015258789
2015-10-21,10.680000305175781
2015-10-22,11.390000343322754
2015-10-23,11.180000305175781
2015-10-26,11.270000457763672
2015-10-27,10.979999542236328
2015-10-28,11.09000015258789
2015-10-29,10.90999984741211
2015-10-30,10.899999618530273
2015-11-02,10.6899995803833
2015-11-03,11.029999732971191
2015-11-04,9.970000267028809
2015-11-05,9.960000038146973
2015-11-06,9.210000038146973
2015-11-09,8.800000190734863
2015-11-10,8.489999771118164
2015-11-11,8.960000038146973
2015-11-12,8.9399995803833
2015-11-13,8.6899995803833
2015-11-16,8.779999732971191
2015-11-17,8.8100004196167
2015-11-18,8.720000267028809
2015-11-19,8.720000267028809
2015-11-20,8.470000267028809
2015-11-23,8.899999618530273
2015-11-24,8.90999984741211
2015-11-25,9.239999771118164
2015-11-27,9.289999961853027
2015-11-30,9.3100004196167
2015-12-01,9.279999732971191
2015-12-02,9.229999542236328
2015-12-03,9.199999809265137
2015-12-04,9.270000457763672
2015-12-07,9.470000267028809
2015-12-08,9.510000228881836
2015-12-09,9.430000305175781
2015-12-10,9.239999771118164
2015-12-11,8.859999656677246
2015-12-14,9.029999732971191
2015-12-15,9.510000228881836
2015-12-16,9.789999961853027
2015-12-17,9.59000015258789
2015-12-18,8.619999885559082
2015-12-21,8.710000038146973
2015-12-22,8.779999732971191
2015-12-23,8.84000015258789
2015-12-24,8.920000076293945
2015-12-28,8.520000457763672
2015-12-29,8.510000228881836
2015-12-30,8.479999542236328
2015-12-31,8.260000228881836
2016-01-04,8.239999771118164
2016-01-05,8.510000228881836
2016-01-06,8.800000190734863
2016-01-07,8.670000076293945
2016-01-08,8.380000114440918
2016-01-11,7.440000057220459
2016-01-12,7.349999904632568
2016-01-13,6.989999771118164
2016-01-14,7.070000171661377
2016-01-15,7.0
2016-01-19,6.650000095367432
2016-01-20,6.880000114440918
2016-01-21,6.989999771118164
2016-01-22,7.420000076293945
2016-01-25,7.25
2016-01-26,7.380000114440918
2016-01-27,7.300000190734863
2016-01-28,7.489999771118164
2016-01-29,7.760000228881836
2016-02-01,7.550000190734863
2016-02-02,7.119999885559082
2016-02-03,7.320000171661377
2016-02-04,7.480000019073486
2016-02-05,7.03000020980835
2016-02-08,6.71999979019165
2016-02-09,6.360000133514404
2016-02-10,6.71999979019165
2016-02-11,6.730000019073486
2016-02-12,6.900000095367432
2016-02-16,7.489999771118164
2016-02-17,8.039999961853027
2016-02-18,7.800000190734863
2016-02-19,7.929999828338623
2016-02-22,7.949999809265137
2016-02-23,7.389999866485596
2016-02-24,7.900000095367432
2016-02-25,7.900000095367432
2016-02-26,7.650000095367432
2016-02-29,7.940000057220459
2016-03-01,8.359999656677246
2016-03-02,8.920000076293945
2016-03-03,8.890000343322754
2016-03-04,8.819999694824219
2016-03-07,8.9399995803833
2016-03-08,8.680000305175781
2016-03-09,8.739999771118164
2016-03-10,9.0600004196167
2016-03-11,9.270000457763672
2016-03-14,9.050000190734863
2016-03-15,9.170000076293945
2016-03-16,9.15999984741211
2016-03-17,9.270000457763672
2016-03-18,9.229999542236328
2016-03-21,9.0600004196167
2016-03-22,9.149999618530273
2016-03-23,8.869999885559082
2016-03-24,8.850000381469727
2016-03-28,8.699999809265137
2016-03-29,8.75
2016-03-30,8.90999984741211
2016-03-31,8.699999809265137
2016-04-01,8.670000076293945
2016-04-04,8.710000038146973
2016-04-05,8.319999694824219
2016-04-06,8.479999542236328
2016-04-07,8.380000114440918
2016-04-08,8.260000228881836
2016-04-11,8.050000190734863
2016-04-12,8.25
2016-04-13,8.489999771118164
2016-04-14,8.460000038146973
2016-04-15,8.770000457763672
2016-04-18,8.829999923706055
2016-04-19,8.829999923706055
2016-04-20,8.789999961853027
2016-04-21,8.979999542236328
2016-04-22,9.024999618530273
2016-04-25,9.0
2016-04-26,9.0600004196167
2016-04-27,9.329999923706055
2016-04-28,8.699999809265137
2016-04-29,8.779999732971191
2016-05-02,8.510000228881836
2016-05-03,8.399999618530273
2016-05-04,8.819999694824219
2016-05-05,8.970000267028809
2016-05-06,8.270000457763672
2016-05-09,8.1899995803833
2016-05-10,8.40999984741211
2016-05-11,8.289999961853027
2016-05-12,8.279999732971191
2016-05-13,8.59000015258789
2016-05-16,8.609999656677246
2016-05-17,8.479999542236328
2016-05-18,8.34000015258789
2016-05-19,8.220000267028809
2016-05-20,8.380000114440918
2016-05-23,8.550000190734863
2016-05-24,8.489999771118164
2016-05-25,8.5600004196167
2016-05-26,8.859999656677246
2016-05-27,8.9399995803833
2016-05-31,9.25
2016-06-01,9.399999618530273
2016-06-02,9.319999694824219
2016-06-03,9.210000038146973
2016-06-06,9.640000343322754
2016-06-07,9.630000114440918
2016-06-08,9.5600004196167
2016-06-09,9.670000076293945
2016-06-10,9.4399995803833
2016-06-13,9.569999694824219
2016-06-14,9.579999923706055
2016-06-15,9.789999961853027
2016-06-16,9.899999618530273
2016-06-17,9.720000267028809
2016-06-20,10.0
2016-06-21,9.75
2016-06-22,9.579999923706055
2016-06-23,9.930000305175781
2016-06-24,9.260000228881836
2016-06-27,8.739999771118164
2016-06-28,8.84000015258789
2016-06-29,9.40999984741211
2016-06-30,9.59000015258789
2016-07-01,9.65999984741211
2016-07-05,9.460000038146973
2016-07-06,9.199999809265137
2016-07-07,9.210000038146973
2016-07-08,9.600000381469727
2016-07-11,9.710000038146973
2016-07-12,10.199999809265137
2016-07-13,10.15999984741211
2016-07-14,10.140000343322754
2016-07-15,9.989999771118164
2016-07-18,9.880000114440918
2016-07-19,9.829999923706055
2016-07-20,9.989999771118164
2016-07-21,9.829999923706055
2016-07-22,9.819999694824219
2016-07-25,9.880000114440918
2016-07-26,9.859999656677246
2016-07-27,9.819999694824219
2016-07-28,10.109999656677246
2016-07-29,10.0600004196167
2016-08-01,11.859999656677246
2016-08-02,12.710000038146973
2016-08-03,13.84000015258789
2016-08-04,14.069999694824219
2016-08-05,13.770000457763672
2016-08-08,13.6899995803833
2016-08-09,13.760000228881836
2016-08-10,13.779999732971191
2016-08-11,14.5
2016-08-12,14.449999809265137
2016-08-15,14.489999771118164
2016-08-16,14.260000228881836
2016-08-17,13.979999542236328
2016-08-18,14.1899995803833
2016-08-19,14.069999694824219
2016-08-22,13.989999771118164
2016-08-23,13.979999542236328
2016-08-24,13.670000076293945
2016-08-25,13.550000190734863
2016-08-26,13.420000076293945
2016-08-29,13.529999732971191
2016-08-30,13.470000267028809
2016-08-31,13.460000038146973
2016-09-01,13.779999732971191
2016-09-02,13.869999885559082
2016-09-06,14.1899995803833
2016-09-07,14.359999656677246
2016-09-08,14.270000457763672
2016-09-09,13.640000343322754
2016-09-12,13.869999885559082
2016-09-13,13.680000305175781
2016-09-14,13.6899995803833
2016-09-15,13.630000114440918
2016-09-16,13.569999694824219
2016-09-19,13.359999656677246
2016-09-20,13.510000228881836
2016-09-21,14.539999961853027
2016-09-22,14.819999694824219
2016-09-23,15.21500015258789
2016-09-26,14.819999694824219
2016-09-27,14.699999809265137
2016-09-28,14.760000228881836
2016-09-29,14.430000305175781
2016-09-30,14.279999732971191
2016-10-03,14.720000267028809
2016-10-04,15.369999885559082
2016-10-05,15.350000381469727
2016-10-06,15.130000114440918
2016-10-07,15.479999542236328
2016-10-10,15.8100004196167
2016-10-11,15.270000457763672
2016-10-12,15.109999656677246
2016-10-13,14.819999694824219
2016-10-14,14.479999542236328
2016-10-17,14.369999885559082
2016-10-18,14.390000343322754
2016-10-19,14.479999542236328
2016-10-20,14.3100004196167
2016-10-21,14.229999542236328
2016-10-24,14.100000381469727
2016-10-25,13.550000190734863
2016-10-26,13.130000114440918
2016-10-27,12.829999923706055
2016-10-28,12.430000305175781
2016-10-31,12.979999542236328
2016-11-01,12.949999809265137
2016-11-02,11.270000457763672
2016-11-03,11.09000015258789
2016-11-04,11.449999809265137
2016-11-07,11.770000457763672
2016-11-08,11.520000457763672
2016-11-09,11.369999885559082
2016-11-10,11.479999542236328
2016-11-11,11.720000267028809
2016-11-14,11.670000076293945
2016-11-15,12.050000190734863
2016-11-16,12.0
2016-11-17,12.460000038146973
2016-11-18,12.59000015258789
2016-11-21,12.9399995803833
2016-11-22,13.100000381469727
2016-11-23,13.119999885559082
2016-11-25,13.09000015258789
2016-11-28,12.84000015258789
2016-11-29,12.729999542236328
2016-11-30,12.399999618530273
2016-12-01,11.930000305175781
2016-12-02,11.829999923706055
2016-12-05,12.09000015258789
2016-12-06,12.359999656677246
2016-12-07,12.600000381469727
2016-12-08,12.569999694824219
2016-12-09,12.369999885559082
2016-12-12,12.180000305175781
2016-12-13,12.239999771118164
2016-12-14,11.84000015258789
2016-12-15,12.550000190734863
2016-12-16,12.779999732971191
2016-12-19,12.920000076293945
2016-12-20,12.779999732971191
2016-12-21,12.670000076293945
2016-12-22,11.9399995803833
2016-12-23,11.979999542236328
2016-12-27,12.180000305175781
2016-12-28,11.869999885559082
2016-12-29,11.760000228881836
2016-12-30,11.779999732971191
2017-01-03,11.880000114440918
2017-01-04,11.970000267028809
2017-01-05,12.399999618530273
2017-01-06,13.079999923706055
2017-01-09,12.350000381469727
2017-01-10,12.770000457763672
2017-01-11,12.729999542236328
2017-01-12,12.470000267028809
2017-01-13,12.520000457763672
2017-01-17,12.770000457763672
2017-01-18,12.899999618530273
2017-01-19,12.600000381469727
2017-01-20,12.40999984741211
2017-01-23,12.649999618530273
2017-01-24,12.970000267028809
2017-01-25,12.819999694824219
2017-01-26,13.0
2017-01-27,12.930000305175781
2017-01-30,12.75
2017-01-31,12.609999656677246
2017-02-01,12.460000038146973
2017-02-02,12.699999809265137
2017-02-03,12.640000343322754
2017-02-06,12.34000015258789
2017-02-07,12.430000305175781
2017-02-08,12.5
2017-02-09,12.5
2017-02-10,12.84000015258789
2017-02-13,12.760000228881836
2017-02-14,12.859999656677246
2017-02-15,13.329999923706055
2017-02-16,12.920000076293945
2017-02-17,12.899999618530273
2017-02-21,13.010000228881836
2017-02-22,12.899999618530273
2017-02-23,12.510000228881836
2017-02-24,12.720000267028809
2017-02-27,12.789999961853027
2017-02-28,12.119999885559082
2017-03-01,10.6899995803833
2017-03-02,10.65999984741211
2017-03-03,10.1899995803833
2017-03-06,10.140000343322754
2017-03-07,9.8100004196167
2017-03-08,9.5600004196167
2017-03-09,9.640000343322754
2017-03-10,9.720000267028809
2017-03-13,10.050000190734863
2017-03-14,10.039999961853027
2017-03-15,10.229999542236328
2017-03-16,10.380000114440918
2017-03-17,10.369999885559082
2017-03-20,10.270000457763672
2017-03-21,9.989999771118164
2017-03-22,10.039999961853027
2017-03-23,9.890000343322754
2017-03-24,9.880000114440918
2017-03-27,10.149999618530273
2017-03-28,10.109999656677246
2017-03-29,10.350000381469727
2017-03-30,10.399999618530273
2017-03-31,10.630000114440918
2017-04-03,10.630000114440918
2017-04-04,10.699999809265137
2017-04-05,10.59000015258789
2017-04-06,10.609999656677246
2017-04-07,10.470000267028809
2017-04-10,10.569999694824219
2017-04-11,10.569999694824219
2017-04-12,10.529999732971191
2017-04-13,10.289999961853027
2017-04-17,10.529999732971191
2017-04-18,10.649999618530273
2017-04-19,10.869999885559082
2017-04-20,11.010000228881836
2017-04-21,10.630000114440918
2017-04-24,10.710000038146973
2017-04-25,10.479999542236328
2017-04-26,10.460000038146973
2017-04-27,10.680000305175781
2017-04-28,10.760000228881836
2017-05-01,11.0600004196167
2017-05-02,11.390000343322754
2017-05-03,10.505000114440918
2017-05-04,10.619999885559082
2017-05-05,11.65999984741211
2017-05-08,11.319999694824219
2017-05-09,11.539999961853027
2017-05-10,11.420000076293945
2017-05-11,11.15999984741211
2017-05-12,11.260000228881836
2017-05-15,11.319999694824219
2017-05-16,13.729999542236328
2017-05-17,12.9399995803833
2017-05-18,13.130000114440918
2017-05-19,13.3100004196167
2017-05-22,13.149999618530273
2017-05-23,13.3100004196167
2017-05-24,13.399999618530273
2017-05-25,13.180000305175781
2017-05-26,13.449999809265137
2017-05-30,13.359999656677246
2017-05-31,13.40999984741211
2017-06-01,13.550000190734863
2017-06-02,13.470000267028809
2017-06-05,13.539999961853027
2017-06-06,13.489999771118164
2017-06-07,13.430000305175781
2017-06-08,13.920000076293945
2017-06-09,13.449999809265137
2017-06-12,13.260000228881836
2017-06-13,13.640000343322754
2017-06-14,13.569999694824219
2017-06-15,13.850000381469727
2017-06-16,13.670000076293945
2017-06-19,14.199999809265137
2017-06-20,13.979999542236328
2017-06-21,14.199999809265137
2017-06-22,14.680000305175781
2017-06-23,15.239999771118164
2017-06-26,15.270000457763672
2017-06-27,14.800000190734863
2017-06-28,15.1899995803833
2017-06-29,14.970000267028809
2017-06-30,15.0
2017-07-03,14.720000267028809
2017-07-05,14.890000343322754
2017-07-06,14.630000114440918
2017-07-07,15.020000457763672
2017-07-10,15.010000228881836
2017-07-11,14.819999694824219
2017-07-12,14.930000305175781
2017-07-13,15.180000305175781
2017-07-14,15.0600004196167
2017-07-17,14.770000457763672
2017-07-18,14.90999984741211
2017-07-19,14.600000381469727
2017-07-20,14.5
2017-07-21,14.619999885559082
2017-07-24,14.489999771118164
2017-07-25,14.649999618530273
2017-07-26,14.920000076293945
2017-07-27,14.84000015258789
2017-07-28,14.640000343322754
2017-07-31,14.369999885559082
2017-08-01,14.3100004196167
2017-08-02,14.020000457763672
2017-08-03,13.59000015258789
2017-08-04,15.149999618530273
2017-08-07,15.460000038146973
2017-08-08,15.619999885559082
2017-08-09,15.850000381469727
2017-08-10,15.899999618530273
2017-08-11,16.219999313354492
2017-08-14,16.190000534057617
2017-08-15,15.640000343322754
2017-08-16,15.600000381469727
2017-08-17,15.579999923706055
2017-08-18,15.59000015258789
2017-08-21,15.430000305175781
2017-08-22,15.630000114440918
2017-08-23,15.609999656677246
2017-08-24,15.84000015258789
2017-08-25,15.640000343322754
2017-08-28,15.829999923706055
2017-08-29,16.030000686645508
2017-08-30,16.170000076293945
2017-08-31,16.3700008392334
2017-09-01,16.309999465942383
2017-09-05,16.31999969482422
2017-09-06,16.6200008392334
2017-09-07,17.0
2017-09-08,16.8799991607666
2017-09-11,17.34000015258789
2017-09-12,17.6200008392334
2017-09-13,17.790000915527344
2017-09-14,17.760000228881836
2017-09-15,17.170000076293945
2017-09-18,17.1299991607666
2017-09-19,17.170000076293945
2017-09-20,17.18000030517578
2017-09-21,17.110000610351562
2017-09-22,17.110000610351562
2017-09-25,16.899999618530273
2017-09-26,17.040000915527344
2017-09-27,16.959999084472656
2017-09-28,16.81999969482422
2017-09-29,16.8799991607666
2017-10-02,17.200000762939453
2017-10-03,17.030000686645508
2017-10-04,16.549999237060547
2017-10-05,16.5
2017-10-06,16.719999313354492
2017-10-09,16.469999313354492
2017-10-10,16.399999618530273
2017-10-11,16.34000015258789
2017-10-12,16.200000762939453
2017-10-13,16.510000228881836
2017-10-16,16.360000610351562
2017-10-17,16.200000762939453
2017-10-18,16.360000610351562
2017-10-19,16.190000534057617
2017-10-20,16.3799991607666
2017-10-23,15.760000228881836
2017-10-24,15.739999771118164
2017-10-25,15.8100004196167
2017-10-26,16.270000457763672
2017-10-27,16.75
2017-10-30,16.709999084472656
2017-10-31,16.700000762939453
2017-11-01,16.729999542236328
2017-11-02,16.5
2017-11-03,16.59000015258789
2017-11-06,17.149999618530273
2017-11-07,16.860000610351562
2017-11-08,16.510000228881836
2017-11-09,16.510000228881836
2017-11-10,16.719999313354492
2017-11-13,16.649999618530273
2017-11-14,16.59000015258789
2017-11-15,16.469999313354492
2017-11-16,16.420000076293945
2017-11-17,16.469999313354492
2017-11-20,16.649999618530273
2017-11-21,16.93000030517578
2017-11-22,16.8700008392334
2017-11-24,17.1200008392334
2017-11-27,16.979999542236328
2017-11-28,16.979999542236328
2017-11-29,16.31999969482422
2017-11-30,16.459999084472656
2017-12-01,16.829999923706055
2017-12-04,17.90999984741211
2017-12-05,18.190000534057617
2017-12-06,18.739999771118164
2017-12-07,18.959999084472656
2017-12-08,19.31999969482422
2017-12-11,19.93000030517578
2017-12-12,20.209999084472656
2017-12-13,20.15999984741211
2017-12-14,20.139999389648438
2017-12-15,20.5
2017-12-18,20.770000457763672
2017-12-19,20.309999465942383
2017-12-20,20.719999313354492
2017-12-21,21.760000228881836
2017-12-22,21.690000534057617
2017-12-26,21.75
2017-12-27,20.81999969482422
2017-12-28,20.649999618530273
2017-12-29,20.450000762939453
2018-01-02,20.829999923706055
2018-01-03,20.40999984741211
2018-01-04,20.229999542236328
2018-01-05,20.25
2018-01-08,20.31999969482422
2018-01-09,20.899999618530273
2018-01-10,20.260000228881836
2018-01-11,20.559999465942383
2018-01-12,19.540000915527344
2018-01-16,19.350000381469727
2018-01-17,19.739999771118164
2018-01-18,19.600000381469727
2018-01-19,19.700000762939453
2018-01-22,20.030000686645508
2018-01-23,19.940000534057617
2018-01-24,19.049999237060547
2018-01-25,19.139999389648438
2018-01-26,19.200000762939453
2018-01-29,18.959999084472656
2018-01-30,18.889999389648438
2018-01-31,18.760000228881836
2018-02-01,19.15999984741211
2018-02-02,18.790000915527344
2018-02-05,18.440000534057617
2018-02-06,18.709999084472656
2018-02-07,18.610000610351562
2018-02-08,17.729999542236328
2018-02-09,18.6299991607666
2018-02-12,18.6200008392334
2018-02-13,19.420000076293945
2018-02-14,19.950000762939453
2018-02-15,19.809999465942383
2018-02-16,20.959999084472656
2018-02-20,21.309999465942383
2018-02-21,21.43000030517578
2018-02-22,21.030000686645508
2018-02-23,21.06999969482422
2018-02-26,21.1200008392334
2018-02-27,21.030000686645508
2018-02-28,25.309999465942383
2018-03-01,25.31999969482422
2018-03-02,25.709999084472656
2018-03-05,25.399999618530273
2018-03-06,25.670000076293945
2018-03-07,26.09000015258789
2018-03-08,26.3799991607666
2018-03-09,27.93000030517578
2018-03-12,27.93000030517578
2018-03-13,27.920000076293945
2018-03-14,28.3700008392334
2018-03-15,28.3799991607666
2018-03-16,28.299999237060547
2018-03-19,27.829999923706055
2018-03-20,28.309999465942383
2018-03-21,28.950000762939453
2018-03-22,27.940000534057617
2018-03-23,26.639999389648438
2018-03-26,27.360000610351562
2018-03-27,27.65999984741211
2018-03-28,27.90999984741211
2018-03-29,28.059999465942383
2018-04-02,27.969999313354492
2018-04-03,27.829999923706055
2018-04-04,27.84000015258789
2018-04-05,28.540000915527344
2018-04-06,27.6299991607666
2018-04-09,27.600000381469727
2018-04-10,29.899999618530273
2018-04-11,30.200000762939453
2018-04-12,30.579999923706055
2018-04-13,28.969999313354492
2018-04-16,29.389999389648438
2018-04-17,30.280000686645508
2018-04-18,30.399999618530273
2018-04-19,30.229999542236328
2018-04-20,30.010000228881836
2018-04-23,29.729999542236328
2018-04-24,28.969999313354492
2018-04-25,28.729999542236328
2018-04-26,29.530000686645508
2018-04-27,29.5
2018-04-30,29.940000534057617
2018-05-01,30.31999969482422
2018-05-02,30.770000457763672
2018-05-03,30.850000381469727
2018-05-04,30.59000015258789
2018-05-07,31.420000076293945
2018-05-08,31.420000076293945
2018-05-09,29.989999771118164
2018-05-10,29.280000686645508
2018-05-11,30.010000228881836
2018-05-14,29.420000076293945
2018-05-15,29.09000015258789
2018-05-16,29.399999618530273
2018-05-17,29.469999313354492
2018-05-18,29.639999389648438
2018-05-21,29.399999618530273
2018-05-22,28.989999771118164
2018-05-23,29.3799991607666
2018-05-24,29.5
2018-05-25,30.440000534057617
2018-05-29,30.40999984741211
2018-05-30,31.709999084472656
2018-05-31,32.34000015258789
2018-06-01,31.6200008392334
2018-06-04,31.670000076293945
2018-06-05,32.91999816894531
2018-06-06,33.47999954223633
2018-06-07,33.43000030517578
2018-06-08,33.25
2018-06-11,32.04999923706055
2018-06-12,33.220001220703125
2018-06-13,32.9900016784668
2018-06-14,41.650001525878906
2018-06-15,42.540000915527344
2018-06-18,43.81999969482422
2018-06-19,43.33000183105469
2018-06-20,44.209999084472656
2018-06-21,43.599998474121094
2018-06-22,43.18000030517578
2018-06-25,41.75
2018-06-26,41.97999954223633
2018-06-27,40.41999816894531
2018-06-28,42.2400016784668
2018-06-29,42.189998626708984
2018-07-02,42.779998779296875
2018-07-03,42.58000183105469
2018-07-05,43.86000061035156
2018-07-06,44.709999084472656
2018-07-09,44.5099983215332
2018-07-10,43.790000915527344
2018-07-11,43.38999938964844
2018-07-12,43.2400016784668
2018-07-13,43.0
2018-07-16,42.90999984741211
2018-07-17,44.25
2018-07-18,44.439998626708984
2018-07-19,43.22999954223633
2018-07-20,43.79999923706055
2018-07-23,43.22999954223633
2018-07-24,41.77000045776367
2018-07-25,42.97999954223633
2018-07-26,42.61000061035156
2018-07-27,41.970001220703125
2018-07-30,40.22999954223633
2018-07-31,40.86000061035156
2018-08-01,41.20000076293945
2018-08-02,42.400001525878906
2018-08-03,41.540000915527344
2018-08-06,42.43000030517578
2018-08-07,43.84000015258789
2018-08-08,43.119998931884766
2018-08-09,43.72999954223633
2018-08-10,46.060001373291016
2018-08-13,45.189998626708984
2018-08-14,46.13999938964844
2018-08-15,44.86000061035156
2018-08-16,45.630001068115234
2018-08-17,46.529998779296875
2018-08-20,46.900001525878906
2018-08-21,47.56999969482422
2018-08-22,47.84000015258789
2018-08-23,48.810001373291016
2018-08-24,49.040000915527344
2018-08-27,48.13999938964844
2018-08-28,47.880001068115234
2018-08-29,47.7599983215332
2018-08-30,48.310001373291016
2018-08-31,48.689998626708984
2018-09-04,50.65999984741211
2018-09-05,47.38999938964844
2018-09-06,46.119998931884766
2018-09-07,47.13999938964844
2018-09-10,47.189998626708984
2018-09-11,49.400001525878906
2018-09-12,49.16999816894531
2018-09-13,50.54999923706055
2018-09-14,52.849998474121094
2018-09-17,50.099998474121094
2018-09-18,51.630001068115234
2018-09-19,50.15999984741211
2018-09-20,48.75
2018-09-21,47.540000915527344
2018-09-24,49.20000076293945
2018-09-25,50.439998626708984
2018-09-26,50.900001525878906
2018-09-27,52.0099983215332
2018-09-28,51.380001068115234
2018-10-01,49.959999084472656
2018-10-02,47.52000045776367
2018-10-03,48.13999938964844
2018-10-04,46.02000045776367
2018-10-05,44.400001525878906
2018-10-08,42.9900016784668
2018-10-09,42.25
2018-10-10,39.97999954223633
2018-10-11,38.9900016784668
2018-10-12,41.54999923706055
2018-10-15,41.150001525878906
2018-10-16,43.40999984741211
2018-10-17,43.16999816894531
2018-10-18,43.25
2018-10-19,41.4900016784668
2018-10-22,43.689998626708984
2018-10-23,42.66999816894531
2018-10-24,41.810001373291016
2018-10-25,43.5
2018-10-26,40.869998931884766
2018-10-29,38.970001220703125
2018-10-30,41.38999938964844
2018-10-31,42.52000045776367
2018-11-01,43.459999084472656
2018-11-02,42.84000015258789
2018-11-05,42.130001068115234
2018-11-06,40.43000030517578
2018-11-07,50.0099983215332
2018-11-08,54.099998474121094
2018-11-09,52.0099983215332
2018-11-12,50.709999084472656
2018-11-13,47.349998474121094
2018-11-14,47.709999084472656
2018-11-15,48.720001220703125
2018-11-16,47.2599983215332
2018-11-19,45.45000076293945
2018-11-20,43.209999084472656
2018-11-21,44.02000045776367
2018-11-23,45.27000045776367
2018-11-26,48.22999954223633
2018-11-27,48.58000183105469
2018-11-28,51.380001068115234
2018-11-29,52.79999923706055
2018-11-30,54.040000915527344
2018-12-03,56.61000061035156
2018-12-04,54.869998931884766
2018-12-06,55.5
2018-12-07,53.91999816894531
2018-12-10,55.34000015258789
2018-12-11,55.279998779296875
2018-12-12,57.43000030517578
2018-12-13,55.04999923706055
2018-12-14,54.34000015258789
2018-12-17,51.16999816894531
2018-12-18,51.849998474121094
2018-12-19,50.060001373291016
2018-12-20,48.2599983215332
2018-12-21,43.68000030517578
2018-12-24,43.119998931884766
2018-12-26,46.900001525878906
2018-12-27,47.349998474121094
2018-12-28,47.290000915527344
2018-12-31,47.56999969482422
2019-01-02,47.0
2019-01-03,46.029998779296875
2019-01-04,49.70000076293945
2019-01-07,51.56999969482422
2019-01-08,53.880001068115234
2019-01-09,52.77000045776367
2019-01-10,51.34000015258789
2019-01-11,52.06999969482422
2019-01-14,52.040000915527344
2019-01-15,54.33000183105469
2019-01-16,54.529998779296875
2019-01-17,54.59000015258789
2019-01-18,55.83000183105469
2019-01-22,53.540000915527344
2019-01-23,53.83000183105469
2019-01-24,54.34000015258789
2019-01-25,55.0
2019-01-28,54.91999816894531
2019-01-29,53.52000045776367
2019-01-30,54.189998626708984
2019-01-31,54.650001525878906
2019-02-01,54.380001068115234
2019-02-04,54.7400016784668
2019-02-05,55.439998626708984
2019-02-06,52.59000015258789
2019-02-07,51.529998779296875
2019-02-08,53.150001525878906
2019-02-11,53.150001525878906
2019-02-12,55.83000183105469
2019-02-13,55.040000915527344
2019-02-14,54.060001373291016
2019-02-15,54.65999984741211
2019-02-19,55.279998779296875
2019-02-20,54.18000030517578
2019-02-21,53.029998779296875
2019-02-22,56.66999816894531
2019-02-25,59.0099983215332
2019-02-26,68.6500015258789
2019-02-27,71.73999786376953
2019-02-28,71.2699966430664
2019-03-01,72.7699966430664
2019-03-04,68.98999786376953
2019-03-05,70.61000061035156
2019-03-06,70.04000091552734
2019-03-07,67.23999786376953
2019-03-08,67.7699966430664
2019-03-11,70.66000366210938
2019-03-12,71.1500015258789
2019-03-13,70.1500015258789
2019-03-14,69.91000366210938
2019-03-15,69.88999938964844
2019-03-18,69.55000305175781
2019-03-19,68.5
2019-03-20,68.9000015258789
2019-03-21,69.44000244140625
2019-03-22,66.0199966430664
2019-03-25,67.86000061035156
2019-03-26,67.73999786376953
2019-03-27,65.51000213623047
2019-03-28,67.12999725341797
2019-03-29,67.22000122070312
2019-04-01,68.16000366210938
2019-04-02,69.7300033569336
2019-04-03,69.45999908447266
2019-04-04,68.30000305175781
2019-04-05,68.22000122070312
2019-04-08,67.6500015258789
2019-04-09,66.69000244140625
2019-04-10,68.20999908447266
2019-04-11,67.6500015258789
2019-04-12,65.37999725341797
2019-04-15,66.19999694824219
2019-04-16,66.27999877929688
2019-04-17,64.25
2019-04-18,63.400001525878906
2019-04-22,63.5099983215332
2019-04-23,65.22000122070312
2019-04-24,66.08000183105469
2019-04-25,67.8499984741211
2019-04-26,67.70999908447266
2019-04-29,69.41000366210938
2019-04-30,67.54000091552734
2019-05-01,66.79000091552734
2019-05-02,68.06999969482422
2019-05-03,69.6500015258789
2019-05-06,69.02999877929688
2019-05-07,66.97000122070312
2019-05-08,68.08000183105469
2019-05-09,60.7599983215332
2019-05-10,61.79999923706055
2019-05-13,57.22999954223633
2019-05-14,58.81999969482422
2019-05-15,61.88999938964844
2019-05-16,63.650001525878906
2019-05-17,62.779998779296875
2019-05-20,63.119998931884766
2019-05-21,65.20999908447266
2019-05-22,64.01000213623047
2019-05-23,63.31999969482422
2019-05-24,64.70999908447266
2019-05-28,65.02999877929688
2019-05-29,62.130001068115234
2019-05-30,62.95000076293945
2019-05-31,62.310001373291016
2019-06-03,61.06999969482422
2019-06-04,61.25
2019-06-05,61.4900016784668
2019-06-06,61.959999084472656
2019-06-07,63.88999938964844
2019-06-10,65.30999755859375
2019-06-11,67.18000030517578
2019-06-12,69.16999816894531
2019-06-13,70.05000305175781
2019-06-14,67.80000305175781
2019-06-17,68.45999908447266
2019-06-18,66.94999694824219
2019-06-19,68.13999938964844
2019-06-20,68.83000183105469
2019-06-21,65.77999877929688
2019-06-24,63.93000030517578
2019-06-25,61.790000915527344
2019-06-26,60.36000061035156
2019-06-27,62.36000061035156
2019-06-28,61.369998931884766
2019-07-01,62.060001373291016
2019-07-02,62.63999938964844
2019-07-03,64.27999877929688
2019-07-05,63.380001068115234
2019-07-08,64.01000213623047
2019-07-09,66.86000061035156
2019-07-10,66.44999694824219
2019-07-11,64.98999786376953
2019-07-12,64.5999984741211
2019-07-15,65.55000305175781
2019-07-16,64.20999908447266
2019-07-17,63.41999816894531
2019-07-18,65.19999694824219
2019-07-19,65.8499984741211
2019-07-22,68.52999877929688
2019-07-23,67.81999969482422
2019-07-24,68.05000305175781
2019-07-25,68.7300033569336
2019-07-26,70.86000061035156
2019-07-29,69.12000274658203
2019-07-30,68.0
2019-07-31,67.0199966430664
2019-08-01,68.13999938964844
2019-08-02,59.709999084472656
2019-08-05,53.939998626708984
2019-08-06,55.38999938964844
2019-08-07,56.060001373291016
2019-08-08,58.040000915527344
2019-08-09,56.43000030517578
2019-08-12,54.970001220703125
2019-08-13,55.7400016784668
2019-08-14,52.84000015258789
2019-08-15,51.709999084472656
2019-08-16,52.61000061035156
2019-08-19,52.40999984741211
2019-08-20,52.88999938964844
2019-08-21,54.25
2019-08-22,55.400001525878906
2019-08-23,54.09000015258789
2019-08-26,53.58000183105469
2019-08-27,53.40999984741211
2019-08-28,54.34000015258789
2019-08-29,54.400001525878906
2019-08-30,52.790000915527344
2019-09-03,50.29999923706055
2019-09-04,50.150001525878906
2019-09-05,50.099998474121094
2019-09-06,47.97999954223633
2019-09-09,50.5
2019-09-10,50.529998779296875
2019-09-11,52.66999816894531
2019-09-12,54.880001068115234
2019-09-13,56.86000061035156
2019-09-16,57.84000015258789
2019-09-17,59.849998474121094
2019-09-18,59.45000076293945
2019-09-19,59.06999969482422
2019-09-20,60.40999984741211
2019-09-23,60.540000915527344
2019-09-24,56.900001525878906
2019-09-25,55.0
2019-09-26,54.400001525878906
2019-09-27,54.810001373291016
2019-09-30,56.5
2019-10-01,55.29999923706055
2019-10-02,53.90999984741211
2019-10-03,55.81999969482422
2019-10-04,56.47999954223633
2019-10-07,55.91999816894531
2019-10-08,55.209999084472656
2019-10-09,57.20500183105469
2019-10-10,57.77000045776367
2019-10-11,59.2599983215332
2019-10-14,59.11000061035156
2019-10-15,60.02000045776367
2019-10-16,58.54999923706055
2019-10-17,60.41999816894531
2019-10-18,57.61000061035156
2019-10-21,58.040000915527344
2019-10-22,56.83000183105469
2019-10-23,56.63999938964844
2019-10-24,57.75
2019-10-25,58.66999816894531
2019-10-28,57.31999969482422
2019-10-29,54.40999984741211
2019-10-30,52.79999923706055
2019-10-31,44.4900016784668
2019-11-01,45.654998779296875
2019-11-04,44.7400016784668
2019-11-05,43.22999954223633
2019-11-06,42.619998931884766
2019-11-07,41.86000061035156
2019-11-08,41.9900016784668
2019-11-11,40.83000183105469
2019-11-12,40.79999923706055
2019-11-13,40.68000030517578
2019-11-14,41.84000015258789
2019-11-15,42.0
2019-11-18,41.9900016784668
2019-11-19,40.86000061035156
2019-11-20,40.63999938964844
2019-11-21,41.47999954223633
2019-11-22,41.84000015258789
2019-11-25,42.77000045776367
2019-11-26,43.380001068115234
2019-11-27,44.42499923706055
2019-11-29,43.38999938964844
2019-12-02,43.119998931884766
2019-12-03,42.630001068115234
2019-12-04,42.13999938964844
2019-12-05,41.06999969482422
2019-12-06,41.22999954223633
2019-12-09,41.15999984741211
2019-12-10,40.5099983215332
2019-12-11,41.029998779296875
2019-12-12,41.97999954223633
2019-12-13,42.290000915527344
2019-12-16,43.099998474121094
2019-12-17,43.04999923706055
2019-12-18,42.34000015258789
2019-12-19,43.939998626708984
2019-12-20,44.060001373291016
2019-12-23,44.779998779296875
2019-12-24,44.66999816894531
2019-12-26,45.40999984741211
2019-12-27,44.97999954223633
2019-12-30,44.470001220703125
2019-12-31,44.29999923706055
2020-01-02,45.189998626708984
2020-01-03,44.900001525878906
2020-01-06,44.834999084472656
2020-01-07,45.779998779296875
2020-01-08,45.005001068115234
2020-01-09,46.43000030517578
2020-01-10,46.130001068115234
2020-01-13,47.959999084472656
2020-01-14,49.150001525878906
2020-01-15,48.86000061035156
2020-01-16,50.900001525878906
2020-01-17,51.439998626708984
2020-01-21,50.70000076293945
2020-01-22,50.2400016784668
2020-01-23,50.22999954223633
2020-01-24,50.52000045776367
2020-01-27,49.31999969482422
2020-01-28,49.83000183105469
2020-01-29,50.150001525878906
2020-01-30,50.290000915527344
2020-01-31,48.810001373291016
2020-02-03,49.36000061035156
2020-02-04,50.720001220703125
2020-02-05,49.56999969482422
2020-02-06,49.47999954223633
2020-02-07,49.63999938964844
2020-02-10,50.369998931884766
2020-02-11,50.560001373291016
2020-02-12,52.25
2020-02-13,52.970001220703125
2020-02-14,53.15999984741211
2020-02-18,53.31999969482422
2020-02-19,53.18000030517578
2020-02-20,54.38999938964844
2020-02-21,53.70000076293945
2020-02-24,51.33000183105469
2020-02-25,49.88999938964844
2020-02-26,50.689998626708984
2020-02-27,57.91999816894531
2020-02-28,57.810001373291016
2020-03-02,58.84000015258789
2020-03-03,58.209999084472656
2020-03-04,62.459999084472656
2020-03-05,62.130001068115234
2020-03-06,60.650001525878906
2020-03-09,58.5
2020-03-10,57.970001220703125
2020-03-11,50.22999954223633
2020-03-12,44.040000915527344
2020-03-13,49.0099983215332
2020-03-16,41.650001525878906
2020-03-17,42.119998931884766
2020-03-18,39.25
2020-03-19,34.65999984741211
2020-03-20,31.690000534057617
2020-03-23,33.029998779296875
2020-03-24,38.130001068115234
2020-03-25,41.290000915527344
2020-03-26,41.880001068115234
2020-03-27,38.66999816894531
2020-03-30,38.66999816894531
2020-03-31,38.439998626708984
2020-04-01,35.45000076293945
2020-04-02,34.79999923706055
2020-04-03,38.150001525878906
2020-04-06,46.459999084472656
2020-04-07,47.689998626708984
2020-04-08,51.0
2020-04-09,53.68000030517578
2020-04-13,55.439998626708984
2020-04-14,57.65999984741211
2020-04-15,56.720001220703125
2020-04-16,59.720001220703125
2020-04-17,61.060001373291016
2020-04-20,65.05000305175781
2020-04-21,61.369998931884766
2020-04-22,62.75
2020-04-23,62.849998474121094
2020-04-24,66.19000244140625
2020-04-27,69.27999877929688
2020-04-28,66.25
2020-04-29,68.33000183105469
2020-04-30,64.87000274658203
2020-05-01,64.44499969482422
2020-05-04,67.69000244140625
2020-05-05,72.79000091552734
2020-05-06,78.23999786376953
2020-05-07,76.58999633789062
2020-05-08,80.70999908447266
2020-05-11,80.27999877929688
2020-05-12,79.0199966430664
2020-05-13,81.55000305175781
2020-05-14,81.62999725341797
2020-05-15,85.62999725341797
2020-05-18,78.18000030517578
2020-05-19,77.08499908447266
2020-05-20,75.29499816894531
2020-05-21,74.30999755859375
2020-05-22,77.4800033569336
2020-05-26,74.08000183105469
2020-05-27,76.23999786376953
2020-05-28,77.80999755859375
2020-05-29,80.9800033569336
2020-06-01,78.58999633789062
2020-06-02,81.86000061035156
2020-06-03,80.66000366210938
2020-06-04,80.30000305175781
2020-06-05,78.72000122070312
2020-06-08,76.47000122070312
2020-06-09,76.37000274658203
2020-06-10,79.80999755859375
2020-06-11,77.5199966430664
2020-06-12,79.76000213623047
2020-06-15,83.91000366210938
2020-06-16,84.55000305175781
2020-06-17,86.31999969482422
2020-06-18,87.0
2020-06-19,95.38999938964844
2020-06-22,96.30000305175781
2020-06-23,101.22000122070312
2020-06-24,98.16999816894531
2020-06-25,101.27999877929688
2020-06-26,102.54000091552734
2020-06-29,102.88999938964844
2020-06-30,106.2300033569336
2020-07-01,111.20999908447266
2020-07-02,110.68000030517578
2020-07-06,112.97000122070312
2020-07-07,112.20999908447266
2020-07-08,111.9000015258789
2020-07-09,114.51000213623047
2020-07-10,111.29000091552734
2020-07-13,104.56999969482422
2020-07-14,103.73999786376953
2020-07-15,101.97000122070312
2020-07-16,103.33999633789062
2020-07-17,102.70999908447266
2020-07-20,106.69000244140625
2020-07-21,104.6500015258789
2020-07-22,104.2300033569336
2020-07-23,102.45999908447266
2020-07-24,101.58999633789062
2020-07-27,105.94999694824219
2020-07-28,102.44999694824219
2020-07-29,108.69000244140625
2020-07-30,112.37999725341797
2020-07-31,118.37999725341797
2020-08-03,126.62000274658203
2020-08-04,129.8000030517578
2020-08-05,135.52000427246094
2020-08-06,130.66000366210938
2020-08-07,135.05999755859375
2020-08-10,134.72000122070312
2020-08-11,127.5
2020-08-12,122.05000305175781
2020-08-13,128.72999572753906
2020-08-14,129.25999450683594
2020-08-17,129.72000122070312
2020-08-18,133.00999450683594
2020-08-19,131.1300048828125
2020-08-20,130.08999633789062
2020-08-21,130.3699951171875
2020-08-24,128.74000549316406
2020-08-25,125.4800033569336
2020-08-26,126.91000366210938
2020-08-27,122.37000274658203
2020-08-28,119.66000366210938
2020-08-31,119.69999694824219
2020-09-01,125.05000305175781
2020-09-02,124.37000274658203
2020-09-03,116.19999694824219
2020-09-04,112.04000091552734
2020-09-08,110.55999755859375
2020-09-09,112.70999908447266
2020-09-10,110.56999969482422
2020-09-11,110.7699966430664
2020-09-14,112.55000305175781
2020-09-15,111.00499725341797
2020-09-16,108.80000305175781
2020-09-17,109.2300033569336
2020-09-18,111.75
2020-09-21,116.01000213623047
2020-09-22,119.3499984741211
2020-09-23,115.08999633789062
2020-09-24,113.68000030517578
2020-09-25,118.27999877929688
2020-09-28,123.69000244140625
2020-09-29,123.2300033569336
2020-09-30,121.62999725341797
2020-10-01,131.69000244140625
2020-10-02,131.6300048828125
2020-10-05,136.69000244140625
2020-10-06,134.55999755859375
2020-10-07,142.66000366210938
2020-10-08,139.5399932861328
2020-10-09,146.6699981689453
2020-10-12,147.3800048828125
2020-10-13,153.1999969482422
2020-10-14,149.97000122070312
2020-10-15,150.6699981689453
2020-10-16,147.58999633789062
2020-10-19,148.3699951171875
2020-10-20,144.7899932861328
2020-10-21,133.00999450683594
2020-10-22,135.94000244140625
2020-10-23,137.84500122070312
2020-10-26,139.72999572753906
2020-10-27,145.77999877929688
2020-10-28,139.63999938964844
2020-10-29,132.4199981689453
2020-10-30,121.58999633789062
2020-11-02,126.44000244140625
2020-11-03,130.4499969482422
2020-11-04,136.1999969482422
2020-11-05,143.63999938964844
2020-11-06,146.27999877929688
2020-11-09,121.19999694824219
2020-11-10,119.43000030517578
2020-11-11,130.58999633789062
2020-11-12,127.02999877929688
2020-11-13,124.91999816894531
2020-11-16,125.62000274658203
2020-11-17,128.82000732421875
2020-11-18,127.01000213623047
2020-11-19,134.5
2020-11-20,140.05999755859375
2020-11-23,140.1999969482422
2020-11-24,137.60000610351562
2020-11-25,145.08999633789062
2020-11-27,160.5500030517578
2020-11-30,160.6999969482422
2020-12-01,154.6699981689453
2020-12-02,154.6199951171875
2020-12-03,154.74000549316406
2020-12-04,155.02999877929688
2020-12-07,156.92999267578125
2020-12-08,163.97000122070312
2020-12-09,159.22999572753906
2020-12-10,165.3000030517578
2020-12-11,170.02000427246094
2020-12-14,169.97000122070312
2020-12-15,177.8000030517578
2020-12-16,182.33999633789062
2020-12-17,188.10000610351562
2020-12-18,190.75999450683594
2020-12-21,189.1999969482422
2020-12-22,197.3800048828125
2020-12-23,190.1699981689453
2020-12-24,190.30999755859375
2020-12-28,178.1199951171875
2020-12-29,177.00999450683594
2020-12-30,183.17999267578125
2020-12-31,177.91000366210938
2021-01-04,172.0800018310547
2021-01-05,174.97999572753906
2021-01-06,167.57000732421875
2021-01-07,170.7899932861328
2021-01-08,175.64999389648438
2021-01-11,183.0399932861328
2021-01-12,205.14999389648438
2021-01-13,207.02999877929688
2021-01-14,211.52000427246094
2021-01-15,204.4199981689453
2021-01-19,221.30999755859375
2021-01-20,215.69000244140625
2021-01-21,212.5399932861328
2021-01-22,213.58999633789062
2021-01-25,208.80999755859375
2021-01-26,204.41000366210938
2021-01-27,193.3699951171875
2021-01-28,202.41000366210938
2021-01-29,199.08999633789062
2021-02-01,203.77000427246094
2021-02-02,210.2899932861328
2021-02-03,210.07000732421875
2021-02-04,220.83999633789062
2021-02-05,231.1199951171875
2021-02-08,231.69000244140625
2021-02-09,229.8699951171875
2021-02-10,225.64999389648438
2021-02-11,226.0500030517578
2021-02-12,233.86000061035156
2021-02-16,228.32000732421875
2021-02-17,222.41000366210938
2021-02-18,220.82000732421875
2021-02-19,227.27000427246094
2021-02-22,213.1199951171875
2021-02-23,210.75
2021-02-24,209.10000610351562
2021-02-25,197.5800018310547
2021-02-26,220.27000427246094
2021-03-01,244.5800018310547
2021-03-02,238.42999267578125
2021-03-03,208.61000061035156
2021-03-04,198.10000610351562
2021-03-05,200.3000030517578
2021-03-08,190.25999450683594
2021-03-09,206.7899932861328
2021-03-10,205.92999267578125
2021-03-11,220.83999633789062
2021-03-12,221.13999938964844
2021-03-15,223.22999572753906
2021-03-16,215.97999572753906
2021-03-17,218.44000244140625
2021-03-18,209.50999450683594
2021-03-19,215.41000366210938
2021-03-22,219.77000427246094
2021-03-23,219.6699981689453
2021-03-24,199.17999267578125
2021-03-25,196.1999969482422
2021-03-26,202.32000732421875
2021-03-29,196.30999755859375
2021-03-30,198.8699951171875
2021-03-31,201.6699981689453
2021-04-01,208.1999969482422
2021-04-05,197.1999969482422
2021-04-06,206.00999450683594
2021-04-07,204.02000427246094
2021-04-08,215.38999938964844
2021-04-09,218.57000732421875
2021-04-12,218.1300048828125
2021-04-13,224.02999877929688
2021-04-14,218.07000732421875
2021-04-15,219.2899932861328
2021-04-16,219.99000549316406
2021-04-19,213.19000244140625
2021-04-20,206.86000061035156
2021-04-21,209.75999450683594
2021-04-22,210.27999877929688
2021-04-23,214.58999633789062
2021-04-26,205.17999267578125
2021-04-27,207.49000549316406
2021-04-28,211.35000610351562
2021-04-29,208.8000030517578
2021-04-30,198.7899932861328
2021-05-03,190.7100067138672
2021-05-04,188.4499969482422
2021-05-05,184.57000732421875
2021-05-06,157.67999267578125
2021-05-07,165.50999450683594
2021-05-10,167.1300048828125
2021-05-11,169.83999633789062
2021-05-12,159.33999633789062
2021-05-13,156.58999633789062
2021-05-14,163.11000061035156
2021-05-17,165.17999267578125
2021-05-18,167.25
2021-05-19,165.4199981689453
2021-05-20,172.36000061035156
2021-05-21,167.55999755859375
2021-05-24,165.17999267578125
2021-05-25,167.0500030517578
2021-05-26,168.22000122070312
2021-05-27,166.74000549316406
2021-05-28,164.72999572753906
2021-06-01,163.4600067138672
2021-06-02,175.13999938964844
2021-06-03,165.74000549316406
2021-06-04,164.17999267578125
2021-06-07,168.32000732421875
2021-06-08,170.2100067138672
2021-06-09,167.3000030517578
2021-06-10,167.14999389648438
2021-06-11,165.82000732421875
2021-06-14,170.3000030517578
2021-06-15,166.05999755859375
2021-06-16,167.3699951171875
2021-06-17,169.63999938964844
2021-06-18,169.82000732421875
2021-06-21,170.7899932861328
2021-06-22,177.97999572753906
2021-06-23,179.4499969482422
2021-06-24,181.52000427246094
2021-06-25,184.8000030517578
2021-06-28,198.41000366210938
2021-06-29,202.52999877929688
2021-06-30,205.83999633789062
2021-07-01,199.50999450683594
2021-07-02,197.57000732421875
2021-07-06,197.80999755859375
2021-07-07,192.89999389648438
2021-07-08,196.02000427246094
2021-07-09,195.08999633789062
2021-07-12,194.3000030517578
2021-07-13,188.5
2021-07-14,182.86000061035156
2021-07-15,182.3000030517578
2021-07-16,184.4199981689453
2021-07-19,190.3300018310547
2021-07-20,194.8699951171875
2021-07-21,195.8000030517578
2021-07-22,201.85000610351562
2021-07-23,208.86000061035156
2021-07-26,206.0500030517578
2021-07-27,199.47999572753906
2021-07-28,202.94000244140625
2021-07-29,198.97999572753906
2021-07-30,183.50999450683594
2021-08-02,188.88999938964844
2021-08-03,190.4600067138672
2021-08-04,202.10000610351562
2021-08-05,182.41000366210938
2021-08-06,178.36000061035156
2021-08-09,183.10000610351562
2021-08-10,188.4600067138672
2021-08-11,193.9600067138672
2021-08-12,193.24000549316406
2021-08-13,192.0800018310547
2021-08-16,190.4199981689453
2021-08-17,194.3000030517578
2021-08-18,190.8000030517578
2021-08-19,192.27999877929688
2021-08-20,199.27000427246094
2021-08-23,196.5800018310547
2021-08-24,201.39999389648438
2021-08-25,202.27999877929688
2021-08-26,212.58999633789062
2021-08-27,210.39999389648438
2021-08-30,217.7100067138672
2021-08-31,216.25999450683594
2021-09-01,216.77999877929688
2021-09-02,213.49000549316406
2021-09-03,220.3800048828125
2021-09-07,216.44000244140625
2021-09-08,214.77000427246094
2021-09-09,216.6300048828125
2021-09-10,217.02000427246094
2021-09-13,212.60000610351562
2021-09-14,214.30999755859375
2021-09-15,217.4199981689453
2021-09-16,224.14999389648438
2021-09-17,226.97999572753906
2021-09-20,217.66000366210938
2021-09-21,220.58999633789062
2021-09-22,219.3699951171875
2021-09-23,223.66000366210938
2021-09-24,222.85000610351562
2021-09-27,225.77999877929688
2021-09-28,212.35000610351562
2021-09-29,205.3000030517578
2021-09-30,207.9600067138672
2021-10-01,204.3699951171875
2021-10-04,198.72000122070312
2021-10-05,203.63999938964844
2021-10-06,209.52999877929688
2021-10-07,216.52000427246094
2021-10-08,212.02000427246094
2021-10-11,202.33999633789062
2021-10-12,213.13999938964844
2021-10-13,213.75
2021-10-14,215.89999389648438
2021-10-15,221.08999633789062
2021-10-18,228.0
2021-10-19,226.41000366210938
2021-10-20,233.1199951171875
2021-10-21,235.97999572753906
2021-10-22,241.27000427246094
2021-10-25,252.57000732421875
2021-10-26,247.52000427246094
2021-10-27,243.88999938964844
2021-10-28,242.75
2021-10-29,250.69000244140625
2021-11-01,243.6199951171875
2021-11-02,240.6300048828125
2021-11-03,239.6199951171875
2021-11-04,271.2699890136719
2021-11-05,260.1199951171875
2021-11-08,260.8599853515625
2021-11-09,258.6700134277344
2021-11-10,248.5800018310547
2021-11-11,253.33999633789062
2021-11-12,272.1499938964844
2021-11-15,272.7200012207031
2021-11-16,286.75
2021-11-17,282.32000732421875
2021-11-18,290.2699890136719
2021-11-19,294.3800048828125
2021-11-22,279.239990234375
2021-11-23,279.5299987792969
2021-11-24,296.9100036621094
2021-11-26,291.3800048828125
2021-11-29,281.4800109863281
2021-11-30,274.5799865722656
2021-12-01,259.2799987792969
2021-12-02,249.55999755859375
2021-12-03,231.3300018310547
2021-12-06,224.89999389648438
2021-12-07,237.4499969482422
2021-12-08,246.0
2021-12-09,234.39999389648438
2021-12-10,225.27999877929688
2021-12-13,219.72000122070312
2021-12-14,217.66000366210938
2021-12-15,229.1300048828125
2021-12-16,218.2899932861328
2021-12-17,221.60000610351562
2021-12-20,218.47999572753906
2021-12-21,224.77999877929688
2021-12-22,225.10000610351562
2021-12-23,228.08999633789062
2021-12-27,229.6699981689453
2021-12-28,221.72999572753906
2021-12-29,221.91000366210938
2021-12-30,222.00999450683594
2021-12-31,218.94000244140625
2022-01-03,209.92999267578125
2022-01-04,200.99000549316406
2022-01-05,188.35000610351562
2022-01-06,196.9499969482422
2022-01-07,185.14999389648438
2022-01-10,183.7100067138672
2022-01-11,182.80999755859375
2022-01-12,178.05999755859375
2022-01-13,166.8000030517578
2022-01-14,163.6999969482422
2022-01-18,163.49000549316406
2022-01-19,163.13999938964844
2022-01-20,159.2899932861328
2022-01-21,148.85000610351562
2022-01-24,154.05999755859375
2022-01-25,145.1300048828125
2022-01-26,141.3000030517578
2022-01-27,139.5399932861328
2022-01-28,145.9499969482422
2022-01-31,157.0800018310547
2022-02-01,152.16000366210938
2022-02-02,138.0399932861328
2022-02-03,126.95999908447266
2022-02-04,133.6699981689453
2022-02-07,135.66000366210938
2022-02-08,141.22999572753906
2022-02-09,146.61000061035156
2022-02-10,143.02999877929688
2022-02-11,141.77000427246094
2022-02-14,142.64999389648438
2022-02-15,148.24000549316406
2022-02-16,140.41000366210938
2022-02-17,132.1699981689453
2022-02-18,127.30000305175781
2022-02-22,121.33999633789062
2022-02-23,116.51000213623047
2022-02-24,128.16000366210938
2022-02-25,148.94000244140625
2022-02-28,154.88999938964844
2022-03-01,157.52999877929688
2022-03-02,162.02999877929688
2022-03-03,159.77999877929688
2022-03-04,151.57000732421875
2022-03-07,137.49000549316406
2022-03-08,138.42999267578125
2022-03-09,144.72000122070312
2022-03-10,136.97999572753906
2022-03-11,121.2300033569336
2022-03-14,118.31999969482422
2022-03-15,124.9800033569336
2022-03-16,133.80999755859375
2022-03-17,141.67999267578125
2022-03-18,148.0
2022-03-21,142.27000427246094
2022-03-22,148.25
2022-03-23,142.47000122070312
2022-03-24,140.9600067138672
2022-03-25,132.32000732421875
2022-03-28,138.5399932861328
2022-03-29,142.9199981689453
2022-03-30,134.55999755859375
2022-03-31,124.27999877929688
2022-04-01,127.05000305175781
2022-04-04,136.1699981689453
2022-04-05,130.2100067138672
2022-04-06,125.47000122070312
2022-04-07,120.94999694824219
2022-04-08,116.58000183105469
2022-04-11,117.22000122070312
2022-04-12,112.94999694824219
2022-04-13,117.47000122070312
2022-04-14,115.79000091552734
2022-04-18,110.47000122070312
2022-04-19,115.29000091552734
2022-04-20,107.41000366210938
2022-04-21,101.79000091552734
2022-04-22,98.41000366210938
2022-04-25,102.05999755859375
2022-04-26,100.11000061035156
2022-04-27,97.55000305175781
2022-04-28,101.87999725341797
2022-04-29,93.19000244140625
2022-05-02,97.06999969482422
2022-05-03,100.52999877929688
2022-05-04,109.33000183105469
2022-05-05,90.93000030517578
2022-05-06,86.37999725341797
2022-05-09,86.4000015258789
2022-05-10,84.05999755859375
2022-05-11,77.80999755859375
2022-05-12,87.86000061035156
2022-05-13,92.08000183105469
2022-05-16,86.62000274658203
2022-05-17,88.05999755859375
2022-05-18,78.83999633789062
2022-05-19,79.23999786376953
2022-05-20,78.33999633789062
2022-05-23,76.06999969482422
2022-05-24,70.20999908447266
2022-05-25,71.58999633789062
2022-05-26,78.25
2022-05-27,82.1500015258789
2022-05-31,81.12000274658203
2022-06-01,80.94000244140625
2022-06-02,87.29000091552734
2022-06-03,80.9800033569336
2022-06-06,83.83000183105469
2022-06-07,81.4800033569336
2022-06-08,84.87999725341797
2022-06-09,83.06999969482422
2022-06-10,75.83999633789062
2022-06-13,71.37000274658203
2022-06-14,71.61000061035156
2022-06-15,76.05000305175781
2022-06-16,69.0
2022-06-17,72.11000061035156
2022-06-21,71.80999755859375
2022-06-22,74.08999633789062
2022-06-23,78.7300033569336
2022-06-24,83.62000274658203
2022-06-27,80.6500015258789
2022-06-28,74.04000091552734
2022-06-29,74.80000305175781
2022-06-30,73.20999908447266
2022-07-01,79.80999755859375
2022-07-05,88.23999786376953
2022-07-06,85.94000244140625
2022-07-07,89.6500015258789
2022-07-08,88.75
2022-07-11,86.06999969482422
2022-07-12,85.58999633789062
2022-07-13,83.20999908447266
2022-07-14,79.7300033569336
2022-07-15,82.5
