Date,NCLH
2013-01-18,24.790000915527344
2013-01-22,26.950000762939453
2013-01-23,27.489999771118164
2013-01-24,27.350000381469727
2013-01-25,27.350000381469727
2013-01-28,27.760000228881836
2013-01-29,27.110000610351562
2013-01-30,26.290000915527344
2013-01-31,26.3700008392334
2013-02-01,27.649999618530273
2013-02-04,28.40999984741211
2013-02-05,28.540000915527344
2013-02-06,27.979999542236328
2013-02-07,27.549999237060547
2013-02-08,27.90999984741211
2013-02-11,27.68000030517578
2013-02-12,28.31999969482422
2013-02-13,28.920000076293945
2013-02-14,29.25
2013-02-15,30.270000457763672
2013-02-19,31.190000534057617
2013-02-20,30.799999237060547
2013-02-21,30.469999313354492
2013-02-22,29.989999771118164
2013-02-25,30.780000686645508
2013-02-26,30.209999084472656
2013-02-27,30.260000228881836
2013-02-28,30.979999542236328
2013-03-01,30.989999771118164
2013-03-04,30.450000762939453
2013-03-05,30.030000686645508
2013-03-06,30.020000457763672
2013-03-07,30.290000915527344
2013-03-08,30.299999237060547
2013-03-11,30.65999984741211
2013-03-12,30.850000381469727
2013-03-13,30.780000686645508
2013-03-14,30.0
2013-03-15,29.81999969482422
2013-03-18,30.290000915527344
2013-03-19,30.260000228881836
2013-03-20,30.5
2013-03-21,30.030000686645508
2013-03-22,30.18000030517578
2013-03-25,29.479999542236328
2013-03-26,29.540000915527344
2013-03-27,30.149999618530273
2013-03-28,29.649999618530273
2013-04-01,29.93000030517578
2013-04-02,29.920000076293945
2013-04-03,29.190000534057617
2013-04-04,29.270000457763672
2013-04-05,29.299999237060547
2013-04-08,29.989999771118164
2013-04-09,30.34000015258789
2013-04-10,30.530000686645508
2013-04-11,30.639999389648438
2013-04-12,30.5
2013-04-15,30.06999969482422
2013-04-16,30.0
2013-04-17,29.549999237060547
2013-04-18,29.34000015258789
2013-04-19,29.43000030517578
2013-04-22,29.3799991607666
2013-04-23,29.34000015258789
2013-04-24,28.899999618530273
2013-04-25,30.059999465942383
2013-04-26,30.389999389648438
2013-04-29,30.360000610351562
2013-04-30,31.010000228881836
2013-05-01,31.09000015258789
2013-05-02,31.360000610351562
2013-05-03,31.530000686645508
2013-05-06,31.81999969482422
2013-05-07,31.65999984741211
2013-05-08,31.899999618530273
2013-05-09,31.709999084472656
2013-05-10,31.010000228881836
2013-05-13,30.459999084472656
2013-05-14,30.760000228881836
2013-05-15,31.360000610351562
2013-05-16,31.420000076293945
2013-05-17,31.559999465942383
2013-05-20,32.029998779296875
2013-05-21,32.0
2013-05-22,31.799999237060547
2013-05-23,31.959999084472656
2013-05-24,32.150001525878906
2013-05-28,31.75
2013-05-29,31.56999969482422
2013-05-30,30.81999969482422
2013-05-31,30.75
2013-06-03,31.350000381469727
2013-06-04,31.40999984741211
2013-06-05,30.850000381469727
2013-06-06,30.790000915527344
2013-06-07,31.239999771118164
2013-06-10,31.170000076293945
2013-06-11,31.649999618530273
2013-06-12,31.110000610351562
2013-06-13,31.079999923706055
2013-06-14,31.280000686645508
2013-06-17,31.190000534057617
2013-06-18,31.549999237060547
2013-06-19,31.299999237060547
2013-06-20,31.280000686645508
2013-06-21,29.719999313354492
2013-06-24,28.270000457763672
2013-06-25,28.760000228881836
2013-06-26,29.43000030517578
2013-06-27,30.030000686645508
2013-06-28,30.309999465942383
2013-07-01,30.950000762939453
2013-07-02,30.479999542236328
2013-07-03,30.59000015258789
2013-07-05,31.649999618530273
2013-07-08,31.790000915527344
2013-07-09,31.760000228881836
2013-07-10,31.5
2013-07-11,31.43000030517578
2013-07-12,31.530000686645508
2013-07-15,31.3799991607666
2013-07-16,31.399999618530273
2013-07-17,31.350000381469727
2013-07-18,31.3700008392334
2013-07-19,31.200000762939453
2013-07-22,31.299999237060547
2013-07-23,31.1299991607666
2013-07-24,30.719999313354492
2013-07-25,30.270000457763672
2013-07-26,30.969999313354492
2013-07-29,30.260000228881836
2013-07-30,29.760000228881836
2013-07-31,30.309999465942383
2013-08-01,30.25
2013-08-02,30.59000015258789
2013-08-05,30.739999771118164
2013-08-06,30.260000228881836
2013-08-07,30.18000030517578
2013-08-08,30.049999237060547
2013-08-09,31.020000457763672
2013-08-12,31.600000381469727
2013-08-13,32.220001220703125
2013-08-14,32.439998626708984
2013-08-15,32.790000915527344
2013-08-16,31.969999313354492
2013-08-19,31.459999084472656
2013-08-20,31.459999084472656
2013-08-21,31.799999237060547
2013-08-22,32.41999816894531
2013-08-23,31.780000686645508
2013-08-26,31.690000534057617
2013-08-27,31.209999084472656
2013-08-28,31.100000381469727
2013-08-29,31.209999084472656
2013-08-30,31.09000015258789
2013-09-03,31.459999084472656
2013-09-04,31.15999984741211
2013-09-05,31.149999618530273
2013-09-06,31.309999465942383
2013-09-09,31.190000534057617
2013-09-10,31.75
2013-09-11,31.799999237060547
2013-09-12,31.8799991607666
2013-09-13,32.56999969482422
2013-09-16,32.29999923706055
2013-09-17,33.18000030517578
2013-09-18,33.060001373291016
2013-09-19,33.189998626708984
2013-09-20,33.04999923706055
2013-09-23,32.84000015258789
2013-09-24,31.940000534057617
2013-09-25,31.649999618530273
2013-09-26,31.270000457763672
2013-09-27,31.020000457763672
2013-09-30,30.850000381469727
2013-10-01,30.829999923706055
2013-10-02,31.34000015258789
2013-10-03,30.540000915527344
2013-10-04,31.25
2013-10-07,30.850000381469727
2013-10-08,30.200000762939453
2013-10-09,30.31999969482422
2013-10-10,30.889999389648438
2013-10-11,30.739999771118164
2013-10-14,30.479999542236328
2013-10-15,30.15999984741211
2013-10-16,29.93000030517578
2013-10-17,29.809999465942383
2013-10-18,30.059999465942383
2013-10-21,31.219999313354492
2013-10-22,31.989999771118164
2013-10-23,32.349998474121094
2013-10-24,32.869998931884766
2013-10-25,32.439998626708984
2013-10-28,32.060001373291016
2013-10-29,32.22999954223633
2013-10-30,32.119998931884766
2013-10-31,32.02000045776367
2013-11-01,32.279998779296875
2013-11-04,32.720001220703125
2013-11-05,31.860000610351562
2013-11-06,32.2400016784668
2013-11-07,31.309999465942383
2013-11-08,31.420000076293945
2013-11-11,32.099998474121094
2013-11-12,31.969999313354492
2013-11-13,32.09000015258789
2013-11-14,31.90999984741211
2013-11-15,33.06999969482422
2013-11-18,33.130001068115234
2013-11-19,32.869998931884766
2013-11-20,32.75
2013-11-21,33.20000076293945
2013-11-22,33.56999969482422
2013-11-25,33.54999923706055
2013-11-26,33.9900016784668
2013-11-27,34.36000061035156
2013-11-29,34.099998474121094
2013-12-02,34.119998931884766
2013-12-03,33.54999923706055
2013-12-04,33.2400016784668
2013-12-05,33.0
2013-12-06,33.52000045776367
2013-12-09,33.560001373291016
2013-12-10,33.2400016784668
2013-12-11,33.0
2013-12-12,32.11000061035156
2013-12-13,31.649999618530273
2013-12-16,32.290000915527344
2013-12-17,32.13999938964844
2013-12-18,31.899999618530273
2013-12-19,33.15999984741211
2013-12-20,34.52000045776367
2013-12-23,34.75
2013-12-24,35.099998474121094
2013-12-26,35.060001373291016
2013-12-27,35.119998931884766
2013-12-30,35.25
2013-12-31,35.470001220703125
2014-01-02,34.63999938964844
2014-01-03,34.63999938964844
2014-01-06,33.959999084472656
2014-01-07,33.880001068115234
2014-01-08,34.31999969482422
2014-01-09,34.720001220703125
2014-01-10,35.25
2014-01-13,34.84000015258789
2014-01-14,35.849998474121094
2014-01-15,36.88999938964844
2014-01-16,36.90999984741211
2014-01-17,36.540000915527344
2014-01-21,36.220001220703125
2014-01-22,36.70000076293945
2014-01-23,36.040000915527344
2014-01-24,35.2599983215332
2014-01-27,34.7400016784668
2014-01-28,34.880001068115234
2014-01-29,34.439998626708984
2014-01-30,35.060001373291016
2014-01-31,35.02000045776367
2014-02-03,34.400001525878906
2014-02-04,34.209999084472656
2014-02-05,34.43000030517578
2014-02-06,35.08000183105469
2014-02-07,35.209999084472656
2014-02-10,35.619998931884766
2014-02-11,36.25
2014-02-12,35.88999938964844
2014-02-13,34.70000076293945
2014-02-14,35.16999816894531
2014-02-18,33.560001373291016
2014-02-19,33.349998474121094
2014-02-20,33.790000915527344
2014-02-21,34.27000045776367
2014-02-24,34.11000061035156
2014-02-25,33.630001068115234
2014-02-26,32.83000183105469
2014-02-27,33.34000015258789
2014-02-28,34.27000045776367
2014-03-03,33.68000030517578
2014-03-04,33.83000183105469
2014-03-05,32.90999984741211
2014-03-06,33.18000030517578
2014-03-07,33.369998931884766
2014-03-10,32.90999984741211
2014-03-11,33.06999969482422
2014-03-12,32.83000183105469
2014-03-13,32.0
2014-03-14,31.729999542236328
2014-03-17,32.20000076293945
2014-03-18,32.709999084472656
2014-03-19,32.7400016784668
2014-03-20,33.349998474121094
2014-03-21,33.4900016784668
2014-03-24,33.279998779296875
2014-03-25,33.099998474121094
2014-03-26,32.849998474121094
2014-03-27,32.59000015258789
2014-03-28,31.84000015258789
2014-03-31,32.27000045776367
2014-04-01,33.189998626708984
2014-04-02,33.25
2014-04-03,33.279998779296875
2014-04-04,32.56999969482422
2014-04-07,31.25
2014-04-08,31.43000030517578
2014-04-09,31.700000762939453
2014-04-10,31.030000686645508
2014-04-11,29.850000381469727
2014-04-14,29.90999984741211
2014-04-15,29.649999618530273
2014-04-16,29.809999465942383
2014-04-17,30.719999313354492
2014-04-21,30.299999237060547
2014-04-22,30.790000915527344
2014-04-23,30.84000015258789
2014-04-24,31.010000228881836
2014-04-25,30.969999313354492
2014-04-28,31.670000076293945
2014-04-29,32.939998626708984
2014-04-30,32.77000045776367
2014-05-01,32.459999084472656
2014-05-02,32.5
2014-05-05,32.040000915527344
2014-05-06,31.860000610351562
2014-05-07,31.889999389648438
2014-05-08,31.790000915527344
2014-05-09,31.459999084472656
2014-05-12,32.380001068115234
2014-05-13,32.52000045776367
2014-05-14,32.40999984741211
2014-05-15,32.650001525878906
2014-05-16,32.75
2014-05-19,33.18000030517578
2014-05-20,33.16999816894531
2014-05-21,33.77000045776367
2014-05-22,33.7599983215332
2014-05-23,33.970001220703125
2014-05-27,33.70000076293945
2014-05-28,33.2400016784668
2014-05-29,33.349998474121094
2014-05-30,33.75
2014-06-02,33.900001525878906
2014-06-03,34.02000045776367
2014-06-04,34.09000015258789
2014-06-05,34.029998779296875
2014-06-06,33.7599983215332
2014-06-09,33.68000030517578
2014-06-10,33.54999923706055
2014-06-11,33.650001525878906
2014-06-12,32.91999816894531
2014-06-13,32.86000061035156
2014-06-16,31.899999618530273
2014-06-17,32.029998779296875
2014-06-18,31.93000030517578
2014-06-19,31.90999984741211
2014-06-20,31.989999771118164
2014-06-23,32.41999816894531
2014-06-24,32.13999938964844
2014-06-25,32.040000915527344
2014-06-26,31.989999771118164
2014-06-27,31.450000762939453
2014-06-30,31.700000762939453
2014-07-01,31.899999618530273
2014-07-02,31.940000534057617
2014-07-03,32.47999954223633
2014-07-07,32.380001068115234
2014-07-08,32.20000076293945
2014-07-09,32.65999984741211
2014-07-10,32.7400016784668
2014-07-11,32.95000076293945
2014-07-14,32.720001220703125
2014-07-15,32.310001373291016
2014-07-16,32.36000061035156
2014-07-17,31.979999542236328
2014-07-18,32.290000915527344
2014-07-21,31.889999389648438
2014-07-22,32.18000030517578
2014-07-23,32.060001373291016
2014-07-24,32.540000915527344
2014-07-25,32.400001525878906
2014-07-28,32.7599983215332
2014-07-29,33.529998779296875
2014-07-30,33.04999923706055
2014-07-31,32.779998779296875
2014-08-01,32.970001220703125
2014-08-04,32.959999084472656
2014-08-05,32.43000030517578
2014-08-06,31.8799991607666
2014-08-07,31.790000915527344
2014-08-08,31.75
2014-08-11,32.18000030517578
2014-08-12,32.33000183105469
2014-08-13,32.20000076293945
2014-08-14,32.84000015258789
2014-08-15,33.560001373291016
2014-08-18,33.68000030517578
2014-08-19,33.4900016784668
2014-08-20,33.790000915527344
2014-08-21,33.7400016784668
2014-08-22,33.790000915527344
2014-08-25,33.790000915527344
2014-08-26,33.790000915527344
2014-08-27,33.70000076293945
2014-08-28,33.189998626708984
2014-08-29,33.310001373291016
2014-09-02,36.9900016784668
2014-09-03,36.939998626708984
2014-09-04,36.25
2014-09-05,36.099998474121094
2014-09-08,36.099998474121094
2014-09-09,36.060001373291016
2014-09-10,36.310001373291016
2014-09-11,36.5
2014-09-12,36.619998931884766
2014-09-15,36.439998626708984
2014-09-16,36.43000030517578
2014-09-17,36.68000030517578
2014-09-18,36.95000076293945
2014-09-19,36.77000045776367
2014-09-22,36.790000915527344
2014-09-23,36.849998474121094
2014-09-24,36.540000915527344
2014-09-25,35.880001068115234
2014-09-26,36.58000183105469
2014-09-29,36.220001220703125
2014-09-30,36.02000045776367
2014-10-01,35.16999816894531
2014-10-02,35.029998779296875
2014-10-03,35.79999923706055
2014-10-06,35.599998474121094
2014-10-07,34.599998474121094
2014-10-08,34.970001220703125
2014-10-09,33.9900016784668
2014-10-10,33.72999954223633
2014-10-13,31.969999313354492
2014-10-14,32.04999923706055
2014-10-15,31.06999969482422
2014-10-16,31.299999237060547
2014-10-17,32.02000045776367
2014-10-20,32.90999984741211
2014-10-21,34.15999984741211
2014-10-22,34.63999938964844
2014-10-23,34.2599983215332
2014-10-24,35.02000045776367
2014-10-27,35.31999969482422
2014-10-28,36.22999954223633
2014-10-29,36.65999984741211
2014-10-30,38.439998626708984
2014-10-31,39.0
2014-11-03,39.06999969482422
2014-11-04,38.400001525878906
2014-11-05,39.029998779296875
2014-11-06,38.97999954223633
2014-11-07,38.9900016784668
2014-11-10,39.349998474121094
2014-11-11,39.900001525878906
2014-11-12,40.349998474121094
2014-11-13,40.5
2014-11-14,41.59000015258789
2014-11-17,41.310001373291016
2014-11-18,41.77000045776367
2014-11-19,41.790000915527344
2014-11-20,41.709999084472656
2014-11-21,41.83000183105469
2014-11-24,42.20000076293945
2014-11-25,42.15999984741211
2014-11-26,42.150001525878906
2014-11-28,43.88999938964844
2014-12-01,42.65999984741211
2014-12-02,44.13999938964844
2014-12-03,44.34000015258789
2014-12-04,44.959999084472656
2014-12-05,45.47999954223633
2014-12-08,44.95000076293945
2014-12-09,44.70000076293945
2014-12-10,44.599998474121094
2014-12-11,43.72999954223633
2014-12-12,43.790000915527344
2014-12-15,43.7400016784668
2014-12-16,43.7599983215332
2014-12-17,45.7599983215332
2014-12-18,45.95000076293945
2014-12-19,46.86000061035156
2014-12-22,46.66999816894531
2014-12-23,47.5099983215332
2014-12-24,47.65999984741211
2014-12-26,47.47999954223633
2014-12-29,48.029998779296875
2014-12-30,46.86000061035156
2014-12-31,46.7599983215332
2015-01-02,46.70000076293945
2015-01-05,46.029998779296875
2015-01-06,45.61000061035156
2015-01-07,46.209999084472656
2015-01-08,46.68000030517578
2015-01-09,45.20000076293945
2015-01-12,45.31999969482422
2015-01-13,45.63999938964844
2015-01-14,45.040000915527344
2015-01-15,44.68000030517578
2015-01-16,44.849998474121094
2015-01-20,45.0
2015-01-21,44.9900016784668
2015-01-22,45.79999923706055
2015-01-23,45.70000076293945
2015-01-26,46.04999923706055
2015-01-27,45.599998474121094
2015-01-28,44.90999984741211
2015-01-29,44.209999084472656
2015-01-30,43.7599983215332
2015-02-02,43.33000183105469
2015-02-03,43.9900016784668
2015-02-04,43.72999954223633
2015-02-05,44.150001525878906
2015-02-06,43.849998474121094
2015-02-09,42.93000030517578
2015-02-10,44.119998931884766
2015-02-11,44.25
2015-02-12,44.380001068115234
2015-02-13,43.709999084472656
2015-02-17,43.400001525878906
2015-02-18,46.709999084472656
2015-02-19,48.40999984741211
2015-02-20,47.77000045776367
2015-02-23,47.86000061035156
2015-02-24,48.08000183105469
2015-02-25,48.91999816894531
2015-02-26,49.209999084472656
2015-02-27,49.31999969482422
2015-03-02,50.81999969482422
2015-03-03,50.36000061035156
2015-03-04,50.56999969482422
2015-03-05,51.31999969482422
2015-03-06,50.040000915527344
2015-03-09,50.869998931884766
2015-03-10,49.90999984741211
2015-03-11,49.900001525878906
2015-03-12,51.04999923706055
2015-03-13,50.709999084472656
2015-03-16,51.40999984741211
2015-03-17,51.79999923706055
2015-03-18,52.90999984741211
2015-03-19,53.61000061035156
2015-03-20,53.689998626708984
2015-03-23,52.630001068115234
2015-03-24,52.279998779296875
2015-03-25,51.150001525878906
2015-03-26,51.189998626708984
2015-03-27,53.81999969482422
2015-03-30,53.279998779296875
2015-03-31,54.0099983215332
2015-04-01,54.47999954223633
2015-04-02,54.459999084472656
2015-04-06,53.88999938964844
2015-04-07,53.150001525878906
2015-04-08,54.7599983215332
2015-04-09,54.810001373291016
2015-04-10,54.5099983215332
2015-04-13,53.779998779296875
2015-04-14,53.72999954223633
2015-04-15,53.029998779296875
2015-04-16,53.13999938964844
2015-04-17,52.209999084472656
2015-04-20,51.2599983215332
2015-04-21,51.47999954223633
2015-04-22,51.099998474121094
2015-04-23,51.65999984741211
2015-04-24,51.40999984741211
2015-04-27,50.20000076293945
2015-04-28,50.16999816894531
2015-04-29,49.0
2015-04-30,48.5099983215332
2015-05-01,49.27000045776367
2015-05-04,49.15999984741211
2015-05-05,48.369998931884766
2015-05-06,48.70000076293945
2015-05-07,52.22999954223633
2015-05-08,54.099998474121094
2015-05-11,53.22999954223633
2015-05-12,52.970001220703125
2015-05-13,52.68000030517578
2015-05-14,54.650001525878906
2015-05-15,55.36000061035156
2015-05-18,55.4900016784668
2015-05-19,57.29999923706055
2015-05-20,54.779998779296875
2015-05-21,54.68000030517578
2015-05-22,54.86000061035156
2015-05-26,54.540000915527344
2015-05-27,54.83000183105469
2015-05-28,54.75
2015-05-29,54.560001373291016
2015-06-01,54.7599983215332
2015-06-02,54.560001373291016
2015-06-03,55.36000061035156
2015-06-04,55.09000015258789
2015-06-05,55.130001068115234
2015-06-08,54.369998931884766
2015-06-09,54.83000183105469
2015-06-10,54.7400016784668
2015-06-11,54.95000076293945
2015-06-12,54.91999816894531
2015-06-15,54.70000076293945
2015-06-16,54.9900016784668
2015-06-17,55.31999969482422
2015-06-18,56.09000015258789
2015-06-19,55.97999954223633
2015-06-22,56.77000045776367
2015-06-23,56.470001220703125
2015-06-24,56.63999938964844
2015-06-25,56.59000015258789
2015-06-26,56.599998474121094
2015-06-29,55.400001525878906
2015-06-30,56.040000915527344
2015-07-01,56.189998626708984
2015-07-02,55.4900016784668
2015-07-06,55.34000015258789
2015-07-07,56.540000915527344
2015-07-08,55.790000915527344
2015-07-09,55.47999954223633
2015-07-10,57.650001525878906
2015-07-13,58.5
2015-07-14,59.220001220703125
2015-07-15,58.7400016784668
2015-07-16,59.189998626708984
2015-07-17,59.0
2015-07-20,59.130001068115234
2015-07-21,59.290000915527344
2015-07-22,59.88999938964844
2015-07-23,59.84000015258789
2015-07-24,58.77000045776367
2015-07-27,58.119998931884766
2015-07-28,58.43000030517578
2015-07-29,59.880001068115234
2015-07-30,59.689998626708984
2015-07-31,62.41999816894531
2015-08-03,62.0
2015-08-04,59.43000030517578
2015-08-05,61.18000030517578
2015-08-06,60.13999938964844
2015-08-07,61.060001373291016
2015-08-10,61.41999816894531
2015-08-11,59.380001068115234
2015-08-12,58.45000076293945
2015-08-13,59.38999938964844
2015-08-14,59.400001525878906
2015-08-17,60.119998931884766
2015-08-18,60.029998779296875
2015-08-19,59.720001220703125
2015-08-20,57.0
2015-08-21,56.099998474121094
2015-08-24,54.93000030517578
2015-08-25,54.790000915527344
2015-08-26,56.86000061035156
2015-08-27,57.7599983215332
2015-08-28,57.7400016784668
2015-08-31,57.599998474121094
2015-09-01,55.95000076293945
2015-09-02,57.400001525878906
2015-09-03,57.599998474121094
2015-09-04,57.189998626708984
2015-09-08,58.84000015258789
2015-09-09,59.75
2015-09-10,59.77000045776367
2015-09-11,60.93000030517578
2015-09-14,61.400001525878906
2015-09-15,61.810001373291016
2015-09-16,62.29999923706055
2015-09-17,62.099998474121094
2015-09-18,61.36000061035156
2015-09-21,62.31999969482422
2015-09-22,60.209999084472656
2015-09-23,62.20000076293945
2015-09-24,61.459999084472656
2015-09-25,60.68000030517578
2015-09-28,57.4900016784668
2015-09-29,56.08000183105469
2015-09-30,57.29999923706055
2015-10-01,57.34000015258789
2015-10-02,58.459999084472656
2015-10-05,58.97999954223633
2015-10-06,56.849998474121094
2015-10-07,57.099998474121094
2015-10-08,57.11000061035156
2015-10-09,57.95000076293945
2015-10-12,59.790000915527344
2015-10-13,59.349998474121094
2015-10-14,56.81999969482422
2015-10-15,60.45000076293945
2015-10-16,60.0
2015-10-19,61.0
2015-10-20,60.84000015258789
2015-10-21,60.20000076293945
2015-10-22,60.900001525878906
2015-10-23,62.2400016784668
2015-10-26,63.22999954223633
2015-10-27,63.630001068115234
2015-10-28,62.470001220703125
2015-10-29,63.369998931884766
2015-10-30,63.619998931884766
2015-11-02,63.7599983215332
2015-11-03,60.54999923706055
2015-11-04,58.939998626708984
2015-11-05,59.709999084472656
2015-11-06,60.560001373291016
2015-11-09,58.75
2015-11-10,58.4900016784668
2015-11-11,58.25
2015-11-12,57.09000015258789
2015-11-13,55.20000076293945
2015-11-16,54.33000183105469
2015-11-17,54.86000061035156
2015-11-18,55.72999954223633
2015-11-19,56.86000061035156
2015-11-20,57.130001068115234
2015-11-23,58.29999923706055
2015-11-24,57.22999954223633
2015-11-25,57.529998779296875
2015-11-27,57.81999969482422
2015-11-30,57.439998626708984
2015-12-01,58.70000076293945
2015-12-02,57.93000030517578
2015-12-03,57.290000915527344
2015-12-04,58.27000045776367
2015-12-07,58.7599983215332
2015-12-08,58.61000061035156
2015-12-09,57.029998779296875
2015-12-10,58.529998779296875
2015-12-11,58.470001220703125
2015-12-14,59.459999084472656
2015-12-15,58.5
2015-12-16,59.790000915527344
2015-12-17,57.11000061035156
2015-12-18,56.86000061035156
2015-12-21,59.040000915527344
2015-12-22,58.84000015258789
2015-12-23,58.470001220703125
2015-12-24,58.61000061035156
2015-12-28,58.02000045776367
2015-12-29,59.529998779296875
2015-12-30,59.5099983215332
2015-12-31,58.599998474121094
2016-01-04,57.9900016784668
2016-01-05,57.709999084472656
2016-01-06,56.970001220703125
2016-01-07,55.720001220703125
2016-01-08,55.06999969482422
2016-01-11,56.0
2016-01-12,55.849998474121094
2016-01-13,52.310001373291016
2016-01-14,50.79999923706055
2016-01-15,47.81999969482422
2016-01-19,47.20000076293945
2016-01-20,47.279998779296875
2016-01-21,47.900001525878906
2016-01-22,47.97999954223633
2016-01-25,47.31999969482422
2016-01-26,48.61000061035156
2016-01-27,45.22999954223633
2016-01-28,42.459999084472656
2016-01-29,45.369998931884766
2016-02-01,47.060001373291016
2016-02-02,43.02000045776367
2016-02-03,41.959999084472656
2016-02-04,42.5
2016-02-05,39.459999084472656
2016-02-08,38.20000076293945
2016-02-09,39.18000030517578
2016-02-10,38.7400016784668
2016-02-11,39.0
2016-02-12,39.33000183105469
2016-02-16,40.560001373291016
2016-02-17,42.83000183105469
2016-02-18,41.849998474121094
2016-02-19,42.4900016784668
2016-02-22,44.08000183105469
2016-02-23,46.849998474121094
2016-02-24,47.900001525878906
2016-02-25,48.65999984741211
2016-02-26,49.63999938964844
2016-02-29,49.130001068115234
2016-03-01,50.310001373291016
2016-03-02,50.529998779296875
2016-03-03,50.0
2016-03-04,49.560001373291016
2016-03-07,49.68000030517578
2016-03-08,47.310001373291016
2016-03-09,47.59000015258789
2016-03-10,47.2599983215332
2016-03-11,48.869998931884766
2016-03-14,49.689998626708984
2016-03-15,48.40999984741211
2016-03-16,49.709999084472656
2016-03-17,51.41999816894531
2016-03-18,52.45000076293945
2016-03-21,52.709999084472656
2016-03-22,51.63999938964844
2016-03-23,49.77000045776367
2016-03-24,51.08000183105469
2016-03-28,51.349998474121094
2016-03-29,51.2599983215332
2016-03-30,54.18000030517578
2016-03-31,55.290000915527344
2016-04-01,54.52000045776367
2016-04-04,54.63999938964844
2016-04-05,53.959999084472656
2016-04-06,54.9900016784668
2016-04-07,53.790000915527344
2016-04-08,53.63999938964844
2016-04-11,53.529998779296875
2016-04-12,53.93000030517578
2016-04-13,55.15999984741211
2016-04-14,54.52000045776367
2016-04-15,53.08000183105469
2016-04-18,52.13999938964844
2016-04-19,51.5
2016-04-20,50.900001525878906
2016-04-21,49.970001220703125
2016-04-22,48.65999984741211
2016-04-25,49.310001373291016
2016-04-26,48.849998474121094
2016-04-27,49.79999923706055
2016-04-28,48.72999954223633
2016-04-29,48.88999938964844
2016-05-02,49.83000183105469
2016-05-03,50.13999938964844
2016-05-04,49.15999984741211
2016-05-05,48.880001068115234
2016-05-06,48.88999938964844
2016-05-09,49.25
2016-05-10,46.88999938964844
2016-05-11,46.68000030517578
2016-05-12,47.189998626708984
2016-05-13,46.380001068115234
2016-05-16,47.349998474121094
2016-05-17,47.22999954223633
2016-05-18,47.58000183105469
2016-05-19,46.38999938964844
2016-05-20,47.209999084472656
2016-05-23,46.7400016784668
2016-05-24,47.810001373291016
2016-05-25,46.56999969482422
2016-05-26,45.779998779296875
2016-05-27,47.09000015258789
2016-05-31,46.40999984741211
2016-06-01,46.59000015258789
2016-06-02,46.54999923706055
2016-06-03,45.72999954223633
2016-06-06,45.400001525878906
2016-06-07,45.90999984741211
2016-06-08,45.459999084472656
2016-06-09,45.61000061035156
2016-06-10,44.529998779296875
2016-06-13,43.83000183105469
2016-06-14,43.220001220703125
2016-06-15,43.36000061035156
2016-06-16,43.29999923706055
2016-06-17,43.380001068115234
2016-06-20,44.220001220703125
2016-06-21,44.459999084472656
2016-06-22,44.2400016784668
2016-06-23,44.22999954223633
2016-06-24,40.380001068115234
2016-06-27,38.209999084472656
2016-06-28,38.439998626708984
2016-06-29,39.279998779296875
2016-06-30,39.84000015258789
2016-07-01,41.060001373291016
2016-07-05,40.5099983215332
2016-07-06,40.29999923706055
2016-07-07,40.59000015258789
2016-07-08,42.060001373291016
2016-07-11,43.15999984741211
2016-07-12,44.54999923706055
2016-07-13,43.97999954223633
2016-07-14,42.77000045776367
2016-07-15,41.189998626708984
2016-07-18,41.15999984741211
2016-07-19,40.13999938964844
2016-07-20,41.189998626708984
2016-07-21,41.119998931884766
2016-07-22,41.11000061035156
2016-07-25,41.689998626708984
2016-07-26,41.869998931884766
2016-07-27,42.130001068115234
2016-07-28,42.959999084472656
2016-07-29,42.599998474121094
2016-08-01,42.459999084472656
2016-08-02,39.7599983215332
2016-08-03,40.45000076293945
2016-08-04,41.65999984741211
2016-08-05,43.099998474121094
2016-08-08,42.959999084472656
2016-08-09,37.90999984741211
2016-08-10,37.29999923706055
2016-08-11,38.779998779296875
2016-08-12,38.439998626708984
2016-08-15,38.369998931884766
2016-08-16,37.630001068115234
2016-08-17,38.65999984741211
2016-08-18,38.70000076293945
2016-08-19,38.209999084472656
2016-08-22,37.68000030517578
2016-08-23,37.68000030517578
2016-08-24,36.86000061035156
2016-08-25,36.18000030517578
2016-08-26,35.79999923706055
2016-08-29,35.52000045776367
2016-08-30,35.849998474121094
2016-08-31,35.88999938964844
2016-09-01,37.04999923706055
2016-09-02,35.61000061035156
2016-09-06,35.310001373291016
2016-09-07,34.970001220703125
2016-09-08,34.400001525878906
2016-09-09,34.5
2016-09-12,35.25
2016-09-13,35.290000915527344
2016-09-14,35.959999084472656
2016-09-15,36.2400016784668
2016-09-16,35.75
2016-09-19,35.34000015258789
2016-09-20,36.310001373291016
2016-09-21,36.29999923706055
2016-09-22,37.16999816894531
2016-09-23,37.41999816894531
2016-09-26,36.720001220703125
2016-09-27,37.689998626708984
2016-09-28,37.439998626708984
2016-09-29,37.15999984741211
2016-09-30,37.70000076293945
2016-10-03,37.779998779296875
2016-10-04,38.04999923706055
2016-10-05,38.2599983215332
2016-10-06,38.63999938964844
2016-10-07,38.459999084472656
2016-10-10,38.47999954223633
2016-10-11,37.95000076293945
2016-10-12,38.08000183105469
2016-10-13,37.790000915527344
2016-10-14,37.33000183105469
2016-10-17,37.470001220703125
2016-10-18,38.25
2016-10-19,38.11000061035156
2016-10-20,38.7400016784668
2016-10-21,37.9900016784668
2016-10-24,38.060001373291016
2016-10-25,37.72999954223633
2016-10-26,37.970001220703125
2016-10-27,35.709999084472656
2016-10-28,38.2400016784668
2016-10-31,38.869998931884766
2016-11-01,37.70000076293945
2016-11-02,37.4900016784668
2016-11-03,37.209999084472656
2016-11-04,37.0
2016-11-07,37.83000183105469
2016-11-08,39.130001068115234
2016-11-09,35.529998779296875
2016-11-10,37.970001220703125
2016-11-11,38.41999816894531
2016-11-14,41.34000015258789
2016-11-15,40.16999816894531
2016-11-16,39.56999969482422
2016-11-17,39.83000183105469
2016-11-18,39.68000030517578
2016-11-21,39.59000015258789
2016-11-22,40.25
2016-11-23,39.97999954223633
2016-11-25,40.58000183105469
2016-11-28,40.099998474121094
2016-11-29,40.709999084472656
2016-11-30,39.810001373291016
2016-12-01,38.849998474121094
2016-12-02,39.279998779296875
2016-12-05,40.63999938964844
2016-12-06,41.25
2016-12-07,42.65999984741211
2016-12-08,44.02000045776367
2016-12-09,44.5
2016-12-12,43.9900016784668
2016-12-13,43.900001525878906
2016-12-14,44.029998779296875
2016-12-15,45.13999938964844
2016-12-16,44.130001068115234
2016-12-19,43.060001373291016
2016-12-20,44.91999816894531
2016-12-21,44.93000030517578
2016-12-22,43.380001068115234
2016-12-23,43.5099983215332
2016-12-27,43.689998626708984
2016-12-28,42.93000030517578
2016-12-29,42.65999984741211
2016-12-30,42.529998779296875
2017-01-03,42.790000915527344
2017-01-04,44.77000045776367
2017-01-05,44.54999923706055
2017-01-06,44.25
2017-01-09,44.38999938964844
2017-01-10,45.220001220703125
2017-01-11,45.75
2017-01-12,45.349998474121094
2017-01-13,44.95000076293945
2017-01-17,44.7400016784668
2017-01-18,45.66999816894531
2017-01-19,45.619998931884766
2017-01-20,45.630001068115234
2017-01-23,46.0
2017-01-24,46.84000015258789
2017-01-25,48.09000015258789
2017-01-26,49.33000183105469
2017-01-27,49.02000045776367
2017-01-30,48.029998779296875
2017-01-31,47.0
2017-02-01,48.08000183105469
2017-02-02,47.65999984741211
2017-02-03,47.7400016784668
2017-02-06,47.52000045776367
2017-02-07,47.70000076293945
2017-02-08,47.86000061035156
2017-02-09,48.060001373291016
2017-02-10,47.79999923706055
2017-02-13,47.869998931884766
2017-02-14,47.77000045776367
2017-02-15,47.91999816894531
2017-02-16,47.630001068115234
2017-02-17,47.689998626708984
2017-02-21,48.20000076293945
2017-02-22,51.63999938964844
2017-02-23,50.68000030517578
2017-02-24,50.02000045776367
2017-02-27,50.77000045776367
2017-02-28,50.70000076293945
2017-03-01,51.04999923706055
2017-03-02,50.97999954223633
2017-03-03,50.11000061035156
2017-03-06,49.7599983215332
2017-03-07,49.41999816894531
2017-03-08,49.52000045776367
2017-03-09,49.91999816894531
2017-03-10,51.099998474121094
2017-03-13,51.31999969482422
2017-03-14,50.959999084472656
2017-03-15,51.40999984741211
2017-03-16,51.43000030517578
2017-03-17,51.310001373291016
2017-03-20,51.099998474121094
2017-03-21,50.0
2017-03-22,50.970001220703125
2017-03-23,51.11000061035156
2017-03-24,50.47999954223633
2017-03-27,51.02000045776367
2017-03-28,51.29999923706055
2017-03-29,50.86000061035156
2017-03-30,51.2400016784668
2017-03-31,50.72999954223633
2017-04-03,50.189998626708984
2017-04-04,49.7599983215332
2017-04-05,49.779998779296875
2017-04-06,49.90999984741211
2017-04-07,48.310001373291016
2017-04-10,48.540000915527344
2017-04-11,47.470001220703125
2017-04-12,47.849998474121094
2017-04-13,48.029998779296875
2017-04-17,48.959999084472656
2017-04-18,48.81999969482422
2017-04-19,49.209999084472656
2017-04-20,50.13999938964844
2017-04-21,50.130001068115234
2017-04-24,50.349998474121094
2017-04-25,51.08000183105469
2017-04-26,52.7599983215332
2017-04-27,52.68000030517578
2017-04-28,53.93000030517578
2017-05-01,54.900001525878906
2017-05-02,55.060001373291016
2017-05-03,54.900001525878906
2017-05-04,54.84000015258789
2017-05-05,55.4900016784668
2017-05-08,55.099998474121094
2017-05-09,55.779998779296875
2017-05-10,54.06999969482422
2017-05-11,52.95000076293945
2017-05-12,51.5
2017-05-15,51.5
2017-05-16,50.310001373291016
2017-05-17,48.06999969482422
2017-05-18,49.119998931884766
2017-05-19,49.34000015258789
2017-05-22,50.5099983215332
2017-05-23,49.58000183105469
2017-05-24,49.63999938964844
2017-05-25,50.68000030517578
2017-05-26,50.84000015258789
2017-05-30,50.06999969482422
2017-05-31,49.970001220703125
2017-06-01,50.93000030517578
2017-06-02,51.15999984741211
2017-06-05,50.310001373291016
2017-06-06,49.720001220703125
2017-06-07,50.790000915527344
2017-06-08,51.790000915527344
2017-06-09,51.130001068115234
2017-06-12,50.41999816894531
2017-06-13,51.84000015258789
2017-06-14,52.16999816894531
2017-06-15,52.90999984741211
2017-06-16,52.900001525878906
2017-06-19,53.630001068115234
2017-06-20,53.099998474121094
2017-06-21,54.900001525878906
2017-06-22,55.459999084472656
2017-06-23,54.810001373291016
2017-06-26,55.310001373291016
2017-06-27,53.86000061035156
2017-06-28,55.279998779296875
2017-06-29,54.41999816894531
2017-06-30,54.290000915527344
2017-07-03,54.54999923706055
2017-07-05,55.40999984741211
2017-07-06,54.060001373291016
2017-07-07,54.68000030517578
2017-07-10,54.029998779296875
2017-07-11,53.959999084472656
2017-07-12,54.09000015258789
2017-07-13,54.2400016784668
2017-07-14,53.470001220703125
2017-07-17,54.130001068115234
2017-07-18,54.18000030517578
2017-07-19,54.380001068115234
2017-07-20,55.04999923706055
2017-07-21,55.06999969482422
2017-07-24,55.72999954223633
2017-07-25,55.75
2017-07-26,55.650001525878906
2017-07-27,55.11000061035156
2017-07-28,55.209999084472656
2017-07-31,55.06999969482422
2017-08-01,56.90999984741211
2017-08-02,55.84000015258789
2017-08-03,56.25
2017-08-04,56.900001525878906
2017-08-07,56.650001525878906
2017-08-08,59.41999816894531
2017-08-09,58.36000061035156
2017-08-10,57.06999969482422
2017-08-11,56.77000045776367
2017-08-14,57.459999084472656
2017-08-15,57.45000076293945
2017-08-16,57.900001525878906
2017-08-17,56.18000030517578
2017-08-18,55.779998779296875
2017-08-21,55.86000061035156
2017-08-22,56.900001525878906
2017-08-23,57.150001525878906
2017-08-24,57.72999954223633
2017-08-25,57.720001220703125
2017-08-28,57.880001068115234
2017-08-29,57.63999938964844
2017-08-30,58.220001220703125
2017-08-31,59.459999084472656
2017-09-01,58.540000915527344
2017-09-05,56.689998626708984
2017-09-06,57.119998931884766
2017-09-07,55.86000061035156
2017-09-08,55.119998931884766
2017-09-11,56.650001525878906
2017-09-12,57.20000076293945
2017-09-13,57.790000915527344
2017-09-14,57.720001220703125
2017-09-15,56.7400016784668
2017-09-18,56.349998474121094
2017-09-19,55.459999084472656
2017-09-20,54.36000061035156
2017-09-21,54.400001525878906
2017-09-22,54.02000045776367
2017-09-25,53.599998474121094
2017-09-26,54.88999938964844
2017-09-27,52.83000183105469
2017-09-28,53.650001525878906
2017-09-29,54.04999923706055
2017-10-02,54.41999816894531
2017-10-03,54.72999954223633
2017-10-04,55.97999954223633
2017-10-05,58.40999984741211
2017-10-06,58.84000015258789
2017-10-09,58.88999938964844
2017-10-10,59.15999984741211
2017-10-11,58.79999923706055
2017-10-12,58.86000061035156
2017-10-13,58.7400016784668
2017-10-16,58.91999816894531
2017-10-17,58.61000061035156
2017-10-18,57.470001220703125
2017-10-19,54.16999816894531
2017-10-20,53.72999954223633
2017-10-23,53.720001220703125
2017-10-24,54.65999984741211
2017-10-25,54.790000915527344
2017-10-26,54.91999816894531
2017-10-27,55.63999938964844
2017-10-30,54.79999923706055
2017-10-31,55.75
2017-11-01,54.20000076293945
2017-11-02,54.90999984741211
2017-11-03,55.029998779296875
2017-11-06,55.2599983215332
2017-11-07,55.36000061035156
2017-11-08,55.560001373291016
2017-11-09,56.88999938964844
2017-11-10,55.22999954223633
2017-11-13,55.27000045776367
2017-11-14,55.099998474121094
2017-11-15,55.06999969482422
2017-11-16,53.970001220703125
2017-11-17,54.84000015258789
2017-11-20,54.689998626708984
2017-11-21,55.47999954223633
2017-11-22,55.310001373291016
2017-11-24,55.5
2017-11-27,55.61000061035156
2017-11-28,55.310001373291016
2017-11-29,55.290000915527344
2017-11-30,54.15999984741211
2017-12-01,54.810001373291016
2017-12-04,55.40999984741211
2017-12-05,54.33000183105469
2017-12-06,54.310001373291016
2017-12-07,54.34000015258789
2017-12-08,55.029998779296875
2017-12-11,54.720001220703125
2017-12-12,53.650001525878906
2017-12-13,53.15999984741211
2017-12-14,52.810001373291016
2017-12-15,54.0
2017-12-18,54.97999954223633
2017-12-19,55.59000015258789
2017-12-20,54.81999969482422
2017-12-21,54.13999938964844
2017-12-22,54.029998779296875
2017-12-26,53.72999954223633
2017-12-27,54.0
2017-12-28,53.61000061035156
2017-12-29,53.25
2018-01-02,54.959999084472656
2018-01-03,55.369998931884766
2018-01-04,54.68000030517578
2018-01-05,54.869998931884766
2018-01-08,54.65999984741211
2018-01-09,54.939998626708984
2018-01-10,55.599998474121094
2018-01-11,56.15999984741211
2018-01-12,57.849998474121094
2018-01-16,57.38999938964844
2018-01-17,59.27000045776367
2018-01-18,58.86000061035156
2018-01-19,59.43000030517578
2018-01-22,59.369998931884766
2018-01-23,58.33000183105469
2018-01-24,59.77000045776367
2018-01-25,59.61000061035156
2018-01-26,60.93000030517578
2018-01-29,60.56999969482422
2018-01-30,59.959999084472656
2018-01-31,60.7400016784668
2018-02-01,60.59000015258789
2018-02-02,59.0
2018-02-05,56.95000076293945
2018-02-06,58.20000076293945
2018-02-07,57.7400016784668
2018-02-08,56.0099983215332
2018-02-09,56.209999084472656
2018-02-12,57.45000076293945
2018-02-13,57.5
2018-02-14,58.880001068115234
2018-02-15,59.36000061035156
2018-02-16,59.11000061035156
2018-02-20,58.95000076293945
2018-02-21,58.720001220703125
2018-02-22,57.290000915527344
2018-02-23,57.900001525878906
2018-02-26,57.95000076293945
2018-02-27,56.27000045776367
2018-02-28,56.900001525878906
2018-03-01,56.77000045776367
2018-03-02,56.439998626708984
2018-03-05,55.58000183105469
2018-03-06,56.0
2018-03-07,55.5
2018-03-08,55.45000076293945
2018-03-09,57.150001525878906
2018-03-12,56.58000183105469
2018-03-13,56.650001525878906
2018-03-14,55.95000076293945
2018-03-15,55.34000015258789
2018-03-16,56.119998931884766
2018-03-19,55.41999816894531
2018-03-20,55.720001220703125
2018-03-21,54.16999816894531
2018-03-22,52.709999084472656
2018-03-23,51.400001525878906
2018-03-26,52.439998626708984
2018-03-27,52.869998931884766
2018-03-28,52.47999954223633
2018-03-29,52.970001220703125
2018-04-02,51.970001220703125
2018-04-03,52.38999938964844
2018-04-04,53.040000915527344
2018-04-05,54.38999938964844
2018-04-06,53.209999084472656
2018-04-09,53.029998779296875
2018-04-10,52.0
2018-04-11,52.33000183105469
2018-04-12,53.34000015258789
2018-04-13,52.41999816894531
2018-04-16,53.439998626708984
2018-04-17,53.880001068115234
2018-04-18,55.43000030517578
2018-04-19,54.959999084472656
2018-04-20,55.650001525878906
2018-04-23,56.75
2018-04-24,56.11000061035156
2018-04-25,56.380001068115234
2018-04-26,55.04999923706055
2018-04-27,54.75
2018-04-30,53.470001220703125
2018-05-01,53.86000061035156
2018-05-02,52.029998779296875
2018-05-03,51.099998474121094
2018-05-04,51.5099983215332
2018-05-07,50.310001373291016
2018-05-08,50.650001525878906
2018-05-09,51.15999984741211
2018-05-10,51.400001525878906
2018-05-11,51.459999084472656
2018-05-14,51.41999816894531
2018-05-15,51.709999084472656
2018-05-16,52.5
2018-05-17,52.4900016784668
2018-05-18,52.970001220703125
2018-05-21,53.31999969482422
2018-05-22,53.18000030517578
2018-05-23,52.849998474121094
2018-05-24,53.66999816894531
2018-05-25,54.130001068115234
2018-05-29,52.810001373291016
2018-05-30,52.77000045776367
2018-05-31,52.34000015258789
2018-06-01,53.18000030517578
2018-06-04,53.029998779296875
2018-06-05,50.79999923706055
2018-06-06,51.54999923706055
2018-06-07,51.95000076293945
2018-06-08,51.75
2018-06-11,52.27000045776367
2018-06-12,52.72999954223633
2018-06-13,53.439998626708984
2018-06-14,54.45000076293945
2018-06-15,54.95000076293945
2018-06-18,54.54999923706055
2018-06-19,53.61000061035156
2018-06-20,52.9900016784668
2018-06-21,51.900001525878906
2018-06-22,51.959999084472656
2018-06-25,48.77000045776367
2018-06-26,49.47999954223633
2018-06-27,48.099998474121094
2018-06-28,47.650001525878906
2018-06-29,47.25
2018-07-02,47.060001373291016
2018-07-03,46.650001525878906
2018-07-05,46.619998931884766
2018-07-06,47.04999923706055
2018-07-09,47.77000045776367
2018-07-10,47.599998474121094
2018-07-11,47.61000061035156
2018-07-12,47.959999084472656
2018-07-13,47.08000183105469
2018-07-16,47.189998626708984
2018-07-17,47.56999969482422
2018-07-18,50.13999938964844
2018-07-19,49.849998474121094
2018-07-20,49.540000915527344
2018-07-23,49.849998474121094
2018-07-24,49.849998474121094
2018-07-25,50.15999984741211
2018-07-26,50.04999923706055
2018-07-27,49.7599983215332
2018-07-30,49.7599983215332
2018-07-31,50.029998779296875
2018-08-01,49.220001220703125
2018-08-02,49.68000030517578
2018-08-03,49.810001373291016
2018-08-06,49.75
2018-08-07,49.61000061035156
2018-08-08,48.93000030517578
2018-08-09,50.95000076293945
2018-08-10,50.61000061035156
2018-08-13,51.15999984741211
2018-08-14,52.02000045776367
2018-08-15,51.970001220703125
2018-08-16,51.88999938964844
2018-08-17,52.4900016784668
2018-08-20,53.08000183105469
2018-08-21,53.36000061035156
2018-08-22,52.59000015258789
2018-08-23,52.380001068115234
2018-08-24,53.06999969482422
2018-08-27,53.43000030517578
2018-08-28,53.61000061035156
2018-08-29,54.25
2018-08-30,53.31999969482422
2018-08-31,53.61000061035156
2018-09-04,53.02000045776367
2018-09-05,52.97999954223633
2018-09-06,53.20000076293945
2018-09-07,53.369998931884766
2018-09-10,53.41999816894531
2018-09-11,53.15999984741211
2018-09-12,53.52000045776367
2018-09-13,53.9900016784668
2018-09-14,55.470001220703125
2018-09-17,55.83000183105469
2018-09-18,56.91999816894531
2018-09-19,57.04999923706055
2018-09-20,57.459999084472656
2018-09-21,57.880001068115234
2018-09-24,56.939998626708984
2018-09-25,56.41999816894531
2018-09-26,57.18000030517578
2018-09-27,56.88999938964844
2018-09-28,57.43000030517578
2018-10-01,56.7599983215332
2018-10-02,56.47999954223633
2018-10-03,56.15999984741211
2018-10-04,55.04999923706055
2018-10-05,54.2400016784668
2018-10-08,54.279998779296875
2018-10-09,53.970001220703125
2018-10-10,52.11000061035156
2018-10-11,50.619998931884766
2018-10-12,50.70000076293945
2018-10-15,50.709999084472656
2018-10-16,51.900001525878906
2018-10-17,51.41999816894531
2018-10-18,49.88999938964844
2018-10-19,49.0
2018-10-22,48.209999084472656
2018-10-23,48.09000015258789
2018-10-24,45.08000183105469
2018-10-25,45.43000030517578
2018-10-26,43.880001068115234
2018-10-29,42.33000183105469
2018-10-30,42.400001525878906
2018-10-31,44.06999969482422
2018-11-01,46.400001525878906
2018-11-02,45.79999923706055
2018-11-05,46.09000015258789
2018-11-06,46.56999969482422
2018-11-07,48.0
2018-11-08,49.27000045776367
2018-11-09,48.75
2018-11-12,48.56999969482422
2018-11-13,49.4900016784668
2018-11-14,49.709999084472656
2018-11-15,50.439998626708984
2018-11-16,50.43000030517578
2018-11-19,49.27000045776367
2018-11-20,49.4900016784668
2018-11-21,50.150001525878906
2018-11-23,50.7400016784668
2018-11-26,51.560001373291016
2018-11-27,50.959999084472656
2018-11-28,51.59000015258789
2018-11-29,51.560001373291016
2018-11-30,51.31999969482422
2018-12-03,51.540000915527344
2018-12-04,48.77000045776367
2018-12-06,49.36000061035156
2018-12-07,47.59000015258789
2018-12-10,47.72999954223633
2018-12-11,47.22999954223633
2018-12-12,47.66999816894531
2018-12-13,47.27000045776367
2018-12-14,47.619998931884766
2018-12-17,47.13999938964844
2018-12-18,46.77000045776367
2018-12-19,45.16999816894531
2018-12-20,42.29999923706055
2018-12-21,40.790000915527344
2018-12-24,39.54999923706055
2018-12-26,41.939998626708984
2018-12-27,41.560001373291016
2018-12-28,41.97999954223633
2018-12-31,42.38999938964844
2019-01-02,42.380001068115234
2019-01-03,40.709999084472656
2019-01-04,43.029998779296875
2019-01-07,43.709999084472656
2019-01-08,45.029998779296875
2019-01-09,45.7400016784668
2019-01-10,46.16999816894531
2019-01-11,46.189998626708984
2019-01-14,45.540000915527344
2019-01-15,46.029998779296875
2019-01-16,45.849998474121094
2019-01-17,46.790000915527344
2019-01-18,47.529998779296875
2019-01-22,46.599998474121094
2019-01-23,46.720001220703125
2019-01-24,46.9900016784668
2019-01-25,47.93000030517578
2019-01-28,48.369998931884766
2019-01-29,48.720001220703125
2019-01-30,50.849998474121094
2019-01-31,51.43000030517578
2019-02-01,51.470001220703125
2019-02-04,52.08000183105469
2019-02-05,51.810001373291016
2019-02-06,52.619998931884766
2019-02-07,51.349998474121094
2019-02-08,51.310001373291016
2019-02-11,51.880001068115234
2019-02-12,51.81999969482422
2019-02-13,52.540000915527344
2019-02-14,52.189998626708984
2019-02-15,53.029998779296875
2019-02-19,53.380001068115234
2019-02-20,53.70000076293945
2019-02-21,55.52000045776367
2019-02-22,55.349998474121094
2019-02-25,55.939998626708984
2019-02-26,55.56999969482422
2019-02-27,54.91999816894531
2019-02-28,55.529998779296875
2019-03-01,55.27000045776367
2019-03-04,54.599998474121094
2019-03-05,55.45000076293945
2019-03-06,55.119998931884766
2019-03-07,54.65999984741211
2019-03-08,55.0099983215332
2019-03-11,55.459999084472656
2019-03-12,55.349998474121094
2019-03-13,55.08000183105469
2019-03-14,55.15999984741211
2019-03-15,55.54999923706055
2019-03-18,56.15999984741211
2019-03-19,56.11000061035156
2019-03-20,55.869998931884766
2019-03-21,56.5
2019-03-22,55.619998931884766
2019-03-25,55.16999816894531
2019-03-26,54.47999954223633
2019-03-27,53.939998626708984
2019-03-28,54.33000183105469
2019-03-29,54.959999084472656
2019-04-01,56.11000061035156
2019-04-02,56.5
2019-04-03,56.7599983215332
2019-04-04,56.72999954223633
2019-04-05,57.130001068115234
2019-04-08,57.290000915527344
2019-04-09,55.880001068115234
2019-04-10,56.5
2019-04-11,57.47999954223633
2019-04-12,58.599998474121094
2019-04-15,58.66999816894531
2019-04-16,59.560001373291016
2019-04-17,57.84000015258789
2019-04-18,56.91999816894531
2019-04-22,56.599998474121094
2019-04-23,57.29999923706055
2019-04-24,56.97999954223633
2019-04-25,56.79999923706055
2019-04-26,57.27000045776367
2019-04-29,57.08000183105469
2019-04-30,56.38999938964844
2019-05-01,58.0
2019-05-02,56.900001525878906
2019-05-03,58.25
2019-05-06,58.290000915527344
2019-05-07,57.189998626708984
2019-05-08,57.34000015258789
2019-05-09,57.59000015258789
2019-05-10,57.900001525878906
2019-05-13,55.290000915527344
2019-05-14,56.29999923706055
2019-05-15,56.72999954223633
2019-05-16,57.54999923706055
2019-05-17,56.91999816894531
2019-05-20,55.88999938964844
2019-05-21,56.77000045776367
2019-05-22,56.810001373291016
2019-05-23,55.54999923706055
2019-05-24,55.380001068115234
2019-05-28,55.220001220703125
2019-05-29,54.65999984741211
2019-05-30,55.15999984741211
2019-05-31,54.709999084472656
2019-06-03,54.29999923706055
2019-06-04,54.2599983215332
2019-06-05,52.380001068115234
2019-06-06,51.939998626708984
2019-06-07,52.59000015258789
2019-06-10,53.83000183105469
2019-06-11,53.59000015258789
2019-06-12,53.84000015258789
2019-06-13,53.720001220703125
2019-06-14,54.279998779296875
2019-06-17,53.040000915527344
2019-06-18,53.75
2019-06-19,53.90999984741211
2019-06-20,52.560001373291016
2019-06-21,51.11000061035156
2019-06-24,50.83000183105469
2019-06-25,50.86000061035156
2019-06-26,50.40999984741211
2019-06-27,51.84000015258789
2019-06-28,53.630001068115234
2019-07-01,52.81999969482422
2019-07-02,53.72999954223633
2019-07-03,52.7599983215332
2019-07-05,51.95000076293945
2019-07-08,50.25
2019-07-09,50.7599983215332
2019-07-10,49.650001525878906
2019-07-11,49.619998931884766
2019-07-12,49.790000915527344
2019-07-15,50.36000061035156
2019-07-16,50.81999969482422
2019-07-17,49.400001525878906
2019-07-18,49.279998779296875
2019-07-19,48.599998474121094
2019-07-22,47.91999816894531
2019-07-23,48.45000076293945
2019-07-24,49.459999084472656
2019-07-25,48.7599983215332
2019-07-26,49.040000915527344
2019-07-29,49.099998474121094
2019-07-30,48.5
2019-07-31,49.439998626708984
2019-08-01,48.56999969482422
2019-08-02,47.45000076293945
2019-08-05,46.04999923706055
2019-08-06,46.91999816894531
2019-08-07,47.63999938964844
2019-08-08,48.599998474121094
2019-08-09,49.65999984741211
2019-08-12,49.83000183105469
2019-08-13,50.439998626708984
2019-08-14,48.90999984741211
2019-08-15,49.11000061035156
2019-08-16,50.47999954223633
2019-08-19,51.349998474121094
2019-08-20,50.97999954223633
2019-08-21,50.900001525878906
2019-08-22,50.5
2019-08-23,49.720001220703125
2019-08-26,49.47999954223633
2019-08-27,49.09000015258789
2019-08-28,49.56999969482422
2019-08-29,50.22999954223633
2019-08-30,50.75
2019-09-03,50.58000183105469
2019-09-04,51.040000915527344
2019-09-05,52.310001373291016
2019-09-06,52.119998931884766
2019-09-09,52.939998626708984
2019-09-10,54.66999816894531
2019-09-11,54.599998474121094
2019-09-12,54.41999816894531
2019-09-13,54.68000030517578
2019-09-16,53.34000015258789
2019-09-17,53.959999084472656
2019-09-18,53.880001068115234
2019-09-19,53.77000045776367
2019-09-20,53.66999816894531
2019-09-23,53.5099983215332
2019-09-24,53.11000061035156
2019-09-25,53.29999923706055
2019-09-26,51.2599983215332
2019-09-27,51.02000045776367
2019-09-30,51.77000045776367
2019-10-01,50.7599983215332
2019-10-02,49.13999938964844
2019-10-03,48.13999938964844
2019-10-04,48.439998626708984
2019-10-07,48.560001373291016
2019-10-08,47.16999816894531
2019-10-09,47.209999084472656
2019-10-10,48.09000015258789
2019-10-11,49.15999984741211
2019-10-14,49.33000183105469
2019-10-15,49.61000061035156
2019-10-16,49.33000183105469
2019-10-17,49.779998779296875
2019-10-18,50.209999084472656
2019-10-21,50.95000076293945
2019-10-22,49.970001220703125
2019-10-23,50.689998626708984
2019-10-24,50.970001220703125
2019-10-25,51.470001220703125
2019-10-28,51.88999938964844
2019-10-29,52.619998931884766
2019-10-30,51.189998626708984
2019-10-31,50.7599983215332
2019-11-01,51.33000183105469
2019-11-04,52.290000915527344
2019-11-05,52.4900016784668
2019-11-06,52.060001373291016
2019-11-07,52.220001220703125
2019-11-08,51.81999969482422
2019-11-11,51.91999816894531
2019-11-12,51.2599983215332
2019-11-13,52.119998931884766
2019-11-14,52.40999984741211
2019-11-15,53.060001373291016
2019-11-18,53.4900016784668
2019-11-19,53.65999984741211
2019-11-20,52.779998779296875
2019-11-21,53.41999816894531
2019-11-22,54.0099983215332
2019-11-25,53.970001220703125
2019-11-26,53.93000030517578
2019-11-27,54.63999938964844
2019-11-29,53.63999938964844
2019-12-02,53.150001525878906
2019-12-03,52.86000061035156
2019-12-04,53.61000061035156
2019-12-05,54.25
2019-12-06,54.709999084472656
2019-12-09,54.86000061035156
2019-12-10,54.779998779296875
2019-12-11,55.40999984741211
2019-12-12,56.130001068115234
2019-12-13,55.779998779296875
2019-12-16,55.220001220703125
2019-12-17,55.27000045776367
2019-12-18,54.83000183105469
2019-12-19,55.34000015258789
2019-12-20,57.560001373291016
2019-12-23,58.5099983215332
2019-12-24,58.380001068115234
2019-12-26,59.11000061035156
2019-12-27,59.11000061035156
2019-12-30,58.59000015258789
2019-12-31,58.40999984741211
2020-01-02,58.83000183105469
2020-01-03,57.599998474121094
2020-01-06,56.79999923706055
2020-01-07,56.970001220703125
2020-01-08,57.56999969482422
2020-01-09,58.060001373291016
2020-01-10,57.959999084472656
2020-01-13,57.84000015258789
2020-01-14,57.900001525878906
2020-01-15,57.540000915527344
2020-01-16,58.58000183105469
2020-01-17,59.650001525878906
2020-01-21,57.95000076293945
2020-01-22,57.630001068115234
2020-01-23,58.220001220703125
2020-01-24,55.84000015258789
2020-01-27,54.15999984741211
2020-01-28,55.0
2020-01-29,56.02000045776367
2020-01-30,54.79999923706055
2020-01-31,53.849998474121094
2020-02-03,54.189998626708984
2020-02-04,54.75
2020-02-05,55.11000061035156
2020-02-06,55.099998474121094
2020-02-07,52.810001373291016
2020-02-10,51.0
2020-02-11,52.4900016784668
2020-02-12,54.209999084472656
2020-02-13,53.43000030517578
2020-02-14,52.459999084472656
2020-02-18,51.689998626708984
2020-02-19,52.02000045776367
2020-02-20,48.5099983215332
2020-02-21,46.970001220703125
2020-02-24,42.58000183105469
2020-02-25,39.310001373291016
2020-02-26,36.209999084472656
2020-02-27,34.7400016784668
2020-02-28,37.2599983215332
2020-03-02,35.59000015258789
2020-03-03,33.619998931884766
2020-03-04,33.0
2020-03-05,28.59000015258789
2020-03-06,27.100000381469727
2020-03-09,19.809999465942383
2020-03-10,20.5
2020-03-11,15.029999732971191
2020-03-12,9.649999618530273
2020-03-13,11.100000381469727
2020-03-16,10.9399995803833
2020-03-17,10.029999732971191
2020-03-18,7.769999980926514
2020-03-19,8.229999542236328
2020-03-20,8.720000267028809
2020-03-23,9.670000076293945
2020-03-24,13.75
2020-03-25,16.959999084472656
2020-03-26,15.710000038146973
2020-03-27,12.020000457763672
2020-03-30,10.680000305175781
2020-03-31,10.960000038146973
2020-04-01,9.550000190734863
2020-04-02,8.399999618530273
2020-04-03,8.460000038146973
2020-04-06,10.010000228881836
2020-04-07,11.010000228881836
2020-04-08,11.720000267028809
2020-04-09,13.109999656677246
2020-04-13,11.359999656677246
2020-04-14,12.350000381469727
2020-04-15,12.079999923706055
2020-04-16,11.350000381469727
2020-04-17,12.380000114440918
2020-04-20,11.489999771118164
2020-04-21,11.0
2020-04-22,10.869999885559082
2020-04-23,11.470000267028809
2020-04-24,10.859999656677246
2020-04-27,11.4399995803833
2020-04-28,13.09000015258789
2020-04-29,16.40999984741211
2020-04-30,16.399999618530273
2020-05-01,13.84000015258789
2020-05-04,14.4399995803833
2020-05-05,11.180000305175781
2020-05-06,11.119999885559082
2020-05-07,12.0
2020-05-08,12.430000305175781
2020-05-11,11.729999542236328
2020-05-12,11.09000015258789
2020-05-13,10.3100004196167
2020-05-14,10.760000228881836
2020-05-15,10.920000076293945
2020-05-18,12.880000114440918
2020-05-19,12.430000305175781
2020-05-20,12.779999732971191
2020-05-21,14.029999732971191
2020-05-22,13.899999618530273
2020-05-26,16.030000686645508
2020-05-27,17.59000015258789
2020-05-28,16.06999969482422
2020-05-29,15.65999984741211
2020-06-01,17.290000915527344
2020-06-02,17.389999389648438
2020-06-03,17.979999542236328
2020-06-04,19.59000015258789
2020-06-05,22.43000030517578
2020-06-08,26.860000610351562
2020-06-09,24.1299991607666
2020-06-10,20.649999618530273
2020-06-11,17.25
2020-06-12,20.5
2020-06-15,19.989999771118164
2020-06-16,20.959999084472656
2020-06-17,19.200000762939453
2020-06-18,19.309999465942383
2020-06-19,18.219999313354492
2020-06-22,17.09000015258789
2020-06-23,18.030000686645508
2020-06-24,15.800000190734863
2020-06-25,16.079999923706055
2020-06-26,15.279999732971191
2020-06-29,16.559999465942383
2020-06-30,16.43000030517578
2020-07-01,16.420000076293945
2020-07-02,15.970000267028809
2020-07-06,16.1299991607666
2020-07-07,15.270000457763672
2020-07-08,15.989999771118164
2020-07-09,15.199999809265137
2020-07-10,16.399999618530273
2020-07-13,15.600000381469727
2020-07-14,15.329999923706055
2020-07-15,18.5
2020-07-16,15.609999656677246
2020-07-17,15.270000457763672
2020-07-20,14.890000343322754
2020-07-21,14.979999542236328
2020-07-22,14.65999984741211
2020-07-23,14.40999984741211
2020-07-24,14.380000114440918
2020-07-27,13.380000114440918
2020-07-28,14.220000267028809
2020-07-29,14.34000015258789
2020-07-30,14.170000076293945
2020-07-31,13.640000343322754
2020-08-03,13.0600004196167
2020-08-04,13.5600004196167
2020-08-05,13.720000267028809
2020-08-06,14.239999771118164
2020-08-07,13.989999771118164
2020-08-10,15.130000114440918
2020-08-11,15.640000343322754
2020-08-12,15.229999542236328
2020-08-13,15.34000015258789
2020-08-14,15.75
2020-08-17,15.390000343322754
2020-08-18,15.199999809265137
2020-08-19,15.680000305175781
2020-08-20,15.579999923706055
2020-08-21,15.5600004196167
2020-08-24,16.739999771118164
2020-08-25,16.75
2020-08-26,15.720000267028809
2020-08-27,16.649999618530273
2020-08-28,17.690000534057617
2020-08-31,17.110000610351562
2020-09-01,16.940000534057617
2020-09-02,16.989999771118164
2020-09-03,17.6299991607666
2020-09-04,18.420000076293945
2020-09-08,18.530000686645508
2020-09-09,17.93000030517578
2020-09-10,17.93000030517578
2020-09-11,17.510000228881836
2020-09-14,17.790000915527344
2020-09-15,16.969999313354492
2020-09-16,17.5
2020-09-17,17.260000228881836
2020-09-18,16.25
2020-09-21,14.989999771118164
2020-09-22,15.329999923706055
2020-09-23,15.170000076293945
2020-09-24,14.630000114440918
2020-09-25,16.6299991607666
2020-09-28,16.68000030517578
2020-09-29,16.559999465942383
2020-09-30,17.110000610351562
2020-10-01,17.34000015258789
2020-10-02,17.270000457763672
2020-10-05,16.989999771118164
2020-10-06,17.229999542236328
2020-10-07,18.010000228881836
2020-10-08,18.200000762939453
2020-10-09,18.729999542236328
2020-10-12,18.079999923706055
2020-10-13,16.59000015258789
2020-10-14,16.479999542236328
2020-10-15,16.100000381469727
2020-10-16,16.200000762939453
2020-10-19,16.450000762939453
2020-10-20,17.079999923706055
2020-10-21,16.989999771118164
2020-10-22,17.709999084472656
2020-10-23,18.350000381469727
2020-10-26,16.799999237060547
2020-10-27,16.530000686645508
2020-10-28,15.029999732971191
2020-10-29,15.770000457763672
2020-10-30,16.6299991607666
2020-11-02,16.170000076293945
2020-11-03,16.549999237060547
2020-11-04,16.15999984741211
2020-11-05,17.25
2020-11-06,16.969999313354492
2020-11-09,21.510000228881836
2020-11-10,20.1200008392334
2020-11-11,19.520000457763672
2020-11-12,18.850000381469727
2020-11-13,20.059999465942383
2020-11-16,21.309999465942383
2020-11-17,22.059999465942383
2020-11-18,20.459999084472656
2020-11-19,21.020000457763672
2020-11-20,19.989999771118164
2020-11-23,20.889999389648438
2020-11-24,22.549999237060547
2020-11-25,23.200000762939453
2020-11-27,23.68000030517578
2020-11-30,22.8700008392334
2020-12-01,22.940000534057617
2020-12-02,23.399999618530273
2020-12-03,25.420000076293945
2020-12-04,26.299999237060547
2020-12-07,26.5
2020-12-08,28.149999618530273
2020-12-09,27.260000228881836
2020-12-10,27.440000534057617
2020-12-11,26.510000228881836
2020-12-14,25.40999984741211
2020-12-15,25.219999313354492
2020-12-16,25.459999084472656
2020-12-17,25.40999984741211
2020-12-18,25.18000030517578
2020-12-21,24.780000686645508
2020-12-22,23.079999923706055
2020-12-23,24.5
2020-12-24,24.579999923706055
2020-12-28,25.530000686645508
2020-12-29,25.389999389648438
2020-12-30,25.639999389648438
2020-12-31,25.43000030517578
2021-01-04,23.729999542236328
2021-01-05,24.239999771118164
2021-01-06,24.329999923706055
2021-01-07,24.65999984741211
2021-01-08,24.43000030517578
2021-01-11,24.139999389648438
2021-01-12,24.520000457763672
2021-01-13,24.610000610351562
2021-01-14,26.420000076293945
2021-01-15,25.3799991607666
2021-01-19,25.299999237060547
2021-01-20,25.190000534057617
2021-01-21,24.989999771118164
2021-01-22,24.59000015258789
2021-01-25,23.969999313354492
2021-01-26,23.65999984741211
2021-01-27,23.530000686645508
2021-01-28,24.15999984741211
2021-01-29,22.649999618530273
2021-02-01,22.399999618530273
2021-02-02,22.940000534057617
2021-02-03,23.610000610351562
2021-02-04,24.399999618530273
2021-02-05,24.719999313354492
2021-02-08,25.010000228881836
2021-02-09,24.079999923706055
2021-02-10,24.139999389648438
2021-02-11,23.770000457763672
2021-02-12,23.540000915527344
2021-02-16,25.190000534057617
2021-02-17,25.469999313354492
2021-02-18,25.200000762939453
2021-02-19,26.850000381469727
2021-02-22,28.559999465942383
2021-02-23,28.6200008392334
2021-02-24,31.270000457763672
2021-02-25,28.760000228881836
2021-02-26,29.559999465942383
2021-03-01,29.850000381469727
2021-03-02,31.18000030517578
2021-03-03,33.130001068115234
2021-03-04,32.900001525878906
2021-03-05,28.850000381469727
2021-03-08,29.309999465942383
2021-03-09,29.729999542236328
2021-03-10,29.540000915527344
2021-03-11,30.260000228881836
2021-03-12,30.729999542236328
2021-03-15,31.559999465942383
2021-03-16,30.100000381469727
2021-03-17,30.5
2021-03-18,28.950000762939453
2021-03-19,29.700000762939453
2021-03-22,28.649999618530273
2021-03-23,26.600000381469727
2021-03-24,25.309999465942383
2021-03-25,26.040000915527344
2021-03-26,26.81999969482422
2021-03-29,26.209999084472656
2021-03-30,27.200000762939453
2021-03-31,27.59000015258789
2021-04-01,27.719999313354492
2021-04-05,29.709999084472656
2021-04-06,31.079999923706055
2021-04-07,31.309999465942383
2021-04-08,30.6200008392334
2021-04-09,30.540000915527344
2021-04-12,29.260000228881836
2021-04-13,29.40999984741211
2021-04-14,29.209999084472656
2021-04-15,28.280000686645508
2021-04-16,28.31999969482422
2021-04-19,27.969999313354492
2021-04-20,26.75
2021-04-21,29.510000228881836
2021-04-22,29.0
2021-04-23,29.809999465942383
2021-04-26,30.219999313354492
2021-04-27,30.5
2021-04-28,30.229999542236328
2021-04-29,30.309999465942383
2021-04-30,31.049999237060547
2021-05-03,31.190000534057617
2021-05-04,30.25
2021-05-05,29.850000381469727
2021-05-06,27.809999465942383
2021-05-07,28.479999542236328
2021-05-10,27.950000762939453
2021-05-11,27.65999984741211
2021-05-12,26.110000610351562
2021-05-13,26.440000534057617
2021-05-14,28.579999923706055
2021-05-17,28.8799991607666
2021-05-18,29.229999542236328
2021-05-19,29.049999237060547
2021-05-20,29.06999969482422
2021-05-21,28.700000762939453
2021-05-24,30.049999237060547
2021-05-25,31.1200008392334
2021-05-26,31.690000534057617
2021-05-27,32.41999816894531
2021-05-28,31.899999618530273
2021-06-01,32.7599983215332
2021-06-02,33.06999969482422
2021-06-03,32.18000030517578
2021-06-04,32.119998931884766
2021-06-07,33.11000061035156
2021-06-08,33.709999084472656
2021-06-09,32.65999984741211
2021-06-10,32.4900016784668
2021-06-11,32.22999954223633
2021-06-14,31.0
2021-06-15,30.8700008392334
2021-06-16,31.68000030517578
2021-06-17,30.969999313354492
2021-06-18,30.299999237060547
2021-06-21,31.3799991607666
2021-06-22,30.84000015258789
2021-06-23,31.0
2021-06-24,30.610000610351562
2021-06-25,31.030000686645508
2021-06-28,29.139999389648438
2021-06-29,28.90999984741211
2021-06-30,29.40999984741211
2021-07-01,29.510000228881836
2021-07-02,29.0
2021-07-06,28.059999465942383
2021-07-07,27.049999237060547
2021-07-08,26.739999771118164
2021-07-09,27.489999771118164
2021-07-12,27.280000686645508
2021-07-13,26.09000015258789
2021-07-14,25.200000762939453
2021-07-15,24.450000762939453
2021-07-16,23.139999389648438
2021-07-19,21.8700008392334
2021-07-20,23.68000030517578
2021-07-21,26.079999923706055
2021-07-22,25.639999389648438
2021-07-23,24.8700008392334
2021-07-26,26.020000457763672
2021-07-27,25.450000762939453
2021-07-28,25.520000457763672
2021-07-29,25.309999465942383
2021-07-30,24.030000686645508
2021-08-02,23.579999923706055
2021-08-03,23.190000534057617
2021-08-04,22.600000381469727
2021-08-05,24.18000030517578
2021-08-06,24.889999389648438
2021-08-09,24.65999984741211
2021-08-10,25.81999969482422
2021-08-11,26.270000457763672
2021-08-12,25.81999969482422
2021-08-13,25.040000915527344
2021-08-16,24.6299991607666
2021-08-17,23.709999084472656
2021-08-18,23.899999618530273
2021-08-19,23.059999465942383
2021-08-20,23.6299991607666
2021-08-23,24.639999389648438
2021-08-24,25.780000686645508
2021-08-25,26.040000915527344
2021-08-26,25.329999923706055
2021-08-27,26.15999984741211
2021-08-30,25.3700008392334
2021-08-31,25.84000015258789
2021-09-01,25.15999984741211
2021-09-02,25.479999542236328
2021-09-03,24.6200008392334
2021-09-07,25.040000915527344
2021-09-08,24.420000076293945
2021-09-09,24.940000534057617
2021-09-10,24.59000015258789
2021-09-13,25.299999237060547
2021-09-14,24.770000457763672
2021-09-15,25.06999969482422
2021-09-16,25.059999465942383
2021-09-17,25.59000015258789
2021-09-20,25.110000610351562
2021-09-21,24.989999771118164
2021-09-22,26.010000228881836
2021-09-23,27.290000915527344
2021-09-24,28.100000381469727
2021-09-27,28.34000015258789
2021-09-28,27.93000030517578
2021-09-29,27.34000015258789
2021-09-30,26.709999084472656
2021-10-01,28.309999465942383
2021-10-04,27.469999313354492
2021-10-05,27.760000228881836
2021-10-06,27.59000015258789
2021-10-07,26.979999542236328
2021-10-08,26.350000381469727
2021-10-11,26.239999771118164
2021-10-12,27.040000915527344
2021-10-13,26.530000686645508
2021-10-14,26.600000381469727
2021-10-15,26.530000686645508
2021-10-18,26.1299991607666
2021-10-19,25.6200008392334
2021-10-20,25.600000381469727
2021-10-21,25.5
2021-10-22,25.479999542236328
2021-10-25,25.920000076293945
2021-10-26,25.90999984741211
2021-10-27,25.5
2021-10-28,25.809999465942383
2021-10-29,25.719999313354492
2021-11-01,27.06999969482422
2021-11-02,26.829999923706055
2021-11-03,27.31999969482422
2021-11-04,26.81999969482422
2021-11-05,28.920000076293945
2021-11-08,28.239999771118164
2021-11-09,27.799999237060547
2021-11-10,26.729999542236328
2021-11-11,26.299999237060547
2021-11-12,25.6299991607666
2021-11-15,25.510000228881836
2021-11-16,23.639999389648438
2021-11-17,24.0
2021-11-18,23.579999923706055
2021-11-19,23.09000015258789
2021-11-22,23.0
2021-11-23,22.559999465942383
2021-11-24,22.6299991607666
2021-11-26,20.059999465942383
2021-11-29,20.219999313354492
2021-11-30,19.510000228881836
2021-12-01,17.790000915527344
2021-12-02,19.15999984741211
2021-12-03,18.290000915527344
2021-12-06,20.030000686645508
2021-12-07,20.1200008392334
2021-12-08,21.770000457763672
2021-12-09,21.40999984741211
2021-12-10,21.540000915527344
2021-12-13,20.59000015258789
2021-12-14,20.34000015258789
2021-12-15,20.06999969482422
2021-12-16,19.34000015258789
2021-12-17,20.329999923706055
2021-12-20,20.739999771118164
2021-12-21,22.190000534057617
2021-12-22,22.6200008392334
2021-12-23,22.719999313354492
2021-12-27,22.139999389648438
2021-12-28,21.90999984741211
2021-12-29,21.579999923706055
2021-12-30,21.020000457763672
2021-12-31,20.739999771118164
2022-01-03,22.18000030517578
2022-01-04,22.469999313354492
2022-01-05,21.65999984741211
2022-01-06,21.34000015258789
2022-01-07,22.200000762939453
2022-01-10,21.709999084472656
2022-01-11,22.0
2022-01-12,22.219999313354492
2022-01-13,23.110000610351562
2022-01-14,22.959999084472656
2022-01-18,21.940000534057617
2022-01-19,21.3799991607666
2022-01-20,21.030000686645508
2022-01-21,20.059999465942383
2022-01-24,19.969999313354492
2022-01-25,20.649999618530273
2022-01-26,20.93000030517578
2022-01-27,19.850000381469727
2022-01-28,19.559999465942383
2022-01-31,20.829999923706055
2022-02-01,21.610000610351562
2022-02-02,21.309999465942383
2022-02-03,20.489999771118164
2022-02-04,20.25
2022-02-07,21.950000762939453
2022-02-08,22.75
2022-02-09,23.719999313354492
2022-02-10,22.6299991607666
2022-02-11,21.440000534057617
2022-02-14,21.09000015258789
2022-02-15,22.549999237060547
2022-02-16,22.75
2022-02-17,21.770000457763672
2022-02-18,21.200000762939453
2022-02-22,20.360000610351562
2022-02-23,19.290000915527344
2022-02-24,19.3700008392334
2022-02-25,19.649999618530273
2022-02-28,19.489999771118164
2022-03-01,18.479999542236328
2022-03-02,19.059999465942383
2022-03-03,18.559999465942383
2022-03-04,17.389999389648438
2022-03-07,15.380000114440918
2022-03-08,15.960000038146973
2022-03-09,17.309999465942383
2022-03-10,17.799999237060547
2022-03-11,17.489999771118164
2022-03-14,17.059999465942383
2022-03-15,18.25
2022-03-16,19.31999969482422
2022-03-17,19.690000534057617
2022-03-18,19.899999618530273
2022-03-21,19.6299991607666
2022-03-22,19.90999984741211
2022-03-23,19.399999618530273
2022-03-24,19.75
2022-03-25,19.860000610351562
2022-03-28,20.540000915527344
2022-03-29,21.18000030517578
2022-03-30,21.219999313354492
2022-03-31,21.8799991607666
2022-04-01,21.81999969482422
2022-04-04,21.969999313354492
2022-04-05,22.190000534057617
2022-04-06,20.68000030517578
2022-04-07,20.329999923706055
2022-04-08,19.940000534057617
2022-04-11,20.260000228881836
2022-04-12,20.200000762939453
2022-04-13,21.450000762939453
2022-04-14,21.639999389648438
2022-04-18,21.209999084472656
2022-04-19,22.18000030517578
2022-04-20,22.020000457763672
2022-04-21,21.84000015258789
2022-04-22,21.1299991607666
2022-04-25,21.239999771118164
2022-04-26,19.81999969482422
2022-04-27,19.90999984741211
2022-04-28,20.6200008392334
2022-04-29,20.030000686645508
2022-05-02,19.860000610351562
2022-05-03,20.030000686645508
2022-05-04,20.3700008392334
2022-05-05,18.959999084472656
2022-05-06,18.270000457763672
2022-05-09,15.949999809265137
2022-05-10,16.209999084472656
2022-05-11,15.420000076293945
2022-05-12,14.770000457763672
2022-05-13,16.219999313354492
2022-05-16,16.09000015258789
2022-05-17,16.969999313354492
2022-05-18,15.899999618530273
2022-05-19,15.949999809265137
2022-05-20,15.300000190734863
2022-05-23,15.100000381469727
2022-05-24,13.289999961853027
2022-05-25,13.729999542236328
2022-05-26,15.390000343322754
2022-05-27,16.200000762939453
2022-05-31,16.010000228881836
2022-06-01,15.289999961853027
2022-06-02,16.079999923706055
2022-06-03,15.630000114440918
2022-06-06,15.75
2022-06-07,15.890000343322754
2022-06-08,15.149999618530273
2022-06-09,13.760000228881836
2022-06-10,13.15999984741211
2022-06-13,11.550000190734863
2022-06-14,11.119999885559082
2022-06-15,11.729999542236328
2022-06-16,10.380000114440918
2022-06-17,11.430000305175781
2022-06-21,11.470000267028809
2022-06-22,11.470000267028809
2022-06-23,11.460000038146973
2022-06-24,13.220000267028809
2022-06-27,12.869999885559082
2022-06-28,12.760000228881836
2022-06-29,11.569999694824219
2022-06-30,11.119999885559082
2022-07-01,11.329999923706055
2022-07-05,12.460000038146973
2022-07-06,11.270000457763672
2022-07-07,11.8100004196167
2022-07-08,11.529999732971191
2022-07-11,10.960000038146973
2022-07-12,11.600000381469727
2022-07-13,11.520000457763672
2022-07-14,11.180000305175781
2022-07-15,11.800000190734863
