Date,ZTS
2013-02-01,31.010000228881836
2013-02-04,31.020000457763672
2013-02-05,31.040000915527344
2013-02-06,31.030000686645508
2013-02-07,32.0
2013-02-08,33.04999923706055
2013-02-11,33.2599983215332
2013-02-12,33.7400016784668
2013-02-13,33.54999923706055
2013-02-14,33.27000045776367
2013-02-15,33.97999954223633
2013-02-19,33.84000015258789
2013-02-20,32.720001220703125
2013-02-21,32.560001373291016
2013-02-22,32.59000015258789
2013-02-25,32.06999969482422
2013-02-26,32.040000915527344
2013-02-27,32.31999969482422
2013-02-28,33.45000076293945
2013-03-01,34.599998474121094
2013-03-04,34.349998474121094
2013-03-05,34.290000915527344
2013-03-06,33.849998474121094
2013-03-07,34.560001373291016
2013-03-08,34.09000015258789
2013-03-11,34.18000030517578
2013-03-12,33.81999969482422
2013-03-13,34.0
2013-03-14,34.63999938964844
2013-03-15,33.439998626708984
2013-03-18,32.84000015258789
2013-03-19,32.79999923706055
2013-03-20,33.5099983215332
2013-03-21,33.470001220703125
2013-03-22,33.119998931884766
2013-03-25,32.459999084472656
2013-03-26,32.5099983215332
2013-03-27,32.7400016784668
2013-03-28,33.400001525878906
2013-04-01,32.59000015258789
2013-04-02,32.54999923706055
2013-04-03,32.529998779296875
2013-04-04,31.84000015258789
2013-04-05,31.959999084472656
2013-04-08,32.91999816894531
2013-04-09,33.439998626708984
2013-04-10,33.150001525878906
2013-04-11,33.15999984741211
2013-04-12,33.22999954223633
2013-04-15,32.2400016784668
2013-04-16,33.209999084472656
2013-04-17,32.88999938964844
2013-04-18,32.470001220703125
2013-04-19,32.709999084472656
2013-04-22,32.65999984741211
2013-04-23,31.700000762939453
2013-04-24,30.6200008392334
2013-04-25,31.549999237060547
2013-04-26,32.63999938964844
2013-04-29,32.65999984741211
2013-04-30,33.02000045776367
2013-05-01,33.38999938964844
2013-05-02,33.279998779296875
2013-05-03,33.209999084472656
2013-05-06,32.939998626708984
2013-05-07,32.880001068115234
2013-05-08,33.2599983215332
2013-05-09,33.54999923706055
2013-05-10,33.18000030517578
2013-05-13,33.040000915527344
2013-05-14,33.08000183105469
2013-05-15,32.790000915527344
2013-05-16,33.38999938964844
2013-05-17,33.900001525878906
2013-05-20,33.709999084472656
2013-05-21,33.040000915527344
2013-05-22,33.54999923706055
2013-05-23,32.84000015258789
2013-05-24,33.459999084472656
2013-05-28,34.2599983215332
2013-05-29,32.95000076293945
2013-05-30,32.2400016784668
2013-05-31,32.0
2013-06-03,32.75
2013-06-04,32.400001525878906
2013-06-05,32.16999816894531
2013-06-06,32.08000183105469
2013-06-07,31.5
2013-06-10,32.0099983215332
2013-06-11,31.700000762939453
2013-06-12,31.530000686645508
2013-06-13,31.170000076293945
2013-06-14,30.799999237060547
2013-06-17,30.959999084472656
2013-06-18,31.18000030517578
2013-06-19,31.0
2013-06-20,30.190000534057617
2013-06-21,30.600000381469727
2013-06-24,30.3799991607666
2013-06-25,31.489999771118164
2013-06-26,30.969999313354492
2013-06-27,30.8700008392334
2013-06-28,30.889999389648438
2013-07-01,30.610000610351562
2013-07-02,29.700000762939453
2013-07-03,29.280000686645508
2013-07-05,30.170000076293945
2013-07-08,30.940000534057617
2013-07-09,30.979999542236328
2013-07-10,31.040000915527344
2013-07-11,30.920000076293945
2013-07-12,31.350000381469727
2013-07-15,31.579999923706055
2013-07-16,31.15999984741211
2013-07-17,30.989999771118164
2013-07-18,30.81999969482422
2013-07-19,30.239999771118164
2013-07-22,30.270000457763672
2013-07-23,30.059999465942383
2013-07-24,29.899999618530273
2013-07-25,30.520000457763672
2013-07-26,30.43000030517578
2013-07-29,30.09000015258789
2013-07-30,30.040000915527344
2013-07-31,29.809999465942383
2013-08-01,30.15999984741211
2013-08-02,30.940000534057617
2013-08-05,31.25
2013-08-06,31.1299991607666
2013-08-07,31.239999771118164
2013-08-08,31.239999771118164
2013-08-09,30.90999984741211
2013-08-12,30.329999923706055
2013-08-13,30.450000762939453
2013-08-14,30.139999389648438
2013-08-15,30.020000457763672
2013-08-16,30.0
2013-08-19,29.8700008392334
2013-08-20,30.229999542236328
2013-08-21,29.850000381469727
2013-08-22,29.8700008392334
2013-08-23,30.200000762939453
2013-08-26,29.799999237060547
2013-08-27,29.200000762939453
2013-08-28,29.56999969482422
2013-08-29,29.469999313354492
2013-08-30,29.149999618530273
2013-09-03,29.43000030517578
2013-09-04,29.690000534057617
2013-09-05,30.329999923706055
2013-09-06,30.610000610351562
2013-09-09,30.59000015258789
2013-09-10,30.950000762939453
2013-09-11,31.329999923706055
2013-09-12,31.079999923706055
2013-09-13,31.049999237060547
2013-09-16,31.850000381469727
2013-09-17,32.380001068115234
2013-09-18,32.720001220703125
2013-09-19,32.5099983215332
2013-09-20,32.189998626708984
2013-09-23,31.579999923706055
2013-09-24,31.479999542236328
2013-09-25,31.059999465942383
2013-09-26,31.579999923706055
2013-09-27,31.149999618530273
2013-09-30,31.1200008392334
2013-10-01,31.780000686645508
2013-10-02,32.0
2013-10-03,31.479999542236328
2013-10-04,32.04999923706055
2013-10-07,31.93000030517578
2013-10-08,31.530000686645508
2013-10-09,31.43000030517578
2013-10-10,32.36000061035156
2013-10-11,32.400001525878906
2013-10-14,32.290000915527344
2013-10-15,32.06999969482422
2013-10-16,32.88999938964844
2013-10-17,33.029998779296875
2013-10-18,33.220001220703125
2013-10-21,32.77000045776367
2013-10-22,32.5099983215332
2013-10-23,32.599998474121094
2013-10-24,32.7400016784668
2013-10-25,32.470001220703125
2013-10-28,31.979999542236328
2013-10-29,32.029998779296875
2013-10-30,32.060001373291016
2013-10-31,31.65999984741211
2013-11-01,31.84000015258789
2013-11-04,31.93000030517578
2013-11-05,31.690000534057617
2013-11-06,31.270000457763672
2013-11-07,31.040000915527344
2013-11-08,31.59000015258789
2013-11-11,31.770000457763672
2013-11-12,31.84000015258789
2013-11-13,31.719999313354492
2013-11-14,31.68000030517578
2013-11-15,31.809999465942383
2013-11-18,31.6200008392334
2013-11-19,31.420000076293945
2013-11-20,31.3700008392334
2013-11-21,31.579999923706055
2013-11-22,31.360000610351562
2013-11-25,31.290000915527344
2013-11-26,31.420000076293945
2013-11-27,31.280000686645508
2013-11-29,31.149999618530273
2013-12-02,31.149999618530273
2013-12-03,31.09000015258789
2013-12-04,31.209999084472656
2013-12-05,31.440000534057617
2013-12-06,31.540000915527344
2013-12-09,31.75
2013-12-10,31.360000610351562
2013-12-11,31.09000015258789
2013-12-12,31.170000076293945
2013-12-13,31.579999923706055
2013-12-16,32.0
2013-12-17,31.639999389648438
2013-12-18,32.16999816894531
2013-12-19,32.310001373291016
2013-12-20,32.380001068115234
2013-12-23,32.369998931884766
2013-12-24,32.369998931884766
2013-12-26,32.59000015258789
2013-12-27,32.66999816894531
2013-12-30,32.66999816894531
2013-12-31,32.689998626708984
2014-01-02,32.36000061035156
2014-01-03,32.04999923706055
2014-01-06,31.979999542236328
2014-01-07,32.099998474121094
2014-01-08,31.739999771118164
2014-01-09,31.959999084472656
2014-01-10,32.540000915527344
2014-01-13,31.780000686645508
2014-01-14,31.850000381469727
2014-01-15,31.809999465942383
2014-01-16,32.0
2014-01-17,31.729999542236328
2014-01-21,31.270000457763672
2014-01-22,31.459999084472656
2014-01-23,31.739999771118164
2014-01-24,31.459999084472656
2014-01-27,31.360000610351562
2014-01-28,31.440000534057617
2014-01-29,30.780000686645508
2014-01-30,30.670000076293945
2014-01-31,30.360000610351562
2014-02-03,30.3700008392334
2014-02-04,30.229999542236328
2014-02-05,30.1299991607666
2014-02-06,30.049999237060547
2014-02-07,30.700000762939453
2014-02-10,31.139999389648438
2014-02-11,29.1299991607666
2014-02-12,30.0
2014-02-13,29.670000076293945
2014-02-14,29.8799991607666
2014-02-18,30.270000457763672
2014-02-19,29.75
2014-02-20,29.969999313354492
2014-02-21,29.610000610351562
2014-02-24,29.700000762939453
2014-02-25,30.1299991607666
2014-02-26,30.399999618530273
2014-02-27,30.719999313354492
2014-02-28,31.020000457763672
2014-03-03,30.989999771118164
2014-03-04,30.889999389648438
2014-03-05,30.719999313354492
2014-03-06,30.780000686645508
2014-03-07,30.579999923706055
2014-03-10,30.350000381469727
2014-03-11,30.280000686645508
2014-03-12,29.700000762939453
2014-03-13,29.25
2014-03-14,29.420000076293945
2014-03-17,29.3799991607666
2014-03-18,29.280000686645508
2014-03-19,29.90999984741211
2014-03-20,30.09000015258789
2014-03-21,29.260000228881836
2014-03-24,29.139999389648438
2014-03-25,29.260000228881836
2014-03-26,29.209999084472656
2014-03-27,29.299999237060547
2014-03-28,29.010000228881836
2014-03-31,28.940000534057617
2014-04-01,29.350000381469727
2014-04-02,29.6200008392334
2014-04-03,29.6200008392334
2014-04-04,29.31999969482422
2014-04-07,29.0
2014-04-08,29.149999618530273
2014-04-09,29.059999465942383
2014-04-10,28.860000610351562
2014-04-11,28.399999618530273
2014-04-14,28.479999542236328
2014-04-15,28.549999237060547
2014-04-16,28.530000686645508
2014-04-17,28.600000381469727
2014-04-21,29.030000686645508
2014-04-22,29.889999389648438
2014-04-23,29.389999389648438
2014-04-24,29.889999389648438
2014-04-25,30.15999984741211
2014-04-28,30.399999618530273
2014-04-29,30.530000686645508
2014-04-30,30.260000228881836
2014-05-01,30.309999465942383
2014-05-02,30.639999389648438
2014-05-05,30.530000686645508
2014-05-06,30.889999389648438
2014-05-07,30.649999618530273
2014-05-08,30.479999542236328
2014-05-09,30.540000915527344
2014-05-12,30.809999465942383
2014-05-13,30.729999542236328
2014-05-14,30.639999389648438
2014-05-15,30.459999084472656
2014-05-16,30.600000381469727
2014-05-19,30.459999084472656
2014-05-20,30.280000686645508
2014-05-21,30.420000076293945
2014-05-22,30.329999923706055
2014-05-23,30.530000686645508
2014-05-27,30.700000762939453
2014-05-28,30.479999542236328
2014-05-29,30.719999313354492
2014-05-30,30.700000762939453
2014-06-02,30.920000076293945
2014-06-03,31.25
2014-06-04,31.3700008392334
2014-06-05,31.610000610351562
2014-06-06,31.739999771118164
2014-06-09,32.0099983215332
2014-06-10,32.5
2014-06-11,32.130001068115234
2014-06-12,31.989999771118164
2014-06-13,32.119998931884766
2014-06-16,32.130001068115234
2014-06-17,32.810001373291016
2014-06-18,32.88999938964844
2014-06-19,32.54999923706055
2014-06-20,32.459999084472656
2014-06-23,32.63999938964844
2014-06-24,32.369998931884766
2014-06-25,32.369998931884766
2014-06-26,32.2400016784668
2014-06-27,32.380001068115234
2014-06-30,32.27000045776367
2014-07-01,32.5099983215332
2014-07-02,32.7400016784668
2014-07-03,32.90999984741211
2014-07-07,32.560001373291016
2014-07-08,32.47999954223633
2014-07-09,32.459999084472656
2014-07-10,32.52000045776367
2014-07-11,32.369998931884766
2014-07-14,32.72999954223633
2014-07-15,32.38999938964844
2014-07-16,32.630001068115234
2014-07-17,32.209999084472656
2014-07-18,32.689998626708984
2014-07-21,32.849998474121094
2014-07-22,32.869998931884766
2014-07-23,32.84000015258789
2014-07-24,32.88999938964844
2014-07-25,32.81999969482422
2014-07-28,32.86000061035156
2014-07-29,33.029998779296875
2014-07-30,33.13999938964844
2014-07-31,32.90999984741211
2014-08-01,32.7400016784668
2014-08-04,33.2400016784668
2014-08-05,32.209999084472656
2014-08-06,32.29999923706055
2014-08-07,31.790000915527344
2014-08-08,32.31999969482422
2014-08-11,32.599998474121094
2014-08-12,32.45000076293945
2014-08-13,32.869998931884766
2014-08-14,33.06999969482422
2014-08-15,33.689998626708984
2014-08-18,33.93000030517578
2014-08-19,34.52000045776367
2014-08-20,34.790000915527344
2014-08-21,34.88999938964844
2014-08-22,34.88999938964844
2014-08-25,34.900001525878906
2014-08-26,35.130001068115234
2014-08-27,35.34000015258789
2014-08-28,35.33000183105469
2014-08-29,35.439998626708984
2014-09-02,35.47999954223633
2014-09-03,35.7599983215332
2014-09-04,35.5099983215332
2014-09-05,36.040000915527344
2014-09-08,36.279998779296875
2014-09-09,36.18000030517578
2014-09-10,36.2400016784668
2014-09-11,36.27000045776367
2014-09-12,36.18000030517578
2014-09-15,36.27000045776367
2014-09-16,36.4900016784668
2014-09-17,36.650001525878906
2014-09-18,36.70000076293945
2014-09-19,37.20000076293945
2014-09-22,36.619998931884766
2014-09-23,35.880001068115234
2014-09-24,36.58000183105469
2014-09-25,36.29999923706055
2014-09-26,36.630001068115234
2014-09-29,36.790000915527344
2014-09-30,36.95000076293945
2014-10-01,36.45000076293945
2014-10-02,36.90999984741211
2014-10-03,37.66999816894531
2014-10-06,37.65999984741211
2014-10-07,36.709999084472656
2014-10-08,37.54999923706055
2014-10-09,37.02000045776367
2014-10-10,36.68000030517578
2014-10-13,35.56999969482422
2014-10-14,35.869998931884766
2014-10-15,35.2599983215332
2014-10-16,35.06999969482422
2014-10-17,35.369998931884766
2014-10-20,35.40999984741211
2014-10-21,36.09000015258789
2014-10-22,35.88999938964844
2014-10-23,36.11000061035156
2014-10-24,36.58000183105469
2014-10-27,36.56999969482422
2014-10-28,37.0099983215332
2014-10-29,36.619998931884766
2014-10-30,37.31999969482422
2014-10-31,37.15999984741211
2014-11-03,37.720001220703125
2014-11-04,39.119998931884766
2014-11-05,39.27000045776367
2014-11-06,39.709999084472656
2014-11-07,40.22999954223633
2014-11-10,40.15999984741211
2014-11-11,43.720001220703125
2014-11-12,42.63999938964844
2014-11-13,43.2400016784668
2014-11-14,43.13999938964844
2014-11-17,44.22999954223633
2014-11-18,44.189998626708984
2014-11-19,43.400001525878906
2014-11-20,43.150001525878906
2014-11-21,43.869998931884766
2014-11-24,44.58000183105469
2014-11-25,43.90999984741211
2014-11-26,44.66999816894531
2014-11-28,44.93000030517578
2014-12-01,44.369998931884766
2014-12-02,44.7400016784668
2014-12-03,44.880001068115234
2014-12-04,44.0
2014-12-05,43.97999954223633
2014-12-08,44.099998474121094
2014-12-09,43.81999969482422
2014-12-10,42.77000045776367
2014-12-11,42.880001068115234
2014-12-12,41.77000045776367
2014-12-15,41.7400016784668
2014-12-16,40.849998474121094
2014-12-17,41.130001068115234
2014-12-18,43.150001525878906
2014-12-19,43.5099983215332
2014-12-22,43.40999984741211
2014-12-23,42.970001220703125
2014-12-24,43.84000015258789
2014-12-26,44.20000076293945
2014-12-29,44.0099983215332
2014-12-30,43.349998474121094
2014-12-31,43.029998779296875
2015-01-02,43.310001373291016
2015-01-05,43.04999923706055
2015-01-06,42.630001068115234
2015-01-07,43.5099983215332
2015-01-08,44.18000030517578
2015-01-09,44.25
2015-01-12,43.41999816894531
2015-01-13,42.810001373291016
2015-01-14,43.029998779296875
2015-01-15,42.939998626708984
2015-01-16,44.220001220703125
2015-01-20,43.560001373291016
2015-01-21,44.25
2015-01-22,44.5099983215332
2015-01-23,44.119998931884766
2015-01-26,44.09000015258789
2015-01-27,43.29999923706055
2015-01-28,43.11000061035156
2015-01-29,43.31999969482422
2015-01-30,42.72999954223633
2015-02-02,43.380001068115234
2015-02-03,43.5
2015-02-04,43.459999084472656
2015-02-05,43.400001525878906
2015-02-06,43.65999984741211
2015-02-09,42.869998931884766
2015-02-10,43.90999984741211
2015-02-11,45.77000045776367
2015-02-12,45.790000915527344
2015-02-13,45.459999084472656
2015-02-17,46.20000076293945
2015-02-18,45.849998474121094
2015-02-19,45.650001525878906
2015-02-20,45.599998474121094
2015-02-23,45.58000183105469
2015-02-24,45.400001525878906
2015-02-25,45.720001220703125
2015-02-26,46.619998931884766
2015-02-27,46.09000015258789
2015-03-02,47.310001373291016
2015-03-03,46.540000915527344
2015-03-04,46.22999954223633
2015-03-05,46.459999084472656
2015-03-06,45.779998779296875
2015-03-09,46.290000915527344
2015-03-10,45.70000076293945
2015-03-11,46.0099983215332
2015-03-12,46.84000015258789
2015-03-13,46.45000076293945
2015-03-16,46.97999954223633
2015-03-17,47.150001525878906
2015-03-18,47.5099983215332
2015-03-19,47.40999984741211
2015-03-20,47.34000015258789
2015-03-23,47.150001525878906
2015-03-24,47.02000045776367
2015-03-25,46.27000045776367
2015-03-26,46.11000061035156
2015-03-27,46.220001220703125
2015-03-30,46.91999816894531
2015-03-31,46.290000915527344
2015-04-01,46.27000045776367
2015-04-02,46.5
2015-04-06,46.33000183105469
2015-04-07,46.36000061035156
2015-04-08,46.209999084472656
2015-04-09,46.54999923706055
2015-04-10,47.16999816894531
2015-04-13,46.65999984741211
2015-04-14,46.900001525878906
2015-04-15,47.0
2015-04-16,47.13999938964844
2015-04-17,46.77000045776367
2015-04-20,47.040000915527344
2015-04-21,47.540000915527344
2015-04-22,47.029998779296875
2015-04-23,47.04999923706055
2015-04-24,47.90999984741211
2015-04-27,46.83000183105469
2015-04-28,45.72999954223633
2015-04-29,45.220001220703125
2015-04-30,44.41999816894531
2015-05-01,44.61000061035156
2015-05-04,45.400001525878906
2015-05-05,45.68000030517578
2015-05-06,45.290000915527344
2015-05-07,45.560001373291016
2015-05-08,45.900001525878906
2015-05-11,46.09000015258789
2015-05-12,45.58000183105469
2015-05-13,45.619998931884766
2015-05-14,46.279998779296875
2015-05-15,46.4900016784668
2015-05-18,46.72999954223633
2015-05-19,47.45000076293945
2015-05-20,47.279998779296875
2015-05-21,47.79999923706055
2015-05-22,47.630001068115234
2015-05-26,47.95000076293945
2015-05-27,49.45000076293945
2015-05-28,49.11000061035156
2015-05-29,49.77000045776367
2015-06-01,49.779998779296875
2015-06-02,49.58000183105469
2015-06-03,49.54999923706055
2015-06-04,48.900001525878906
2015-06-05,49.0099983215332
2015-06-08,48.79999923706055
2015-06-09,49.2400016784668
2015-06-10,49.689998626708984
2015-06-11,49.869998931884766
2015-06-12,49.08000183105469
2015-06-15,49.27000045776367
2015-06-16,49.709999084472656
2015-06-17,50.16999816894531
2015-06-18,50.5
2015-06-19,50.2400016784668
2015-06-22,50.220001220703125
2015-06-23,50.470001220703125
2015-06-24,49.709999084472656
2015-06-25,55.380001068115234
2015-06-26,48.619998931884766
2015-06-29,47.06999969482422
2015-06-30,48.220001220703125
2015-07-01,48.43000030517578
2015-07-02,48.310001373291016
2015-07-06,48.400001525878906
2015-07-07,47.880001068115234
2015-07-08,46.47999954223633
2015-07-09,46.56999969482422
2015-07-10,46.959999084472656
2015-07-13,47.040000915527344
2015-07-14,47.459999084472656
2015-07-15,47.11000061035156
2015-07-16,48.0
2015-07-17,47.79999923706055
2015-07-20,48.97999954223633
2015-07-21,49.119998931884766
2015-07-22,50.02000045776367
2015-07-23,49.849998474121094
2015-07-24,49.4900016784668
2015-07-27,49.47999954223633
2015-07-28,48.849998474121094
2015-07-29,48.400001525878906
2015-07-30,48.54999923706055
2015-07-31,48.97999954223633
2015-08-03,48.47999954223633
2015-08-04,48.849998474121094
2015-08-05,48.61000061035156
2015-08-06,48.279998779296875
2015-08-07,48.310001373291016
2015-08-10,48.38999938964844
2015-08-11,48.209999084472656
2015-08-12,47.86000061035156
2015-08-13,47.65999984741211
2015-08-14,47.470001220703125
2015-08-17,48.689998626708984
2015-08-18,47.72999954223633
2015-08-19,47.90999984741211
2015-08-20,46.380001068115234
2015-08-21,45.02000045776367
2015-08-24,43.529998779296875
2015-08-25,42.560001373291016
2015-08-26,44.25
2015-08-27,45.86000061035156
2015-08-28,45.779998779296875
2015-08-31,44.869998931884766
2015-09-01,43.97999954223633
2015-09-02,45.119998931884766
2015-09-03,44.529998779296875
2015-09-04,44.0099983215332
2015-09-08,44.88999938964844
2015-09-09,43.95000076293945
2015-09-10,44.34000015258789
2015-09-11,45.0
2015-09-14,44.470001220703125
2015-09-15,45.060001373291016
2015-09-16,44.5099983215332
2015-09-17,46.0099983215332
2015-09-18,45.119998931884766
2015-09-21,44.5
2015-09-22,44.22999954223633
2015-09-23,44.31999969482422
2015-09-24,43.59000015258789
2015-09-25,42.5099983215332
2015-09-28,39.959999084472656
2015-09-29,39.650001525878906
2015-09-30,41.18000030517578
2015-10-01,41.290000915527344
2015-10-02,43.02000045776367
2015-10-05,42.849998474121094
2015-10-06,41.38999938964844
2015-10-07,42.66999816894531
2015-10-08,43.220001220703125
2015-10-09,42.79999923706055
2015-10-12,42.709999084472656
2015-10-13,42.31999969482422
2015-10-14,42.380001068115234
2015-10-15,43.0
2015-10-16,43.93000030517578
2015-10-19,43.779998779296875
2015-10-20,43.09000015258789
2015-10-21,41.65999984741211
2015-10-22,40.79999923706055
2015-10-23,42.540000915527344
2015-10-26,42.349998474121094
2015-10-27,42.7400016784668
2015-10-28,43.34000015258789
2015-10-29,43.54999923706055
2015-10-30,43.0099983215332
2015-11-02,44.2400016784668
2015-11-03,46.630001068115234
2015-11-04,46.54999923706055
2015-11-05,45.459999084472656
2015-11-06,45.970001220703125
2015-11-09,45.79999923706055
2015-11-10,45.880001068115234
2015-11-11,45.08000183105469
2015-11-12,44.529998779296875
2015-11-13,44.849998474121094
2015-11-16,45.29999923706055
2015-11-17,45.77000045776367
2015-11-18,47.18000030517578
2015-11-19,46.900001525878906
2015-11-20,47.31999969482422
2015-11-23,46.959999084472656
2015-11-24,46.93000030517578
2015-11-25,46.970001220703125
2015-11-27,47.08000183105469
2015-11-30,46.70000076293945
2015-12-01,47.0099983215332
2015-12-02,46.369998931884766
2015-12-03,45.20000076293945
2015-12-04,46.459999084472656
2015-12-07,45.90999984741211
2015-12-08,45.939998626708984
2015-12-09,45.209999084472656
2015-12-10,46.099998474121094
2015-12-11,45.83000183105469
2015-12-14,46.59000015258789
2015-12-15,46.970001220703125
2015-12-16,47.09000015258789
2015-12-17,46.72999954223633
2015-12-18,46.599998474121094
2015-12-21,47.34000015258789
2015-12-22,47.720001220703125
2015-12-23,47.97999954223633
2015-12-24,48.130001068115234
2015-12-28,47.900001525878906
2015-12-29,48.33000183105469
2015-12-30,48.2599983215332
2015-12-31,47.91999816894531
2016-01-04,47.27000045776367
2016-01-05,48.0099983215332
2016-01-06,48.02000045776367
2016-01-07,46.560001373291016
2016-01-08,45.880001068115234
2016-01-11,44.58000183105469
2016-01-12,44.970001220703125
2016-01-13,43.25
2016-01-14,44.130001068115234
2016-01-15,43.380001068115234
2016-01-19,43.189998626708984
2016-01-20,43.790000915527344
2016-01-21,43.08000183105469
2016-01-22,43.400001525878906
2016-01-25,43.20000076293945
2016-01-26,43.869998931884766
2016-01-27,43.150001525878906
2016-01-28,42.84000015258789
2016-01-29,43.04999923706055
2016-02-01,42.959999084472656
2016-02-02,41.720001220703125
2016-02-03,41.310001373291016
2016-02-04,41.540000915527344
2016-02-05,40.90999984741211
2016-02-08,40.189998626708984
2016-02-09,39.86000061035156
2016-02-10,39.33000183105469
2016-02-11,39.36000061035156
2016-02-12,40.43000030517578
2016-02-16,40.43000030517578
2016-02-17,41.79999923706055
2016-02-18,42.02000045776367
2016-02-19,41.83000183105469
2016-02-22,42.77000045776367
2016-02-23,42.369998931884766
2016-02-24,42.369998931884766
2016-02-25,42.900001525878906
2016-02-26,42.36000061035156
2016-02-29,41.060001373291016
2016-03-01,42.099998474121094
2016-03-02,41.720001220703125
2016-03-03,41.08000183105469
2016-03-04,40.79999923706055
2016-03-07,41.20000076293945
2016-03-08,40.22999954223633
2016-03-09,40.459999084472656
2016-03-10,39.90999984741211
2016-03-11,41.869998931884766
2016-03-14,41.310001373291016
2016-03-15,40.720001220703125
2016-03-16,40.459999084472656
2016-03-17,39.720001220703125
2016-03-18,40.86000061035156
2016-03-21,41.619998931884766
2016-03-22,42.75
2016-03-23,42.63999938964844
2016-03-24,42.47999954223633
2016-03-28,42.18000030517578
2016-03-29,43.119998931884766
2016-03-30,44.02000045776367
2016-03-31,44.33000183105469
2016-04-01,44.9900016784668
2016-04-04,45.7599983215332
2016-04-05,45.849998474121094
2016-04-06,47.27000045776367
2016-04-07,47.189998626708984
2016-04-08,46.939998626708984
2016-04-11,46.66999816894531
2016-04-12,47.0099983215332
2016-04-13,47.5
2016-04-14,47.66999816894531
2016-04-15,48.11000061035156
2016-04-18,48.56999969482422
2016-04-19,48.560001373291016
2016-04-20,48.470001220703125
2016-04-21,48.439998626708984
2016-04-22,48.63999938964844
2016-04-25,47.31999969482422
2016-04-26,47.61000061035156
2016-04-27,47.459999084472656
2016-04-28,47.189998626708984
2016-04-29,47.029998779296875
2016-05-02,48.029998779296875
2016-05-03,48.150001525878906
2016-05-04,47.04999923706055
2016-05-05,48.2400016784668
2016-05-06,47.34000015258789
2016-05-09,47.5
2016-05-10,46.560001373291016
2016-05-11,46.0
2016-05-12,46.25
2016-05-13,46.38999938964844
2016-05-16,46.77000045776367
2016-05-17,46.5
2016-05-18,46.959999084472656
2016-05-19,46.43000030517578
2016-05-20,47.060001373291016
2016-05-23,46.400001525878906
2016-05-24,47.290000915527344
2016-05-25,47.0
2016-05-26,47.33000183105469
2016-05-27,47.18000030517578
2016-05-31,47.41999816894531
2016-06-01,47.849998474121094
2016-06-02,48.130001068115234
2016-06-03,47.93000030517578
2016-06-06,48.40999984741211
2016-06-07,48.349998474121094
2016-06-08,48.45000076293945
2016-06-09,48.13999938964844
2016-06-10,47.38999938964844
2016-06-13,46.189998626708984
2016-06-14,47.189998626708984
2016-06-15,47.220001220703125
2016-06-16,47.2599983215332
2016-06-17,46.439998626708984
2016-06-20,46.90999984741211
2016-06-21,47.290000915527344
2016-06-22,47.33000183105469
2016-06-23,47.900001525878906
2016-06-24,46.5099983215332
2016-06-27,45.41999816894531
2016-06-28,46.41999816894531
2016-06-29,47.2400016784668
2016-06-30,47.459999084472656
2016-07-01,47.45000076293945
2016-07-05,47.5
2016-07-06,48.09000015258789
2016-07-07,47.689998626708984
2016-07-08,48.5
2016-07-11,48.290000915527344
2016-07-12,48.869998931884766
2016-07-13,49.189998626708984
2016-07-14,49.97999954223633
2016-07-15,49.68000030517578
2016-07-18,49.720001220703125
2016-07-19,49.369998931884766
2016-07-20,50.25
2016-07-21,50.13999938964844
2016-07-22,50.2599983215332
2016-07-25,49.9900016784668
2016-07-26,49.91999816894531
2016-07-27,49.849998474121094
2016-07-28,50.060001373291016
2016-07-29,50.470001220703125
2016-08-01,50.400001525878906
2016-08-02,49.720001220703125
2016-08-03,51.209999084472656
2016-08-04,51.40999984741211
2016-08-05,51.09000015258789
2016-08-08,50.79999923706055
2016-08-09,50.93000030517578
2016-08-10,51.810001373291016
2016-08-11,52.06999969482422
2016-08-12,51.97999954223633
2016-08-15,52.380001068115234
2016-08-16,52.09000015258789
2016-08-17,52.29999923706055
2016-08-18,52.290000915527344
2016-08-19,52.540000915527344
2016-08-22,51.22999954223633
2016-08-23,51.25
2016-08-24,50.630001068115234
2016-08-25,50.470001220703125
2016-08-26,50.7599983215332
2016-08-29,50.7599983215332
2016-08-30,50.75
2016-08-31,51.099998474121094
2016-09-01,51.11000061035156
2016-09-02,51.2599983215332
2016-09-06,51.290000915527344
2016-09-07,52.040000915527344
2016-09-08,51.40999984741211
2016-09-09,50.38999938964844
2016-09-12,51.150001525878906
2016-09-13,50.31999969482422
2016-09-14,50.54999923706055
2016-09-15,50.720001220703125
2016-09-16,50.5099983215332
2016-09-19,50.31999969482422
2016-09-20,50.599998474121094
2016-09-21,51.060001373291016
2016-09-22,51.630001068115234
2016-09-23,51.5099983215332
2016-09-26,51.209999084472656
2016-09-27,51.869998931884766
2016-09-28,51.75
2016-09-29,51.02000045776367
2016-09-30,52.0099983215332
2016-10-03,52.36000061035156
2016-10-04,52.310001373291016
2016-10-05,52.18000030517578
2016-10-06,51.650001525878906
2016-10-07,51.849998474121094
2016-10-10,52.689998626708984
2016-10-11,50.959999084472656
2016-10-12,51.41999816894531
2016-10-13,51.02000045776367
2016-10-14,50.18000030517578
2016-10-17,50.029998779296875
2016-10-18,51.060001373291016
2016-10-19,51.11000061035156
2016-10-20,51.29999923706055
2016-10-21,50.939998626708984
2016-10-24,51.029998779296875
2016-10-25,49.9900016784668
2016-10-26,48.77000045776367
2016-10-27,48.77000045776367
2016-10-28,48.560001373291016
2016-10-31,47.79999923706055
2016-11-01,47.25
2016-11-02,50.11000061035156
2016-11-03,48.95000076293945
2016-11-04,49.939998626708984
2016-11-07,49.97999954223633
2016-11-08,50.33000183105469
2016-11-09,51.0
2016-11-10,51.09000015258789
2016-11-11,50.61000061035156
2016-11-14,48.959999084472656
2016-11-15,49.150001525878906
2016-11-16,48.84000015258789
2016-11-17,49.209999084472656
2016-11-18,49.88999938964844
2016-11-21,50.0
2016-11-22,49.630001068115234
2016-11-23,50.18000030517578
2016-11-25,50.18000030517578
2016-11-28,50.150001525878906
2016-11-29,50.45000076293945
2016-11-30,50.380001068115234
2016-12-01,49.15999984741211
2016-12-02,49.099998474121094
2016-12-05,49.81999969482422
2016-12-06,50.220001220703125
2016-12-07,51.2599983215332
2016-12-08,51.68000030517578
2016-12-09,51.88999938964844
2016-12-12,50.91999816894531
2016-12-13,51.04999923706055
2016-12-14,50.84000015258789
2016-12-15,52.31999969482422
2016-12-16,52.459999084472656
2016-12-19,52.38999938964844
2016-12-20,53.099998474121094
2016-12-21,53.119998931884766
2016-12-22,53.2599983215332
2016-12-23,53.779998779296875
2016-12-27,53.720001220703125
2016-12-28,53.439998626708984
2016-12-29,53.619998931884766
2016-12-30,53.529998779296875
2017-01-03,53.59000015258789
2017-01-04,54.11000061035156
2017-01-05,53.93000030517578
2017-01-06,54.099998474121094
2017-01-09,53.95000076293945
2017-01-10,53.93000030517578
2017-01-11,53.310001373291016
2017-01-12,53.38999938964844
2017-01-13,53.7400016784668
2017-01-17,53.220001220703125
2017-01-18,53.29999923706055
2017-01-19,53.5
2017-01-20,53.970001220703125
2017-01-23,53.75
2017-01-24,53.779998779296875
2017-01-25,54.0
2017-01-26,53.84000015258789
2017-01-27,54.650001525878906
2017-01-30,54.27000045776367
2017-01-31,54.939998626708984
2017-02-01,55.31999969482422
2017-02-02,55.70000076293945
2017-02-03,55.91999816894531
2017-02-06,55.77000045776367
2017-02-07,55.97999954223633
2017-02-08,55.959999084472656
2017-02-09,55.959999084472656
2017-02-10,55.72999954223633
2017-02-13,55.13999938964844
2017-02-14,55.02000045776367
2017-02-15,55.150001525878906
2017-02-16,52.779998779296875
2017-02-17,52.5099983215332
2017-02-21,53.470001220703125
2017-02-22,53.380001068115234
2017-02-23,53.58000183105469
2017-02-24,53.880001068115234
2017-02-27,53.83000183105469
2017-02-28,53.310001373291016
2017-03-01,53.88999938964844
2017-03-02,53.369998931884766
2017-03-03,53.41999816894531
2017-03-06,53.08000183105469
2017-03-07,53.06999969482422
2017-03-08,53.0
2017-03-09,53.689998626708984
2017-03-10,53.34000015258789
2017-03-13,53.560001373291016
2017-03-14,53.41999816894531
2017-03-15,54.279998779296875
2017-03-16,54.43000030517578
2017-03-17,54.0
2017-03-20,54.279998779296875
2017-03-21,53.38999938964844
2017-03-22,53.869998931884766
2017-03-23,53.79999923706055
2017-03-24,53.849998474121094
2017-03-27,53.970001220703125
2017-03-28,54.15999984741211
2017-03-29,53.81999969482422
2017-03-30,53.470001220703125
2017-03-31,53.369998931884766
2017-04-03,53.16999816894531
2017-04-04,52.650001525878906
2017-04-05,52.66999816894531
2017-04-06,52.66999816894531
2017-04-07,52.540000915527344
2017-04-10,52.7400016784668
2017-04-11,52.849998474121094
2017-04-12,53.220001220703125
2017-04-13,53.099998474121094
2017-04-17,53.5
2017-04-18,53.54999923706055
2017-04-19,53.849998474121094
2017-04-20,54.290000915527344
2017-04-21,54.189998626708984
2017-04-24,54.9900016784668
2017-04-25,55.119998931884766
2017-04-26,55.56999969482422
2017-04-27,56.459999084472656
2017-04-28,56.11000061035156
2017-05-01,56.279998779296875
2017-05-02,56.470001220703125
2017-05-03,55.59000015258789
2017-05-04,58.869998931884766
2017-05-05,59.470001220703125
2017-05-08,58.810001373291016
2017-05-09,59.43000030517578
2017-05-10,59.900001525878906
2017-05-11,59.720001220703125
2017-05-12,59.880001068115234
2017-05-15,60.0
2017-05-16,60.33000183105469
2017-05-17,59.72999954223633
2017-05-18,59.90999984741211
2017-05-19,60.310001373291016
2017-05-22,60.310001373291016
2017-05-23,61.43000030517578
2017-05-24,62.29999923706055
2017-05-25,62.58000183105469
2017-05-26,62.61000061035156
2017-05-30,62.2599983215332
2017-05-31,62.279998779296875
2017-06-01,62.63999938964844
2017-06-02,62.5
2017-06-05,62.66999816894531
2017-06-06,62.97999954223633
2017-06-07,63.2599983215332
2017-06-08,62.58000183105469
2017-06-09,62.59000015258789
2017-06-12,61.849998474121094
2017-06-13,61.959999084472656
2017-06-14,62.22999954223633
2017-06-15,62.38999938964844
2017-06-16,62.54999923706055
2017-06-19,63.029998779296875
2017-06-20,63.0
2017-06-21,63.0
2017-06-22,63.5099983215332
2017-06-23,62.779998779296875
2017-06-26,62.720001220703125
2017-06-27,62.7599983215332
2017-06-28,62.95000076293945
2017-06-29,62.5
2017-06-30,62.380001068115234
2017-07-03,62.66999816894531
2017-07-05,62.54999923706055
2017-07-06,61.790000915527344
2017-07-07,62.59000015258789
2017-07-10,62.470001220703125
2017-07-11,62.209999084472656
2017-07-12,62.560001373291016
2017-07-13,63.04999923706055
2017-07-14,63.349998474121094
2017-07-17,63.06999969482422
2017-07-18,62.459999084472656
2017-07-19,62.41999816894531
2017-07-20,62.75
2017-07-21,63.15999984741211
2017-07-24,63.290000915527344
2017-07-25,61.279998779296875
2017-07-26,62.060001373291016
2017-07-27,62.0099983215332
2017-07-28,62.209999084472656
2017-07-31,62.52000045776367
2017-08-01,62.27000045776367
2017-08-02,61.540000915527344
2017-08-03,62.279998779296875
2017-08-04,62.119998931884766
2017-08-07,61.83000183105469
2017-08-08,60.0
2017-08-09,60.810001373291016
2017-08-10,59.7400016784668
2017-08-11,59.72999954223633
2017-08-14,60.7400016784668
2017-08-15,61.029998779296875
2017-08-16,61.5
2017-08-17,60.900001525878906
2017-08-18,60.75
2017-08-21,61.349998474121094
2017-08-22,61.599998474121094
2017-08-23,61.36000061035156
2017-08-24,61.38999938964844
2017-08-25,61.33000183105469
2017-08-28,61.540000915527344
2017-08-29,61.5
2017-08-30,61.939998626708984
2017-08-31,62.70000076293945
2017-09-01,62.869998931884766
2017-09-05,63.16999816894531
2017-09-06,63.38999938964844
2017-09-07,64.8499984741211
2017-09-08,64.69999694824219
2017-09-11,65.27999877929688
2017-09-12,65.4000015258789
2017-09-13,65.27999877929688
2017-09-14,65.25
2017-09-15,65.19999694824219
2017-09-18,65.19999694824219
2017-09-19,64.77999877929688
2017-09-20,64.4800033569336
2017-09-21,64.23999786376953
2017-09-22,64.16000366210938
2017-09-25,63.66999816894531
2017-09-26,63.33000183105469
2017-09-27,63.209999084472656
2017-09-28,63.31999969482422
2017-09-29,63.7599983215332
2017-10-02,63.75
2017-10-03,63.59000015258789
2017-10-04,63.56999969482422
2017-10-05,63.75
2017-10-06,63.75
2017-10-09,63.72999954223633
2017-10-10,63.9900016784668
2017-10-11,64.27999877929688
2017-10-12,64.91000366210938
2017-10-13,65.44000244140625
2017-10-16,65.70999908447266
2017-10-17,65.80999755859375
2017-10-18,65.55999755859375
2017-10-19,65.58000183105469
2017-10-20,65.94000244140625
2017-10-23,65.27999877929688
2017-10-24,64.9800033569336
2017-10-25,64.37999725341797
2017-10-26,63.7400016784668
2017-10-27,64.05000305175781
2017-10-30,63.2400016784668
2017-10-31,63.81999969482422
2017-11-01,64.51000213623047
2017-11-02,67.30999755859375
2017-11-03,68.69000244140625
2017-11-06,69.70999908447266
2017-11-07,68.44999694824219
2017-11-08,69.51000213623047
2017-11-09,69.30000305175781
2017-11-10,69.12999725341797
2017-11-13,68.87999725341797
2017-11-14,69.9000015258789
2017-11-15,69.62000274658203
2017-11-16,70.41000366210938
2017-11-17,70.79000091552734
2017-11-20,70.94999694824219
2017-11-21,71.36000061035156
2017-11-22,71.06999969482422
2017-11-24,71.29000091552734
2017-11-27,71.54000091552734
2017-11-28,71.38999938964844
2017-11-29,71.61000061035156
2017-11-30,72.29000091552734
2017-12-01,72.30000305175781
2017-12-04,71.0199966430664
2017-12-05,70.8499984741211
2017-12-06,70.97000122070312
2017-12-07,71.63999938964844
2017-12-08,71.87999725341797
2017-12-11,71.7699966430664
2017-12-12,72.2300033569336
2017-12-13,72.37999725341797
2017-12-14,71.76000213623047
2017-12-15,71.95999908447266
2017-12-18,72.62999725341797
2017-12-19,72.80000305175781
2017-12-20,72.70999908447266
2017-12-21,72.27999877929688
2017-12-22,71.98999786376953
2017-12-26,72.33999633789062
2017-12-27,72.44999694824219
2017-12-28,72.38999938964844
2017-12-29,72.04000091552734
2018-01-02,71.7699966430664
2018-01-03,72.0999984741211
2018-01-04,72.52999877929688
2018-01-05,73.36000061035156
2018-01-08,74.23999786376953
2018-01-09,75.11000061035156
2018-01-10,73.91000366210938
2018-01-11,74.58999633789062
2018-01-12,75.38999938964844
2018-01-16,75.54000091552734
2018-01-17,76.7699966430664
2018-01-18,76.33000183105469
2018-01-19,76.62000274658203
2018-01-22,77.4800033569336
2018-01-23,77.58999633789062
2018-01-24,78.33000183105469
2018-01-25,79.25
2018-01-26,80.08999633789062
2018-01-29,79.18000030517578
2018-01-30,78.3499984741211
2018-01-31,76.7300033569336
2018-02-01,77.81999969482422
2018-02-02,76.77999877929688
2018-02-05,73.83000183105469
2018-02-06,73.2699966430664
2018-02-07,73.86000061035156
2018-02-08,71.51000213623047
2018-02-09,72.3499984741211
2018-02-12,73.19000244140625
2018-02-13,73.23999786376953
2018-02-14,74.45999908447266
2018-02-15,78.5
2018-02-16,79.7300033569336
2018-02-20,80.3499984741211
2018-02-21,80.5
2018-02-22,80.76000213623047
2018-02-23,82.79000091552734
2018-02-26,83.30000305175781
2018-02-27,81.66999816894531
2018-02-28,80.86000061035156
2018-03-01,80.44000244140625
2018-03-02,81.27999877929688
2018-03-05,81.88999938964844
2018-03-06,81.51000213623047
2018-03-07,81.76000213623047
2018-03-08,82.54000091552734
2018-03-09,84.5199966430664
2018-03-12,84.41000366210938
2018-03-13,84.58999633789062
2018-03-14,84.3499984741211
2018-03-15,84.69000244140625
2018-03-16,84.5999984741211
2018-03-19,83.1500015258789
2018-03-20,84.66000366210938
2018-03-21,84.0999984741211
2018-03-22,82.05999755859375
2018-03-23,80.5999984741211
2018-03-26,83.7300033569336
2018-03-27,81.86000061035156
2018-03-28,81.0
2018-03-29,83.51000213623047
2018-04-02,81.20999908447266
2018-04-03,82.87000274658203
2018-04-04,82.8499984741211
2018-04-05,83.5199966430664
2018-04-06,80.97000122070312
2018-04-09,81.87000274658203
2018-04-10,83.08999633789062
2018-04-11,83.06999969482422
2018-04-12,83.95999908447266
2018-04-13,83.56999969482422
2018-04-16,84.4000015258789
2018-04-17,85.66999816894531
2018-04-18,85.97000122070312
2018-04-19,85.41000366210938
2018-04-20,85.44999694824219
2018-04-23,85.30000305175781
2018-04-24,84.3499984741211
2018-04-25,84.56999969482422
2018-04-26,84.7300033569336
2018-04-27,84.83999633789062
2018-04-30,83.4800033569336
2018-05-01,83.4000015258789
2018-05-02,79.9000015258789
2018-05-03,80.37999725341797
2018-05-04,81.55999755859375
2018-05-07,82.1500015258789
2018-05-08,82.0
2018-05-09,82.33000183105469
2018-05-10,83.45999908447266
2018-05-11,84.44999694824219
2018-05-14,84.05999755859375
2018-05-15,83.0199966430664
2018-05-16,82.8499984741211
2018-05-17,82.94999694824219
2018-05-18,84.4000015258789
2018-05-21,85.37999725341797
2018-05-22,84.37999725341797
2018-05-23,84.87999725341797
2018-05-24,84.75
2018-05-25,83.66999816894531
2018-05-29,83.1500015258789
2018-05-30,84.44999694824219
2018-05-31,83.69999694824219
2018-06-01,85.41999816894531
2018-06-04,85.38999938964844
2018-06-05,84.76000213623047
2018-06-06,85.47000122070312
2018-06-07,85.66000366210938
2018-06-08,86.77999877929688
2018-06-11,87.05999755859375
2018-06-12,87.1500015258789
2018-06-13,87.36000061035156
2018-06-14,88.1500015258789
2018-06-15,89.19999694824219
2018-06-18,88.93000030517578
2018-06-19,87.25
2018-06-20,87.0
2018-06-21,87.0199966430664
2018-06-22,85.81999969482422
2018-06-25,84.69999694824219
2018-06-26,84.01000213623047
2018-06-27,83.36000061035156
2018-06-28,84.83000183105469
2018-06-29,85.19000244140625
2018-07-02,85.6500015258789
2018-07-03,86.06999969482422
2018-07-05,86.1500015258789
2018-07-06,86.86000061035156
2018-07-09,87.48999786376953
2018-07-10,86.22000122070312
2018-07-11,84.5
2018-07-12,85.47000122070312
2018-07-13,86.13999938964844
2018-07-16,84.58000183105469
2018-07-17,85.7699966430664
2018-07-18,85.94999694824219
2018-07-19,85.41999816894531
2018-07-20,85.29000091552734
2018-07-23,83.95999908447266
2018-07-24,83.5
2018-07-25,85.63999938964844
2018-07-26,85.54000091552734
2018-07-27,85.19999694824219
2018-07-30,84.48999786376953
2018-07-31,86.4800033569336
2018-08-01,86.0199966430664
2018-08-02,91.43000030517578
2018-08-03,91.62999725341797
2018-08-06,92.58000183105469
2018-08-07,92.48999786376953
2018-08-08,93.2300033569336
2018-08-09,92.4000015258789
2018-08-10,91.69999694824219
2018-08-13,91.26000213623047
2018-08-14,91.37000274658203
2018-08-15,90.8499984741211
2018-08-16,91.54000091552734
2018-08-17,91.47000122070312
2018-08-20,92.16000366210938
2018-08-21,92.08999633789062
2018-08-22,89.66999816894531
2018-08-23,89.66999816894531
2018-08-24,89.5999984741211
2018-08-27,89.37999725341797
2018-08-28,89.55000305175781
2018-08-29,89.83000183105469
2018-08-30,89.80999755859375
2018-08-31,90.5999984741211
2018-09-04,89.97000122070312
2018-09-05,89.05999755859375
2018-09-06,89.73999786376953
2018-09-07,89.43000030517578
2018-09-10,88.87000274658203
2018-09-11,88.23999786376953
2018-09-12,88.79000091552734
2018-09-13,89.69999694824219
2018-09-14,89.01000213623047
2018-09-17,88.30000305175781
2018-09-18,89.18000030517578
2018-09-19,89.08000183105469
2018-09-20,90.05999755859375
2018-09-21,89.83000183105469
2018-09-24,89.6500015258789
2018-09-25,90.26000213623047
2018-09-26,90.36000061035156
2018-09-27,91.19999694824219
2018-09-28,91.55999755859375
2018-10-01,91.66000366210938
2018-10-02,91.83000183105469
2018-10-03,93.52999877929688
2018-10-04,91.06999969482422
2018-10-05,91.94999694824219
2018-10-08,91.47000122070312
2018-10-09,92.55000305175781
2018-10-10,89.62999725341797
2018-10-11,87.0
2018-10-12,88.9000015258789
2018-10-15,90.08000183105469
2018-10-16,91.80999755859375
2018-10-17,92.79000091552734
2018-10-18,91.83000183105469
2018-10-19,91.47000122070312
2018-10-22,92.80000305175781
2018-10-23,91.47000122070312
2018-10-24,88.7699966430664
2018-10-25,90.47000122070312
2018-10-26,88.8499984741211
2018-10-29,89.6500015258789
2018-10-30,90.18000030517578
2018-10-31,90.1500015258789
2018-11-01,94.25
2018-11-02,92.7699966430664
2018-11-05,92.72000122070312
2018-11-06,92.76000213623047
2018-11-07,95.19000244140625
2018-11-08,94.9000015258789
2018-11-09,95.2699966430664
2018-11-12,94.43000030517578
2018-11-13,94.16999816894531
2018-11-14,92.4800033569336
2018-11-15,91.62000274658203
2018-11-16,92.2699966430664
2018-11-19,90.0999984741211
2018-11-20,88.41000366210938
2018-11-21,88.68000030517578
2018-11-23,89.23999786376953
2018-11-26,89.5199966430664
2018-11-27,90.19999694824219
2018-11-28,92.80000305175781
2018-11-29,92.7699966430664
2018-11-30,93.87000274658203
2018-12-03,93.56999969482422
2018-12-04,90.56999969482422
2018-12-06,90.41000366210938
2018-12-07,88.08999633789062
2018-12-10,88.91999816894531
2018-12-11,89.80000305175781
2018-12-12,90.7300033569336
2018-12-13,90.94000244140625
2018-12-14,88.44999694824219
2018-12-17,84.94000244140625
2018-12-18,84.98999786376953
2018-12-19,83.44000244140625
2018-12-20,82.41999816894531
2018-12-21,81.68000030517578
2018-12-24,79.27999877929688
2018-12-26,82.91999816894531
2018-12-27,84.33000183105469
2018-12-28,84.48999786376953
2018-12-31,85.54000091552734
2019-01-02,84.4800033569336
2019-01-03,81.55999755859375
2019-01-04,84.76000213623047
2019-01-07,85.2699966430664
2019-01-08,86.54000091552734
2019-01-09,86.2300033569336
2019-01-10,85.9000015258789
2019-01-11,86.05999755859375
2019-01-14,84.5
2019-01-15,84.80999755859375
2019-01-16,83.20999908447266
2019-01-17,84.25
2019-01-18,84.58999633789062
2019-01-22,84.08999633789062
2019-01-23,83.69000244140625
2019-01-24,83.66000366210938
2019-01-25,84.69000244140625
2019-01-28,83.6500015258789
2019-01-29,84.41000366210938
2019-01-30,85.08999633789062
2019-01-31,86.16000366210938
2019-02-01,87.13999938964844
2019-02-04,86.97000122070312
2019-02-05,87.37000274658203
2019-02-06,87.58000183105469
2019-02-07,86.20999908447266
2019-02-08,86.83000183105469
2019-02-11,86.2699966430664
2019-02-12,87.51000213623047
2019-02-13,88.25
2019-02-14,93.26000213623047
2019-02-15,95.37000274658203
2019-02-19,94.91000366210938
2019-02-20,94.38999938964844
2019-02-21,93.47000122070312
2019-02-22,94.61000061035156
2019-02-25,94.38999938964844
2019-02-26,93.48999786376953
2019-02-27,93.80000305175781
2019-02-28,94.2300033569336
2019-03-01,95.75
2019-03-04,95.87000274658203
2019-03-05,95.77999877929688
2019-03-06,94.16999816894531
2019-03-07,92.55000305175781
2019-03-08,92.41000366210938
2019-03-11,94.7300033569336
2019-03-12,95.75
2019-03-13,96.93000030517578
2019-03-14,96.19999694824219
2019-03-15,96.91000366210938
2019-03-18,97.7699966430664
2019-03-19,98.72000122070312
2019-03-20,98.5
2019-03-21,99.63999938964844
2019-03-22,97.93000030517578
2019-03-25,97.93000030517578
2019-03-26,98.81999969482422
2019-03-27,98.5199966430664
2019-03-28,99.38999938964844
2019-03-29,100.66999816894531
2019-04-01,101.54000091552734
2019-04-02,102.04000091552734
2019-04-03,102.12000274658203
2019-04-04,101.9800033569336
2019-04-05,102.12000274658203
2019-04-08,102.2300033569336
2019-04-09,101.45999908447266
2019-04-10,101.33000183105469
2019-04-11,101.05999755859375
2019-04-12,101.66999816894531
2019-04-15,101.26000213623047
2019-04-16,99.16999816894531
2019-04-17,97.9800033569336
2019-04-18,99.02999877929688
2019-04-22,100.12000274658203
2019-04-23,101.97000122070312
2019-04-24,101.0999984741211
2019-04-25,101.83000183105469
2019-04-26,103.3499984741211
2019-04-29,101.26000213623047
2019-04-30,101.83999633789062
2019-05-01,101.79000091552734
2019-05-02,103.1500015258789
2019-05-03,103.75
2019-05-06,103.33000183105469
2019-05-07,101.37000274658203
2019-05-08,101.86000061035156
2019-05-09,101.66999816894531
2019-05-10,102.29000091552734
2019-05-13,101.3499984741211
2019-05-14,101.25
2019-05-15,101.83999633789062
2019-05-16,102.93000030517578
2019-05-17,101.97000122070312
2019-05-20,102.22000122070312
2019-05-21,102.37999725341797
2019-05-22,102.94000244140625
2019-05-23,102.88999938964844
2019-05-24,102.4000015258789
2019-05-28,102.0199966430664
2019-05-29,101.1500015258789
2019-05-30,102.33000183105469
2019-05-31,101.05000305175781
2019-06-03,103.94999694824219
2019-06-04,108.12000274658203
2019-06-05,108.5
2019-06-06,108.88999938964844
2019-06-07,110.05999755859375
2019-06-10,110.22000122070312
2019-06-11,110.16000366210938
2019-06-12,111.44000244140625
2019-06-13,110.02999877929688
2019-06-14,110.79000091552734
2019-06-17,110.80999755859375
2019-06-18,113.37999725341797
2019-06-19,114.27999877929688
2019-06-20,112.97000122070312
2019-06-21,112.87999725341797
2019-06-24,113.47000122070312
2019-06-25,113.86000061035156
2019-06-26,113.05000305175781
2019-06-27,112.76000213623047
2019-06-28,113.48999786376953
2019-07-01,113.56999969482422
2019-07-02,114.58999633789062
2019-07-03,115.33999633789062
2019-07-05,114.18000030517578
2019-07-08,114.0999984741211
2019-07-09,113.26000213623047
2019-07-10,114.56999969482422
2019-07-11,114.3499984741211
2019-07-12,113.30999755859375
2019-07-15,113.56999969482422
2019-07-16,113.4800033569336
2019-07-17,113.68000030517578
2019-07-18,114.94000244140625
2019-07-19,114.08999633789062
2019-07-22,115.94000244140625
2019-07-23,115.94000244140625
2019-07-24,115.44000244140625
2019-07-25,114.6500015258789
2019-07-26,115.11000061035156
2019-07-29,115.55000305175781
2019-07-30,115.79000091552734
2019-07-31,114.88999938964844
2019-08-01,115.69999694824219
2019-08-02,116.36000061035156
2019-08-05,112.56999969482422
2019-08-06,121.16999816894531
2019-08-07,120.88999938964844
2019-08-08,124.11000061035156
2019-08-09,125.06999969482422
2019-08-12,123.95999908447266
2019-08-13,124.69999694824219
2019-08-14,121.79000091552734
2019-08-15,123.68000030517578
2019-08-16,125.37000274658203
2019-08-19,126.75
2019-08-20,126.05000305175781
2019-08-21,127.63999938964844
2019-08-22,126.63999938964844
2019-08-23,123.06999969482422
2019-08-26,126.19999694824219
2019-08-27,125.23999786376953
2019-08-28,125.7699966430664
2019-08-29,126.68000030517578
2019-08-30,126.41999816894531
2019-09-03,127.04000091552734
2019-09-04,127.58999633789062
2019-09-05,128.07000732421875
2019-09-06,128.42999267578125
2019-09-09,126.66000366210938
2019-09-10,123.02999877929688
2019-09-11,120.69999694824219
2019-09-12,121.69000244140625
2019-09-13,121.0199966430664
2019-09-16,119.63999938964844
2019-09-17,122.41999816894531
2019-09-18,123.23999786376953
2019-09-19,124.2699966430664
2019-09-20,125.62000274658203
2019-09-23,125.08000183105469
2019-09-24,125.05000305175781
2019-09-25,124.77999877929688
2019-09-26,126.05999755859375
2019-09-27,123.9000015258789
2019-09-30,124.58999633789062
2019-10-01,125.12000274658203
2019-10-02,122.29000091552734
2019-10-03,124.27999877929688
2019-10-04,127.05000305175781
2019-10-07,126.06999969482422
2019-10-08,125.37999725341797
2019-10-09,126.43000030517578
2019-10-10,127.41000366210938
2019-10-11,128.47000122070312
2019-10-14,126.58999633789062
2019-10-15,128.7100067138672
2019-10-16,127.93000030517578
2019-10-17,128.47000122070312
2019-10-18,128.1199951171875
2019-10-21,126.44999694824219
2019-10-22,122.80999755859375
2019-10-23,121.80000305175781
2019-10-24,122.94999694824219
2019-10-25,124.36000061035156
2019-10-28,125.12999725341797
2019-10-29,126.16000366210938
2019-10-30,127.5999984741211
2019-10-31,127.91999816894531
2019-11-01,125.33999633789062
2019-11-04,124.76000213623047
2019-11-05,120.25
2019-11-06,121.47000122070312
2019-11-07,121.02999877929688
2019-11-08,117.86000061035156
2019-11-11,117.02999877929688
2019-11-12,117.19999694824219
2019-11-13,116.44999694824219
2019-11-14,116.25
2019-11-15,117.91999816894531
2019-11-18,118.80000305175781
2019-11-19,120.33000183105469
2019-11-20,119.55999755859375
2019-11-21,120.22000122070312
2019-11-22,119.80999755859375
2019-11-25,120.61000061035156
2019-11-26,121.88999938964844
2019-11-27,121.62999725341797
2019-11-29,120.5199966430664
2019-12-02,119.91000366210938
2019-12-03,120.52999877929688
2019-12-04,119.73999786376953
2019-12-05,120.11000061035156
2019-12-06,121.72000122070312
2019-12-09,121.2300033569336
2019-12-10,122.77999877929688
2019-12-11,123.55999755859375
2019-12-12,124.33000183105469
2019-12-13,124.44999694824219
2019-12-16,126.45999908447266
2019-12-17,127.0999984741211
2019-12-18,126.98999786376953
2019-12-19,128.74000549316406
2019-12-20,132.67999267578125
2019-12-23,132.3699951171875
2019-12-24,132.9199981689453
2019-12-26,133.02999877929688
2019-12-27,133.25
2019-12-30,132.2100067138672
2019-12-31,132.35000610351562
2020-01-02,134.13999938964844
2020-01-03,134.16000366210938
2020-01-06,133.1300048828125
2020-01-07,133.5800018310547
2020-01-08,133.2899932861328
2020-01-09,135.05999755859375
2020-01-10,135.57000732421875
2020-01-13,136.50999450683594
2020-01-14,137.27000427246094
2020-01-15,138.5399932861328
2020-01-16,139.24000549316406
2020-01-17,140.16000366210938
2020-01-21,141.92999267578125
2020-01-22,141.5
2020-01-23,138.33999633789062
2020-01-24,136.30999755859375
2020-01-27,135.9600067138672
2020-01-28,138.25999450683594
2020-01-29,138.50999450683594
2020-01-30,138.02999877929688
2020-01-31,134.2100067138672
2020-02-03,135.52000427246094
2020-02-04,138.97000122070312
2020-02-05,137.88999938964844
2020-02-06,138.97000122070312
2020-02-07,138.89999389648438
2020-02-10,142.5500030517578
2020-02-11,144.02999877929688
2020-02-12,142.97999572753906
2020-02-13,144.94000244140625
2020-02-14,144.1699981689453
2020-02-18,143.64999389648438
2020-02-19,144.05999755859375
2020-02-20,143.5500030517578
2020-02-21,142.22999572753906
2020-02-24,138.38999938964844
2020-02-25,134.82000732421875
2020-02-26,136.14999389648438
2020-02-27,133.9499969482422
2020-02-28,133.22999572753906
2020-03-02,138.91000366210938
2020-03-03,137.24000549316406
2020-03-04,143.6199951171875
2020-03-05,139.55999755859375
2020-03-06,137.0500030517578
2020-03-09,129.72000122070312
2020-03-10,132.72000122070312
2020-03-11,130.27000427246094
2020-03-12,120.27999877929688
2020-03-13,125.4800033569336
2020-03-16,107.04000091552734
2020-03-17,111.05000305175781
2020-03-18,105.81999969482422
2020-03-19,102.33000183105469
2020-03-20,100.94000244140625
2020-03-23,92.66000366210938
2020-03-24,103.76000213623047
2020-03-25,108.20999908447266
2020-03-26,117.91000366210938
2020-03-27,111.7699966430664
2020-03-30,116.68000030517578
2020-03-31,117.69000244140625
2020-04-01,111.91999816894531
2020-04-02,116.02999877929688
2020-04-03,114.61000061035156
2020-04-06,126.79000091552734
2020-04-07,126.11000061035156
2020-04-08,127.25
2020-04-09,128.75
2020-04-13,122.94999694824219
2020-04-14,127.81999969482422
2020-04-15,123.80999755859375
2020-04-16,127.44999694824219
2020-04-17,130.72000122070312
2020-04-20,127.38999938964844
2020-04-21,124.69999694824219
2020-04-22,125.80999755859375
2020-04-23,123.63999938964844
2020-04-24,125.91000366210938
2020-04-27,127.41999816894531
2020-04-28,123.0
2020-04-29,125.55000305175781
2020-04-30,129.30999755859375
2020-05-01,127.52999877929688
2020-05-04,127.44000244140625
2020-05-05,131.3000030517578
2020-05-06,125.69000244140625
2020-05-07,124.23999786376953
2020-05-08,125.47000122070312
2020-05-11,126.38999938964844
2020-05-12,124.01000213623047
2020-05-13,123.02999877929688
2020-05-14,126.02999877929688
2020-05-15,127.48999786376953
2020-05-18,131.4199981689453
2020-05-19,134.33999633789062
2020-05-20,133.33999633789062
2020-05-21,130.3300018310547
2020-05-22,130.11000061035156
2020-05-26,130.4499969482422
2020-05-27,135.63999938964844
2020-05-28,138.11000061035156
2020-05-29,139.38999938964844
2020-06-01,138.33999633789062
2020-06-02,141.47999572753906
2020-06-03,142.52999877929688
2020-06-04,140.52000427246094
2020-06-05,141.00999450683594
2020-06-08,141.3000030517578
2020-06-09,138.8000030517578
2020-06-10,139.91000366210938
2020-06-11,131.05999755859375
2020-06-12,134.07000732421875
2020-06-15,133.3000030517578
2020-06-16,136.24000549316406
2020-06-17,136.7899932861328
2020-06-18,137.39999389648438
2020-06-19,137.39999389648438
2020-06-22,136.94000244140625
2020-06-23,138.11000061035156
2020-06-24,134.3000030517578
2020-06-25,135.30999755859375
2020-06-26,132.66000366210938
2020-06-29,131.97999572753906
2020-06-30,137.0399932861328
2020-07-01,137.19000244140625
2020-07-02,137.66000366210938
2020-07-06,138.60000610351562
2020-07-07,138.44000244140625
2020-07-08,138.80999755859375
2020-07-09,137.67999267578125
2020-07-10,137.10000610351562
2020-07-13,138.30999755859375
2020-07-14,140.39999389648438
2020-07-15,142.9199981689453
2020-07-16,142.94000244140625
2020-07-17,144.66000366210938
2020-07-20,145.97000122070312
2020-07-21,145.00999450683594
2020-07-22,145.11000061035156
2020-07-23,144.07000732421875
2020-07-24,144.22000122070312
2020-07-27,146.9199981689453
2020-07-28,145.97999572753906
2020-07-29,147.58999633789062
2020-07-30,149.11000061035156
2020-07-31,151.67999267578125
2020-08-03,154.50999450683594
2020-08-04,155.63999938964844
2020-08-05,157.72000122070312
2020-08-06,161.3300018310547
2020-08-07,158.8800048828125
2020-08-10,158.08999633789062
2020-08-11,156.92999267578125
2020-08-12,159.36000061035156
2020-08-13,158.8699951171875
2020-08-14,157.0500030517578
2020-08-17,157.4199981689453
2020-08-18,160.1699981689453
2020-08-19,158.5800018310547
2020-08-20,158.5399932861328
2020-08-21,158.3699951171875
2020-08-24,156.75999450683594
2020-08-25,158.5800018310547
2020-08-26,159.75999450683594
2020-08-27,159.61000061035156
2020-08-28,160.0
2020-08-31,160.10000610351562
2020-09-01,162.0500030517578
2020-09-02,165.3300018310547
2020-09-03,158.8000030517578
2020-09-04,157.24000549316406
2020-09-08,153.50999450683594
2020-09-09,158.91000366210938
2020-09-10,158.10000610351562
2020-09-11,158.58999633789062
2020-09-14,160.86000061035156
2020-09-15,162.27999877929688
2020-09-16,161.25
2020-09-17,160.47000122070312
2020-09-18,160.8699951171875
2020-09-21,160.97000122070312
2020-09-22,161.50999450683594
2020-09-23,159.3300018310547
2020-09-24,157.97999572753906
2020-09-25,160.83999633789062
2020-09-28,161.32000732421875
2020-09-29,162.47999572753906
2020-09-30,165.3699951171875
2020-10-01,164.02999877929688
2020-10-02,163.5500030517578
2020-10-05,163.4499969482422
2020-10-06,161.52000427246094
2020-10-07,159.91000366210938
2020-10-08,163.1699981689453
2020-10-09,165.42999267578125
2020-10-12,168.5500030517578
2020-10-13,165.32000732421875
2020-10-14,163.66000366210938
2020-10-15,162.99000549316406
2020-10-16,163.5500030517578
2020-10-19,159.99000549316406
2020-10-20,159.69000244140625
2020-10-21,161.17999267578125
2020-10-22,162.3800048828125
2020-10-23,163.49000549316406
2020-10-26,160.47999572753906
2020-10-27,162.47000122070312
2020-10-28,158.69000244140625
2020-10-29,161.19000244140625
2020-10-30,158.5500030517578
2020-11-02,162.88999938964844
2020-11-03,163.13999938964844
2020-11-04,174.35000610351562
2020-11-05,170.89999389648438
2020-11-06,169.25
2020-11-09,165.1999969482422
2020-11-10,162.55999755859375
2020-11-11,164.9499969482422
2020-11-12,165.19000244140625
2020-11-13,165.77999877929688
2020-11-16,165.2899932861328
2020-11-17,165.42999267578125
2020-11-18,163.5
2020-11-19,166.30999755859375
2020-11-20,166.1999969482422
2020-11-23,164.33999633789062
2020-11-24,161.05999755859375
2020-11-25,160.19000244140625
2020-11-27,161.47000122070312
2020-11-30,160.3800048828125
2020-12-01,161.36000061035156
2020-12-02,158.9499969482422
2020-12-03,157.07000732421875
2020-12-04,157.9499969482422
2020-12-07,158.4499969482422
2020-12-08,158.99000549316406
2020-12-09,158.6999969482422
2020-12-10,158.1199951171875
2020-12-11,159.52999877929688
2020-12-14,159.5
2020-12-15,161.9600067138672
2020-12-16,160.6199951171875
2020-12-17,162.6999969482422
2020-12-18,163.6300048828125
2020-12-21,160.83999633789062
2020-12-22,161.8300018310547
2020-12-23,159.85000610351562
2020-12-24,160.72000122070312
2020-12-28,162.38999938964844
2020-12-29,163.1199951171875
2020-12-30,164.27000427246094
2020-12-31,165.5
2021-01-04,163.58999633789062
2021-01-05,164.72999572753906
2021-01-06,167.14999389648438
2021-01-07,167.0
2021-01-08,168.11000061035156
2021-01-11,169.38999938964844
2021-01-12,166.1199951171875
2021-01-13,161.9499969482422
2021-01-14,160.9600067138672
2021-01-15,161.55999755859375
2021-01-19,162.57000732421875
2021-01-20,163.36000061035156
2021-01-21,164.4600067138672
2021-01-22,163.3300018310547
2021-01-25,161.33999633789062
2021-01-26,159.7100067138672
2021-01-27,153.14999389648438
2021-01-28,156.52999877929688
2021-01-29,154.25
2021-02-01,155.5800018310547
2021-02-02,157.38999938964844
2021-02-03,155.22999572753906
2021-02-04,157.1300048828125
2021-02-05,159.27999877929688
2021-02-08,160.02000427246094
2021-02-09,159.8300018310547
2021-02-10,160.6199951171875
2021-02-11,164.44000244140625
2021-02-12,166.7100067138672
2021-02-16,166.32000732421875
2021-02-17,168.89999389648438
2021-02-18,167.9499969482422
2021-02-19,160.0
2021-02-22,160.16000366210938
2021-02-23,159.52000427246094
2021-02-24,159.0500030517578
2021-02-25,156.47999572753906
2021-02-26,155.24000549316406
2021-03-01,157.69000244140625
2021-03-02,157.0500030517578
2021-03-03,149.32000732421875
2021-03-04,144.0
2021-03-05,145.67999267578125
2021-03-08,145.14999389648438
2021-03-09,150.13999938964844
2021-03-10,151.08999633789062
2021-03-11,152.36000061035156
2021-03-12,152.57000732421875
2021-03-15,154.83999633789062
2021-03-16,155.02999877929688
2021-03-17,156.1699981689453
2021-03-18,152.4199981689453
2021-03-19,153.1199951171875
2021-03-22,155.6300048828125
2021-03-23,156.0399932861328
2021-03-24,155.42999267578125
2021-03-25,152.8800048828125
2021-03-26,156.14999389648438
2021-03-29,158.38999938964844
2021-03-30,157.0399932861328
2021-03-31,157.47999572753906
2021-04-01,157.88999938964844
2021-04-05,158.41000366210938
2021-04-06,155.89999389648438
2021-04-07,157.8800048828125
2021-04-08,160.0
2021-04-09,159.85000610351562
2021-04-12,162.50999450683594
2021-04-13,163.47000122070312
2021-04-14,163.0800018310547
2021-04-15,165.4499969482422
2021-04-16,167.6300048828125
2021-04-19,168.10000610351562
2021-04-20,168.74000549316406
2021-04-21,170.14999389648438
2021-04-22,169.07000732421875
2021-04-23,170.5399932861328
2021-04-26,169.8000030517578
2021-04-27,169.75
2021-04-28,171.72000122070312
2021-04-29,174.52000427246094
2021-04-30,173.02999877929688
2021-05-03,175.24000549316406
2021-05-04,173.77000427246094
2021-05-05,173.86000061035156
2021-05-06,167.52000427246094
2021-05-07,171.5500030517578
2021-05-10,171.1699981689453
2021-05-11,170.22999572753906
2021-05-12,168.0399932861328
2021-05-13,170.85000610351562
2021-05-14,172.2899932861328
2021-05-17,170.27000427246094
2021-05-18,170.11000061035156
2021-05-19,171.27999877929688
2021-05-20,175.8000030517578
2021-05-21,176.02000427246094
2021-05-24,176.39999389648438
2021-05-25,176.6199951171875
2021-05-26,175.32000732421875
2021-05-27,174.6699981689453
2021-05-28,176.67999267578125
2021-06-01,174.19000244140625
2021-06-02,172.9499969482422
2021-06-03,173.82000732421875
2021-06-04,175.1999969482422
2021-06-07,175.10000610351562
2021-06-08,174.10000610351562
2021-06-09,176.69000244140625
2021-06-10,182.10000610351562
2021-06-11,182.1999969482422
2021-06-14,184.5800018310547
2021-06-15,185.6699981689453
2021-06-16,184.11000061035156
2021-06-17,186.44000244140625
2021-06-18,185.38999938964844
2021-06-21,186.60000610351562
2021-06-22,186.6199951171875
2021-06-23,186.1199951171875
2021-06-24,185.3800048828125
2021-06-25,187.22999572753906
2021-06-28,187.0800018310547
2021-06-29,187.99000549316406
2021-06-30,186.36000061035156
2021-07-01,189.2899932861328
2021-07-02,192.6999969482422
2021-07-06,194.02000427246094
2021-07-07,197.39999389648438
2021-07-08,196.9600067138672
2021-07-09,197.5
2021-07-12,198.3300018310547
2021-07-13,199.30999755859375
2021-07-14,201.27999877929688
2021-07-15,200.24000549316406
2021-07-16,199.67999267578125
2021-07-19,197.8300018310547
2021-07-20,200.11000061035156
2021-07-21,198.0399932861328
2021-07-22,200.5399932861328
2021-07-23,203.58999633789062
2021-07-26,200.82000732421875
2021-07-27,201.8699951171875
2021-07-28,203.27000427246094
2021-07-29,204.1199951171875
2021-07-30,202.6999969482422
2021-08-02,202.11000061035156
2021-08-03,204.10000610351562
2021-08-04,204.7899932861328
2021-08-05,203.83999633789062
2021-08-06,201.8800048828125
2021-08-09,199.72000122070312
2021-08-10,198.75999450683594
2021-08-11,197.41000366210938
2021-08-12,199.83999633789062
2021-08-13,201.47999572753906
2021-08-16,204.77999877929688
2021-08-17,206.60000610351562
2021-08-18,203.3300018310547
2021-08-19,206.44000244140625
2021-08-20,207.0500030517578
2021-08-23,206.47000122070312
2021-08-24,204.99000549316406
2021-08-25,204.42999267578125
2021-08-26,204.02000427246094
2021-08-27,203.82000732421875
2021-08-30,205.88999938964844
2021-08-31,204.55999755859375
2021-09-01,206.44000244140625
2021-09-02,209.22000122070312
2021-09-03,209.69000244140625
2021-09-07,207.80999755859375
2021-09-08,209.3300018310547
2021-09-09,206.02000427246094
2021-09-10,207.0
2021-09-13,205.0
2021-09-14,203.5500030517578
2021-09-15,203.9600067138672
2021-09-16,202.77000427246094
2021-09-17,198.49000549316406
2021-09-20,198.6199951171875
2021-09-21,201.00999450683594
2021-09-22,201.35000610351562
2021-09-23,204.7100067138672
2021-09-24,204.72999572753906
2021-09-27,197.8000030517578
2021-09-28,192.77000427246094
2021-09-29,194.99000549316406
2021-09-30,194.13999938964844
2021-10-01,196.19000244140625
2021-10-04,193.69000244140625
2021-10-05,196.4600067138672
2021-10-06,195.77999877929688
2021-10-07,199.00999450683594
2021-10-08,197.8800048828125
2021-10-11,197.64999389648438
2021-10-12,197.14999389648438
2021-10-13,197.4600067138672
2021-10-14,200.38999938964844
2021-10-15,202.22000122070312
2021-10-18,202.72999572753906
2021-10-19,204.44000244140625
2021-10-20,206.30999755859375
2021-10-21,208.6199951171875
2021-10-22,208.50999450683594
2021-10-25,211.52000427246094
2021-10-26,210.52000427246094
2021-10-27,209.5800018310547
2021-10-28,212.6699981689453
2021-10-29,216.1999969482422
2021-11-01,213.60000610351562
2021-11-02,212.1999969482422
2021-11-03,211.1300048828125
2021-11-04,217.77000427246094
2021-11-05,216.72999572753906
2021-11-08,217.8000030517578
2021-11-09,220.22000122070312
2021-11-10,216.5800018310547
2021-11-11,215.69000244140625
2021-11-12,216.85000610351562
2021-11-15,216.05999755859375
2021-11-16,220.17999267578125
2021-11-17,221.8699951171875
2021-11-18,225.5399932861328
2021-11-19,226.42999267578125
2021-11-22,224.33999633789062
2021-11-23,223.66000366210938
2021-11-24,223.1699981689453
2021-11-26,219.32000732421875
2021-11-29,223.5500030517578
2021-11-30,222.0399932861328
2021-12-01,219.66000366210938
2021-12-02,223.19000244140625
2021-12-03,223.3300018310547
2021-12-06,222.97000122070312
2021-12-07,225.6999969482422
2021-12-08,229.6199951171875
2021-12-09,230.16000366210938
2021-12-10,231.4499969482422
2021-12-13,232.36000061035156
2021-12-14,228.07000732421875
2021-12-15,232.0800018310547
2021-12-16,232.80999755859375
2021-12-17,234.30999755859375
2021-12-20,234.25999450683594
2021-12-21,237.63999938964844
2021-12-22,241.57000732421875
2021-12-23,242.50999450683594
2021-12-27,246.50999450683594
2021-12-28,244.25
2021-12-29,247.02999877929688
2021-12-30,245.16000366210938
2021-12-31,244.02999877929688
2022-01-03,234.02999877929688
2022-01-04,225.1199951171875
2022-01-05,216.55999755859375
2022-01-06,217.4199981689453
2022-01-07,211.08999633789062
2022-01-10,212.60000610351562
2022-01-11,212.8000030517578
2022-01-12,212.80999755859375
2022-01-13,207.0
2022-01-14,206.17999267578125
2022-01-18,202.6999969482422
2022-01-19,200.5800018310547
2022-01-20,201.9600067138672
2022-01-21,200.3300018310547
2022-01-24,200.07000732421875
2022-01-25,195.25
2022-01-26,189.83999633789062
2022-01-27,187.66000366210938
2022-01-28,195.3000030517578
2022-01-31,199.7899932861328
2022-02-01,198.8699951171875
2022-02-02,202.1699981689453
2022-02-03,200.9199981689453
2022-02-04,199.5399932861328
2022-02-07,200.32000732421875
2022-02-08,201.3000030517578
2022-02-09,202.2899932861328
2022-02-10,199.3699951171875
2022-02-11,198.8699951171875
2022-02-14,196.42999267578125
2022-02-15,197.75999450683594
2022-02-16,195.08999633789062
2022-02-17,193.07000732421875
2022-02-18,191.32000732421875
2022-02-22,190.10000610351562
2022-02-23,187.05999755859375
2022-02-24,190.9499969482422
2022-02-25,194.7100067138672
2022-02-28,193.64999389648438
2022-03-01,192.5399932861328
2022-03-02,196.07000732421875
2022-03-03,195.8699951171875
2022-03-04,196.83999633789062
2022-03-07,188.08999633789062
2022-03-08,181.38999938964844
2022-03-09,189.5800018310547
2022-03-10,189.22000122070312
2022-03-11,185.2899932861328
2022-03-14,184.66000366210938
2022-03-15,189.11000061035156
2022-03-16,191.9199981689453
2022-03-17,193.67999267578125
2022-03-18,195.89999389648438
2022-03-21,194.7100067138672
2022-03-22,196.8800048828125
2022-03-23,191.22999572753906
2022-03-24,189.57000732421875
2022-03-25,189.42999267578125
2022-03-28,189.3699951171875
2022-03-29,192.27999877929688
2022-03-30,191.32000732421875
2022-03-31,188.58999633789062
2022-04-01,191.11000061035156
2022-04-04,188.74000549316406
2022-04-05,188.39999389648438
2022-04-06,191.3800048828125
2022-04-07,197.92999267578125
2022-04-08,200.08999633789062
2022-04-11,192.5
2022-04-12,187.91000366210938
2022-04-13,189.52000427246094
2022-04-14,187.3000030517578
2022-04-18,182.80999755859375
2022-04-19,185.94000244140625
2022-04-20,187.77999877929688
2022-04-21,184.72000122070312
2022-04-22,181.9499969482422
2022-04-25,180.3000030517578
2022-04-26,176.97000122070312
2022-04-27,178.47000122070312
2022-04-28,181.30999755859375
2022-04-29,177.25
2022-05-02,174.6699981689453
2022-05-03,175.13999938964844
2022-05-04,176.86000061035156
2022-05-05,171.4499969482422
2022-05-06,169.2100067138672
2022-05-09,161.80999755859375
2022-05-10,162.64999389648438
2022-05-11,159.89999389648438
2022-05-12,163.0800018310547
2022-05-13,165.3300018310547
2022-05-16,165.5
2022-05-17,166.42999267578125
2022-05-18,158.86000061035156
2022-05-19,158.6300048828125
2022-05-20,162.55999755859375
2022-05-23,163.0
2022-05-24,163.0500030517578
2022-05-25,163.02999877929688
2022-05-26,165.89999389648438
2022-05-27,172.10000610351562
2022-05-31,170.92999267578125
2022-06-01,167.02000427246094
2022-06-02,172.6999969482422
2022-06-03,169.00999450683594
2022-06-06,171.00999450683594
2022-06-07,173.77999877929688
2022-06-08,171.2899932861328
2022-06-09,166.49000549316406
2022-06-10,161.49000549316406
2022-06-13,155.97000122070312
2022-06-14,157.8000030517578
2022-06-15,158.07000732421875
2022-06-16,157.38999938964844
2022-06-17,158.8300018310547
2022-06-21,162.00999450683594
2022-06-22,164.2100067138672
2022-06-23,169.1699981689453
2022-06-24,174.61000061035156
2022-06-27,173.60000610351562
2022-06-28,170.1199951171875
2022-06-29,173.9199981689453
2022-06-30,171.88999938964844
2022-07-01,174.2100067138672
2022-07-05,174.25
2022-07-06,178.5
2022-07-07,179.10000610351562
2022-07-08,177.97999572753906
2022-07-11,177.0399932861328
2022-07-12,173.80999755859375
2022-07-13,167.80999755859375
2022-07-14,170.7899932861328
2022-07-15,174.5399932861328
