Date,ARKK
2014-10-31,20.3799991607666
2014-11-03,20.3799991607666
2014-11-04,20.260000228881836
2014-11-05,20.0
2014-11-06,20.139999389648438
2014-11-07,20.1200008392334
2014-11-10,20.299999237060547
2014-11-11,20.290000915527344
2014-11-12,20.360000610351562
2014-11-13,20.34000015258789
2014-11-14,20.440000534057617
2014-11-17,20.40999984741211
2014-11-18,20.600000381469727
2014-11-19,20.290000915527344
2014-11-20,20.280000686645508
2014-11-21,20.360000610351562
2014-11-24,20.489999771118164
2014-11-25,20.520000457763672
2014-11-26,20.559999465942383
2014-11-28,20.59000015258789
2014-12-01,20.270000457763672
2014-12-02,20.049999237060547
2014-12-03,20.09000015258789
2014-12-04,20.059999465942383
2014-12-05,20.110000610351562
2014-12-08,19.729999542236328
2014-12-09,19.780000686645508
2014-12-10,19.729999542236328
2014-12-11,19.770000457763672
2014-12-12,19.607999801635742
2014-12-15,19.280000686645508
2014-12-16,18.950000762939453
2014-12-17,19.15999984741211
2014-12-18,19.8799991607666
2014-12-19,20.15999984741211
2014-12-22,20.329999923706055
2014-12-23,20.336999893188477
2014-12-24,20.3700008392334
2014-12-26,20.600000381469727
2014-12-29,20.427000045776367
2014-12-30,20.299999237060547
2014-12-31,20.15999984741211
2015-01-02,20.170000076293945
2015-01-05,19.68400001525879
2015-01-06,19.610000610351562
2015-01-07,19.700000762939453
2015-01-08,20.139999389648438
2015-01-09,19.969999313354492
2015-01-12,20.149999618530273
2015-01-13,19.989999771118164
2015-01-14,19.93000030517578
2015-01-15,19.479999542236328
2015-01-16,19.610000610351562
2015-01-20,19.889999389648438
2015-01-21,20.25
2015-01-22,20.527999877929688
2015-01-23,20.6299991607666
2015-01-26,20.75
2015-01-27,20.440000534057617
2015-01-28,20.350000381469727
2015-01-29,20.389999389648438
2015-01-30,20.239999771118164
2015-02-02,20.367000579833984
2015-02-03,20.229999542236328
2015-02-04,20.459999084472656
2015-02-05,20.84000015258789
2015-02-06,20.79199981689453
2015-02-09,20.67799949645996
2015-02-10,20.850000381469727
2015-02-11,21.025999069213867
2015-02-12,21.18400001525879
2015-02-13,21.450000762939453
2015-02-17,21.34000015258789
2015-02-18,21.3700008392334
2015-02-19,21.540000915527344
2015-02-20,21.68400001525879
2015-02-23,21.479999542236328
2015-02-24,21.422000885009766
2015-02-25,21.43000030517578
2015-02-26,21.639999389648438
2015-02-27,21.510000228881836
2015-03-02,21.499000549316406
2015-03-03,21.34000015258789
2015-03-04,21.2189998626709
2015-03-05,21.351999282836914
2015-03-06,20.965999603271484
2015-03-09,20.799999237060547
2015-03-10,20.577999114990234
2015-03-11,20.665000915527344
2015-03-12,20.68000030517578
2015-03-13,20.615999221801758
2015-03-16,20.799999237060547
2015-03-17,20.8700008392334
2015-03-18,20.799999237060547
2015-03-19,21.100000381469727
2015-03-20,21.329999923706055
2015-03-23,21.290000915527344
2015-03-24,21.290000915527344
2015-03-25,20.809999465942383
2015-03-26,20.790000915527344
2015-03-27,20.760000228881836
2015-03-30,21.0
2015-03-31,20.834999084472656
2015-04-01,20.5
2015-04-02,20.658000946044922
2015-04-06,20.969999313354492
2015-04-07,20.959999084472656
2015-04-08,21.215999603271484
2015-04-09,21.31999969482422
2015-04-10,21.489999771118164
2015-04-13,21.530000686645508
2015-04-14,21.389999389648438
2015-04-15,21.600000381469727
2015-04-16,21.84000015258789
2015-04-17,21.399999618530273
2015-04-20,21.5
2015-04-21,21.591999053955078
2015-04-22,21.760000228881836
2015-04-23,21.985000610351562
2015-04-24,21.98699951171875
2015-04-27,22.229999542236328
2015-04-28,21.729999542236328
2015-04-29,21.549999237060547
2015-04-30,20.954999923706055
2015-05-01,20.790000915527344
2015-05-04,21.011999130249023
2015-05-05,20.770000457763672
2015-05-06,20.639999389648438
2015-05-07,20.860000610351562
2015-05-08,20.84000015258789
2015-05-11,21.0
2015-05-12,20.899999618530273
2015-05-13,21.010000228881836
2015-05-14,21.18000030517578
2015-05-15,21.131999969482422
2015-05-18,21.249000549316406
2015-05-19,21.260000228881836
2015-05-20,21.219999313354492
2015-05-21,21.40999984741211
2015-05-22,21.457000732421875
2015-05-26,21.309999465942383
2015-05-27,21.31999969482422
2015-05-28,21.579999923706055
2015-05-29,21.59600067138672
2015-06-01,21.520000457763672
2015-06-02,21.558000564575195
2015-06-03,21.68000030517578
2015-06-04,21.600000381469727
2015-06-05,21.625
2015-06-08,21.600000381469727
2015-06-09,21.459999084472656
2015-06-10,21.850000381469727
2015-06-11,21.780000686645508
2015-06-12,21.649999618530273
2015-06-15,21.3700008392334
2015-06-16,21.6200008392334
2015-06-17,21.829999923706055
2015-06-18,22.049999237060547
2015-06-19,22.0
2015-06-22,22.049999237060547
2015-06-23,22.229999542236328
2015-06-24,21.940000534057617
2015-06-25,21.899999618530273
2015-06-26,21.739999771118164
2015-06-29,21.15999984741211
2015-06-30,21.350000381469727
2015-07-01,21.309999465942383
2015-07-02,21.24799919128418
2015-07-06,21.097999572753906
2015-07-07,20.979999542236328
2015-07-08,20.780000686645508
2015-07-09,20.950000762939453
2015-07-10,21.170000076293945
2015-07-13,21.440000534057617
2015-07-14,21.565000534057617
2015-07-15,21.415000915527344
2015-07-16,21.847999572753906
2015-07-17,21.920000076293945
2015-07-20,21.950000762939453
2015-07-21,21.8700008392334
2015-07-22,21.649999618530273
2015-07-23,21.799999237060547
2015-07-24,21.899999618530273
2015-07-27,21.649999618530273
2015-07-28,21.969999313354492
2015-07-29,21.81999969482422
2015-07-30,21.649999618530273
2015-07-31,21.5
2015-08-03,21.110000610351562
2015-08-04,21.049999237060547
2015-08-05,21.100000381469727
2015-08-06,20.799999237060547
2015-08-07,20.777000427246094
2015-08-10,21.280000686645508
2015-08-11,20.99799919128418
2015-08-12,20.799999237060547
2015-08-13,20.988000869750977
2015-08-14,20.959999084472656
2015-08-17,21.117000579833984
2015-08-18,20.979999542236328
2015-08-19,20.75
2015-08-20,19.889999389648438
2015-08-21,19.530000686645508
2015-08-24,18.959999084472656
2015-08-25,19.3799991607666
2015-08-26,19.44499969482422
2015-08-27,20.04400062561035
2015-08-28,20.239999771118164
2015-08-31,20.100000381469727
2015-09-01,19.3700008392334
2015-09-02,19.584999084472656
2015-09-03,19.809999465942383
2015-09-04,19.420000076293945
2015-09-08,20.020000457763672
2015-09-09,20.09000015258789
2015-09-10,20.010000228881836
2015-09-11,20.110000610351562
2015-09-14,20.06999969482422
2015-09-15,20.329999923706055
2015-09-16,20.56999969482422
2015-09-17,20.75
2015-09-18,20.43000030517578
2015-09-21,20.299999237060547
2015-09-22,19.8799991607666
2015-09-23,19.84000015258789
2015-09-24,19.610000610351562
2015-09-25,19.399999618530273
2015-09-28,19.0
2015-09-29,18.690000534057617
2015-09-30,18.790000915527344
2015-10-01,18.530000686645508
2015-10-02,19.079999923706055
2015-10-05,19.520000457763672
2015-10-06,19.229999542236328
2015-10-07,19.510000228881836
2015-10-08,19.389999389648438
2015-10-09,19.825000762939453
2015-10-12,19.670000076293945
2015-10-13,19.600000381469727
2015-10-14,19.5
2015-10-15,19.524999618530273
2015-10-16,19.809999465942383
2015-10-19,19.809999465942383
2015-10-20,19.496000289916992
2015-10-21,19.65999984741211
2015-10-22,19.448999404907227
2015-10-23,19.809999465942383
2015-10-26,19.780000686645508
2015-10-27,19.610000610351562
2015-10-28,19.81999969482422
2015-10-29,19.719999313354492
2015-10-30,19.899999618530273
2015-11-02,20.459999084472656
2015-11-03,20.454999923706055
2015-11-04,20.836000442504883
2015-11-05,20.65999984741211
2015-11-06,20.847999572753906
2015-11-09,20.684999465942383
2015-11-10,20.433000564575195
2015-11-11,20.389999389648438
2015-11-12,20.040000915527344
2015-11-13,19.81999969482422
2015-11-16,19.920000076293945
2015-11-17,19.947999954223633
2015-11-18,20.190000534057617
2015-11-19,20.510000228881836
2015-11-20,20.649999618530273
2015-11-23,20.68000030517578
2015-11-24,20.6299991607666
2015-11-25,20.899999618530273
2015-11-27,21.270000457763672
2015-11-30,21.200000762939453
2015-12-01,21.309999465942383
2015-12-02,21.360000610351562
2015-12-03,20.850000381469727
2015-12-04,21.05500030517578
2015-12-07,20.790000915527344
2015-12-08,20.989999771118164
2015-12-09,20.71500015258789
2015-12-10,21.06999969482422
2015-12-11,20.920000076293945
2015-12-14,20.209999084472656
2015-12-15,20.552000045776367
2015-12-16,20.780000686645508
2015-12-17,20.993000030517578
2015-12-18,20.93000030517578
2015-12-21,20.8700008392334
2015-12-22,20.959999084472656
2015-12-23,21.267000198364258
2015-12-24,20.878999710083008
2015-12-28,20.90999984741211
2015-12-29,20.780000686645508
2015-12-30,20.84000015258789
2015-12-31,20.459999084472656
2016-01-04,20.010000228881836
2016-01-05,20.170000076293945
2016-01-06,19.829999923706055
2016-01-07,19.049999237060547
2016-01-08,18.829999923706055
2016-01-11,18.170000076293945
2016-01-12,18.434999465942383
2016-01-13,17.8700008392334
2016-01-14,18.030000686645508
2016-01-15,17.31999969482422
2016-01-19,17.5
2016-01-20,17.049999237060547
2016-01-21,17.200000762939453
2016-01-22,17.530000686645508
2016-01-25,17.31999969482422
2016-01-26,17.049999237060547
2016-01-27,16.87700080871582
2016-01-28,16.479999542236328
2016-01-29,16.739999771118164
2016-02-01,16.875
2016-02-02,16.459999084472656
2016-02-03,16.367000579833984
2016-02-04,16.520000457763672
2016-02-05,15.5
2016-02-08,14.800000190734863
2016-02-09,14.859999656677246
2016-02-10,15.055000305175781
2016-02-11,14.779999732971191
2016-02-12,14.949999809265137
2016-02-16,15.550000190734863
2016-02-17,16.1299991607666
2016-02-18,16.06999969482422
2016-02-19,16.100000381469727
2016-02-22,16.469999313354492
2016-02-23,16.299999237060547
2016-02-24,16.440000534057617
2016-02-25,16.530000686645508
2016-02-26,17.020000457763672
2016-02-29,17.100000381469727
2016-03-01,17.485000610351562
2016-03-02,17.729999542236328
2016-03-03,18.145000457763672
2016-03-04,18.540000915527344
2016-03-07,18.510000228881836
2016-03-08,18.209999084472656
2016-03-09,17.979999542236328
2016-03-10,17.812999725341797
2016-03-11,17.93000030517578
2016-03-14,18.399999618530273
2016-03-15,17.84000015258789
2016-03-16,17.989999771118164
2016-03-17,18.100000381469727
2016-03-18,18.507999420166016
2016-03-21,18.684999465942383
2016-03-22,18.8700008392334
2016-03-23,18.8700008392334
2016-03-24,18.270000457763672
2016-03-28,18.270000457763672
2016-03-29,18.834999084472656
2016-03-30,18.899999618530273
2016-03-31,19.1299991607666
2016-04-01,19.1299991607666
2016-04-04,19.530000686645508
2016-04-05,19.399999618530273
2016-04-06,19.482999801635742
2016-04-07,19.5
2016-04-08,19.389999389648438
2016-04-11,19.389999389648438
2016-04-12,19.489999771118164
2016-04-13,19.809999465942383
2016-04-14,20.020000457763672
2016-04-15,19.770000457763672
2016-04-18,19.81599998474121
2016-04-19,19.393999099731445
2016-04-20,19.565000534057617
2016-04-21,19.756999969482422
2016-04-22,19.709999084472656
2016-04-25,19.6200008392334
2016-04-26,19.570999145507812
2016-04-27,19.469999313354492
2016-04-28,19.594999313354492
2016-04-29,18.8799991607666
2016-05-02,19.0
2016-05-03,18.719999313354492
2016-05-04,18.209999084472656
2016-05-05,18.15999984741211
2016-05-06,17.940000534057617
2016-05-09,18.299999237060547
2016-05-10,18.441999435424805
2016-05-11,18.308000564575195
2016-05-12,17.948999404907227
2016-05-13,18.110000610351562
2016-05-16,18.280000686645508
2016-05-17,18.149999618530273
2016-05-18,18.280000686645508
2016-05-19,17.9689998626709
2016-05-20,18.200000762939453
2016-05-23,18.375999450683594
2016-05-24,18.920000076293945
2016-05-25,19.09000015258789
2016-05-26,19.219999313354492
2016-05-27,19.290000915527344
2016-05-31,19.489999771118164
2016-06-01,19.520000457763672
2016-06-02,19.742000579833984
2016-06-03,19.56999969482422
2016-06-06,19.920000076293945
2016-06-07,19.93000030517578
2016-06-08,19.920000076293945
2016-06-09,19.6299991607666
2016-06-10,19.600000381469727
2016-06-13,19.309999465942383
2016-06-14,19.239999771118164
2016-06-15,19.399999618530273
2016-06-16,19.420000076293945
2016-06-17,19.56999969482422
2016-06-20,19.670000076293945
2016-06-21,19.579999923706055
2016-06-22,19.437999725341797
2016-06-23,19.6200008392334
2016-06-24,18.959999084472656
2016-06-27,18.260000228881836
2016-06-28,18.697999954223633
2016-06-29,19.160999298095703
2016-06-30,19.290000915527344
2016-07-01,19.451000213623047
2016-07-05,19.24799919128418
2016-07-06,19.190000534057617
2016-07-07,19.6200008392334
2016-07-08,20.030000686645508
2016-07-11,20.110000610351562
2016-07-12,20.459999084472656
2016-07-13,20.479999542236328
2016-07-14,20.28499984741211
2016-07-15,20.295000076293945
2016-07-18,20.472000122070312
2016-07-19,20.09000015258789
2016-07-20,20.416000366210938
2016-07-21,20.3799991607666
2016-07-22,20.135000228881836
2016-07-25,20.125
2016-07-26,20.34000015258789
2016-07-27,20.517000198364258
2016-07-28,20.700000762939453
2016-07-29,20.59000015258789
2016-08-01,20.631000518798828
2016-08-02,20.21299934387207
2016-08-03,20.43000030517578
2016-08-04,20.68000030517578
2016-08-05,20.832000732421875
2016-08-08,20.899999618530273
2016-08-09,20.899999618530273
2016-08-10,20.930999755859375
2016-08-11,21.104999542236328
2016-08-12,21.18000030517578
2016-08-15,21.18000030517578
2016-08-16,21.329999923706055
2016-08-17,21.163999557495117
2016-08-18,21.225000381469727
2016-08-19,21.079999923706055
2016-08-22,21.166000366210938
2016-08-23,21.26799964904785
2016-08-24,21.239999771118164
2016-08-25,20.920000076293945
2016-08-26,20.889999389648438
2016-08-29,21.038999557495117
2016-08-30,20.834999084472656
2016-08-31,20.61400032043457
2016-09-01,20.469999313354492
2016-09-02,20.69300079345703
2016-09-06,21.16900062561035
2016-09-07,21.277000427246094
2016-09-08,21.27899932861328
2016-09-09,20.979999542236328
2016-09-12,20.979999542236328
2016-09-13,20.60700035095215
2016-09-14,20.719999313354492
2016-09-15,21.200000762939453
2016-09-16,21.200000762939453
2016-09-19,21.3799991607666
2016-09-20,21.450000762939453
2016-09-21,21.25
2016-09-22,21.850000381469727
2016-09-23,21.858999252319336
2016-09-26,21.690000534057617
2016-09-27,22.104999542236328
2016-09-28,22.15999984741211
2016-09-29,21.959999084472656
2016-09-30,22.18000030517578
2016-10-03,22.209999084472656
2016-10-04,22.079999923706055
2016-10-05,22.39299964904785
2016-10-06,21.81999969482422
2016-10-07,21.701000213623047
2016-10-10,21.899999618530273
2016-10-11,21.0
2016-10-12,20.850000381469727
2016-10-13,20.589000701904297
2016-10-14,20.3799991607666
2016-10-17,20.239999771118164
2016-10-18,20.56999969482422
2016-10-19,20.649999618530273
2016-10-20,20.56999969482422
2016-10-21,20.530000686645508
2016-10-24,20.667999267578125
2016-10-25,20.43000030517578
2016-10-26,20.329999923706055
2016-10-27,20.166000366210938
2016-10-28,19.979999542236328
2016-10-31,19.91699981689453
2016-11-01,19.7189998626709
2016-11-02,19.31999969482422
2016-11-03,19.200000762939453
2016-11-04,19.253999710083008
2016-11-07,19.81999969482422
2016-11-08,19.989999771118164
2016-11-09,20.045000076293945
2016-11-10,20.440000534057617
2016-11-11,20.361000061035156
2016-11-14,20.68000030517578
2016-11-15,20.594999313354492
2016-11-16,20.594999313354492
2016-11-17,20.719999313354492
2016-11-18,20.649999618530273
2016-11-21,20.8799991607666
2016-11-22,20.930999755859375
2016-11-23,20.829999923706055
2016-11-25,20.950000762939453
2016-11-28,20.860000610351562
2016-11-29,20.360000610351562
2016-11-30,20.110000610351562
2016-12-01,19.639999389648438
2016-12-02,19.795000076293945
2016-12-05,20.197999954223633
2016-12-06,20.174999237060547
2016-12-07,20.079999923706055
2016-12-08,20.326000213623047
2016-12-09,20.399999618530273
2016-12-12,20.39900016784668
2016-12-13,20.549999237060547
2016-12-14,20.410999298095703
2016-12-15,20.7810001373291
2016-12-16,20.829999923706055
2016-12-19,20.889999389648438
2016-12-20,20.827999114990234
2016-12-21,20.5
2016-12-22,20.219999313354492
2016-12-23,20.309999465942383
2016-12-27,20.71500015258789
2016-12-28,20.290000915527344
2016-12-29,20.190000534057617
2016-12-30,20.049999237060547
2017-01-03,20.437000274658203
2017-01-04,21.360000610351562
2017-01-05,21.149999618530273
2017-01-06,21.364999771118164
2017-01-09,21.645000457763672
2017-01-10,21.950000762939453
2017-01-11,21.780000686645508
2017-01-12,21.829999923706055
2017-01-13,22.059999465942383
2017-01-17,21.719999313354492
2017-01-18,21.799999237060547
2017-01-19,21.829999923706055
2017-01-20,21.849000930786133
2017-01-23,21.898000717163086
2017-01-24,22.059999465942383
2017-01-25,22.2450008392334
2017-01-26,22.110000610351562
2017-01-27,22.174999237060547
2017-01-30,22.003000259399414
2017-01-31,22.090999603271484
2017-02-01,22.27400016784668
2017-02-02,22.40999984741211
2017-02-03,22.3799991607666
2017-02-06,22.389999389648438
2017-02-07,22.280000686645508
2017-02-08,22.489999771118164
2017-02-09,22.924999237060547
2017-02-10,22.969999313354492
2017-02-13,23.049999237060547
2017-02-14,23.219999313354492
2017-02-15,23.167999267578125
2017-02-16,22.979999542236328
2017-02-17,23.139999389648438
2017-02-21,23.200000762939453
2017-02-22,23.17300033569336
2017-02-23,22.969999313354492
2017-02-24,22.860000610351562
2017-02-27,23.270000457763672
2017-02-28,23.125
2017-03-01,23.4950008392334
2017-03-02,23.25
2017-03-03,23.200000762939453
2017-03-06,23.270000457763672
2017-03-07,23.2450008392334
2017-03-08,23.23900032043457
2017-03-09,22.9950008392334
2017-03-10,23.209999084472656
2017-03-13,23.43000030517578
2017-03-14,23.3799991607666
2017-03-15,23.594999313354492
2017-03-16,23.719999313354492
2017-03-17,23.71299934387207
2017-03-20,23.700000762939453
2017-03-21,23.038999557495117
2017-03-22,23.020000457763672
2017-03-23,23.024999618530273
2017-03-24,23.15999984741211
2017-03-27,23.43000030517578
2017-03-28,23.594999313354492
2017-03-29,23.790000915527344
2017-03-30,23.850000381469727
2017-03-31,23.959999084472656
2017-04-03,24.030000686645508
2017-04-04,23.93000030517578
2017-04-05,23.655000686645508
2017-04-06,23.766000747680664
2017-04-07,23.944000244140625
2017-04-10,24.086999893188477
2017-04-11,24.027000427246094
2017-04-12,23.81599998474121
2017-04-13,23.850000381469727
2017-04-17,23.986000061035156
2017-04-18,24.15999984741211
2017-04-19,24.299999237060547
2017-04-20,24.549999237060547
2017-04-21,24.34000015258789
2017-04-24,24.68000030517578
2017-04-25,25.020000457763672
2017-04-26,25.329999923706055
2017-04-27,25.579999923706055
2017-04-28,25.170000076293945
2017-05-01,25.709999084472656
2017-05-02,25.68000030517578
2017-05-03,25.59000015258789
2017-05-04,25.5
2017-05-05,25.760000228881836
2017-05-08,25.690000534057617
2017-05-09,26.270000457763672
2017-05-10,26.518999099731445
2017-05-11,26.569000244140625
2017-05-12,26.711000442504883
2017-05-15,26.950000762939453
2017-05-16,27.075000762939453
2017-05-17,26.1200008392334
2017-05-18,26.8799991607666
2017-05-19,26.93000030517578
2017-05-22,27.350000381469727
2017-05-23,27.440000534057617
2017-05-24,28.260000228881836
2017-05-25,28.610000610351562
2017-05-26,28.25
2017-05-30,28.139999389648438
2017-05-31,28.350000381469727
2017-06-01,28.959999084472656
2017-06-02,29.15999984741211
2017-06-05,29.209999084472656
2017-06-06,29.40999984741211
2017-06-07,29.45400047302246
2017-06-08,29.75
2017-06-09,28.826000213623047
2017-06-12,28.270000457763672
2017-06-13,28.709999084472656
2017-06-14,28.459999084472656
2017-06-15,28.360000610351562
2017-06-16,28.52899932861328
2017-06-19,29.31999969482422
2017-06-20,29.350000381469727
2017-06-21,29.770000457763672
2017-06-22,30.049999237060547
2017-06-23,30.299999237060547
2017-06-26,29.850000381469727
2017-06-27,29.20599937438965
2017-06-28,29.785999298095703
2017-06-29,29.226999282836914
2017-06-30,28.950000762939453
2017-07-03,28.799999237060547
2017-07-05,28.989999771118164
2017-07-06,28.399999618530273
2017-07-07,28.579999923706055
2017-07-10,28.540000915527344
2017-07-11,28.899999618530273
2017-07-12,29.389999389648438
2017-07-13,29.260000228881836
2017-07-14,29.315000534057617
2017-07-17,29.110000610351562
2017-07-18,29.43000030517578
2017-07-19,29.469999313354492
2017-07-20,29.729999542236328
2017-07-21,29.950000762939453
2017-07-24,30.3799991607666
2017-07-25,30.299999237060547
2017-07-26,30.290000915527344
2017-07-27,29.829999923706055
2017-07-28,29.969999313354492
2017-07-31,29.621999740600586
2017-08-01,29.700000762939453
2017-08-02,29.812000274658203
2017-08-03,30.03499984741211
2017-08-04,30.399999618530273
2017-08-07,30.969999313354492
2017-08-08,30.920000076293945
2017-08-09,30.639999389648438
2017-08-10,30.09000015258789
2017-08-11,30.75
2017-08-14,31.75
2017-08-15,31.280000686645508
2017-08-16,31.530000686645508
2017-08-17,30.969999313354492
2017-08-18,30.75
2017-08-21,30.75
2017-08-22,31.31999969482422
2017-08-23,31.489999771118164
2017-08-24,31.739999771118164
2017-08-25,31.656999588012695
2017-08-28,32.310001373291016
2017-08-29,32.79999923706055
2017-08-30,33.41999816894531
2017-08-31,34.141998291015625
2017-09-01,33.63999938964844
2017-09-05,33.43000030517578
2017-09-06,33.63999938964844
2017-09-07,33.75
2017-09-08,33.27000045776367
2017-09-11,33.720001220703125
2017-09-12,33.869998931884766
2017-09-13,33.720001220703125
2017-09-14,33.54999923706055
2017-09-15,33.95000076293945
2017-09-18,34.36000061035156
2017-09-19,34.209999084472656
2017-09-20,34.29999923706055
2017-09-21,33.970001220703125
2017-09-22,33.900001525878906
2017-09-25,33.380001068115234
2017-09-26,33.25
2017-09-27,33.83000183105469
2017-09-28,34.119998931884766
2017-09-29,34.28799819946289
2017-10-02,34.470001220703125
2017-10-03,34.79999923706055
2017-10-04,34.65999984741211
2017-10-05,35.119998931884766
2017-10-06,35.02000045776367
2017-10-09,34.946998596191406
2017-10-10,34.790000915527344
2017-10-11,34.810001373291016
2017-10-12,34.91999816894531
2017-10-13,34.78499984741211
2017-10-16,34.689998626708984
2017-10-17,34.72999954223633
2017-10-18,34.689998626708984
2017-10-19,34.36000061035156
2017-10-20,34.84000015258789
2017-10-23,34.52000045776367
2017-10-24,34.36000061035156
2017-10-25,33.72999954223633
2017-10-26,34.209999084472656
2017-10-27,34.849998474121094
2017-10-30,35.040000915527344
2017-10-31,35.5099983215332
2017-11-01,34.959999084472656
2017-11-02,34.83000183105469
2017-11-03,35.29999923706055
2017-11-06,35.2400016784668
2017-11-07,34.88999938964844
2017-11-08,34.93000030517578
2017-11-09,34.65999984741211
2017-11-10,34.70000076293945
2017-11-13,34.849998474121094
2017-11-14,34.5099983215332
2017-11-15,34.599998474121094
2017-11-16,35.29999923706055
2017-11-17,35.47999954223633
2017-11-20,35.84000015258789
2017-11-21,36.439998626708984
2017-11-22,36.7599983215332
2017-11-24,36.939998626708984
2017-11-27,37.2599983215332
2017-11-28,37.66999816894531
2017-11-29,36.97999954223633
2017-11-30,37.20000076293945
2017-12-01,37.400001525878906
2017-12-04,36.7400016784668
2017-12-05,36.349998474121094
2017-12-06,36.52000045776367
2017-12-07,37.060001373291016
2017-12-08,36.7400016784668
2017-12-11,36.9900016784668
2017-12-12,37.540000915527344
2017-12-13,37.599998474121094
2017-12-14,37.56999969482422
2017-12-15,38.45000076293945
2017-12-18,39.939998626708984
2017-12-19,39.09000015258789
2017-12-20,38.33000183105469
2017-12-21,37.75
2017-12-22,37.75
2017-12-26,38.2599983215332
2017-12-27,37.54999923706055
2017-12-28,37.439998626708984
2017-12-29,37.08000183105469
2018-01-02,38.58000183105469
2018-01-03,38.7400016784668
2018-01-04,38.869998931884766
2018-01-05,39.5
2018-01-08,39.22999954223633
2018-01-09,39.310001373291016
2018-01-10,39.40999984741211
2018-01-11,39.5099983215332
2018-01-12,39.709999084472656
2018-01-16,38.81999969482422
2018-01-17,39.72999954223633
2018-01-18,39.869998931884766
2018-01-19,39.939998626708984
2018-01-22,41.04999923706055
2018-01-23,41.56999969482422
2018-01-24,41.31999969482422
2018-01-25,41.290000915527344
2018-01-26,42.04999923706055
2018-01-29,42.33000183105469
2018-01-30,41.599998474121094
2018-01-31,41.2400016784668
2018-02-01,40.75
2018-02-02,39.79999923706055
2018-02-05,38.38999938964844
2018-02-06,39.290000915527344
2018-02-07,39.84000015258789
2018-02-08,38.099998474121094
2018-02-09,38.369998931884766
2018-02-12,38.81999969482422
2018-02-13,39.27199935913086
2018-02-14,40.279998779296875
2018-02-15,41.09000015258789
2018-02-16,41.060001373291016
2018-02-20,41.02000045776367
2018-02-21,41.06999969482422
2018-02-22,40.9900016784668
2018-02-23,41.5099983215332
2018-02-26,42.36000061035156
2018-02-27,41.689998626708984
2018-02-28,40.90999984741211
2018-03-01,40.77000045776367
2018-03-02,41.709999084472656
2018-03-05,42.560001373291016
2018-03-06,42.959999084472656
2018-03-07,43.61000061035156
2018-03-08,44.0
2018-03-09,44.88999938964844
2018-03-12,44.97999954223633
2018-03-13,44.439998626708984
2018-03-14,44.130001068115234
2018-03-15,43.630001068115234
2018-03-16,43.41999816894531
2018-03-19,42.599998474121094
2018-03-20,42.68000030517578
2018-03-21,42.66999816894531
2018-03-22,41.459999084472656
2018-03-23,40.650001525878906
2018-03-26,41.5099983215332
2018-03-27,39.38999938964844
2018-03-28,38.38999938964844
2018-03-29,39.06999969482422
2018-04-02,37.810001373291016
2018-04-03,38.349998474121094
2018-04-04,39.27000045776367
2018-04-05,39.529998779296875
2018-04-06,38.439998626708984
2018-04-09,38.68000030517578
2018-04-10,39.91999816894531
2018-04-11,40.09000015258789
2018-04-12,40.52000045776367
2018-04-13,40.2400016784668
2018-04-16,40.220001220703125
2018-04-17,41.380001068115234
2018-04-18,41.65999984741211
2018-04-19,41.22999954223633
2018-04-20,40.869998931884766
2018-04-23,40.20000076293945
2018-04-24,39.630001068115234
2018-04-25,38.86000061035156
2018-04-26,39.540000915527344
2018-04-27,39.380001068115234
2018-04-30,39.09000015258789
2018-05-01,39.56999969482422
2018-05-02,39.54999923706055
2018-05-03,39.290000915527344
2018-05-04,39.90999984741211
2018-05-07,40.95000076293945
2018-05-08,41.290000915527344
2018-05-09,42.34000015258789
2018-05-10,42.66999816894531
2018-05-11,42.87699890136719
2018-05-14,42.95000076293945
2018-05-15,42.72999954223633
2018-05-16,43.06999969482422
2018-05-17,43.130001068115234
2018-05-18,42.619998931884766
2018-05-21,42.7400016784668
2018-05-22,42.869998931884766
2018-05-23,43.34000015258789
2018-05-24,43.25
2018-05-25,43.189998626708984
2018-05-29,43.06999969482422
2018-05-30,43.66999816894531
2018-05-31,43.47999954223633
2018-06-01,43.77000045776367
2018-06-04,44.5099983215332
2018-06-05,45.09000015258789
2018-06-06,45.869998931884766
2018-06-07,45.43000030517578
2018-06-08,45.70000076293945
2018-06-11,45.779998779296875
2018-06-12,46.16999816894531
2018-06-13,46.400001525878906
2018-06-14,47.27000045776367
2018-06-15,47.279998779296875
2018-06-18,47.849998474121094
2018-06-19,47.41999816894531
2018-06-20,48.369998931884766
2018-06-21,47.220001220703125
2018-06-22,46.61000061035156
2018-06-25,45.290000915527344
2018-06-26,45.77000045776367
2018-06-27,44.45000076293945
2018-06-28,44.970001220703125
2018-06-29,44.97999954223633
2018-07-02,45.599998474121094
2018-07-03,45.150001525878906
2018-07-05,45.77000045776367
2018-07-06,46.70000076293945
2018-07-09,47.16999816894531
2018-07-10,46.959999084472656
2018-07-11,46.91999816894531
2018-07-12,47.75
2018-07-13,47.7400016784668
2018-07-16,46.939998626708984
2018-07-17,47.45000076293945
2018-07-18,47.310001373291016
2018-07-19,47.529998779296875
2018-07-20,47.27000045776367
2018-07-23,47.11000061035156
2018-07-24,45.880001068115234
2018-07-25,46.86000061035156
2018-07-26,46.5
2018-07-27,44.720001220703125
2018-07-30,43.599998474121094
2018-07-31,44.54999923706055
2018-08-01,44.72999954223633
2018-08-02,45.869998931884766
2018-08-03,45.470001220703125
2018-08-06,45.939998626708984
2018-08-07,46.599998474121094
2018-08-08,46.650001525878906
2018-08-09,46.81999969482422
2018-08-10,46.93000030517578
2018-08-13,46.61000061035156
2018-08-14,46.880001068115234
2018-08-15,45.91999816894531
2018-08-16,46.400001525878906
2018-08-17,45.83000183105469
2018-08-20,46.380001068115234
2018-08-21,47.369998931884766
2018-08-22,47.40999984741211
2018-08-23,47.34000015258789
2018-08-24,48.060001373291016
2018-08-27,48.880001068115234
2018-08-28,48.9900016784668
2018-08-29,49.630001068115234
2018-08-30,49.599998474121094
2018-08-31,49.70000076293945
2018-09-04,49.16999816894531
2018-09-05,47.9900016784668
2018-09-06,47.040000915527344
2018-09-07,46.72999954223633
2018-09-10,46.86000061035156
2018-09-11,47.43000030517578
2018-09-12,47.58000183105469
2018-09-13,47.939998626708984
2018-09-14,48.2400016784668
2018-09-17,47.279998779296875
2018-09-18,48.13999938964844
2018-09-19,48.11000061035156
2018-09-20,48.33000183105469
2018-09-21,47.15999984741211
2018-09-24,47.33000183105469
2018-09-25,47.77000045776367
2018-09-26,47.810001373291016
2018-09-27,48.209999084472656
2018-09-28,47.34000015258789
2018-10-01,47.40999984741211
2018-10-02,46.189998626708984
2018-10-03,46.279998779296875
2018-10-04,44.83000183105469
2018-10-05,43.97999954223633
2018-10-08,43.15999984741211
2018-10-09,43.36000061035156
2018-10-10,41.099998474121094
2018-10-11,40.70000076293945
2018-10-12,42.02000045776367
2018-10-15,41.63999938964844
2018-10-16,43.630001068115234
2018-10-17,43.369998931884766
2018-10-18,42.099998474121094
2018-10-19,41.31999969482422
2018-10-22,41.439998626708984
2018-10-23,41.7599983215332
2018-10-24,39.38999938964844
2018-10-25,41.22999954223633
2018-10-26,40.900001525878906
2018-10-29,40.4900016784668
2018-10-30,41.52000045776367
2018-10-31,42.58000183105469
2018-11-01,44.720001220703125
2018-11-02,45.47999954223633
2018-11-05,44.81999969482422
2018-11-06,44.83000183105469
2018-11-07,45.959999084472656
2018-11-08,45.2400016784668
2018-11-09,44.375999450683594
2018-11-12,42.7599983215332
2018-11-13,43.11000061035156
2018-11-14,42.59000015258789
2018-11-15,43.84000015258789
2018-11-16,43.66999816894531
2018-11-19,41.58000183105469
2018-11-20,40.81999969482422
2018-11-21,41.7400016784668
2018-11-23,41.709999084472656
2018-11-26,42.95000076293945
2018-11-27,42.529998779296875
2018-11-28,44.18000030517578
2018-11-29,44.04999923706055
2018-11-30,44.45000076293945
2018-12-03,45.529998779296875
2018-12-04,43.27000045776367
2018-12-06,43.540000915527344
2018-12-07,42.099998474121094
2018-12-10,42.540000915527344
2018-12-11,42.459999084472656
2018-12-12,43.310001373291016
2018-12-13,42.63999938964844
2018-12-14,41.77000045776367
2018-12-17,39.91999816894531
2018-12-18,39.88999938964844
2018-12-19,39.279998779296875
2018-12-20,37.81999969482422
2018-12-21,35.849998474121094
2018-12-24,35.34000015258789
2018-12-26,37.52000045776367
2018-12-27,36.400001525878906
2018-12-28,36.77000045776367
2018-12-31,37.189998626708984
2019-01-02,37.41999816894531
2019-01-03,36.189998626708984
2019-01-04,38.43000030517578
2019-01-07,40.099998474121094
2019-01-08,40.220001220703125
2019-01-09,41.47999954223633
2019-01-10,41.689998626708984
2019-01-11,41.779998779296875
2019-01-14,41.029998779296875
2019-01-15,42.279998779296875
2019-01-16,42.310001373291016
2019-01-17,42.63999938964844
2019-01-18,42.79999923706055
2019-01-22,41.11000061035156
2019-01-23,40.70000076293945
2019-01-24,41.58000183105469
2019-01-25,42.56999969482422
2019-01-28,41.68000030517578
2019-01-29,41.25
2019-01-30,42.27000045776367
2019-01-31,43.04999923706055
2019-02-01,43.11000061035156
2019-02-04,43.79999923706055
2019-02-05,43.91999816894531
2019-02-06,43.959999084472656
2019-02-07,42.4900016784668
2019-02-08,42.9900016784668
2019-02-11,43.41999816894531
2019-02-12,44.25
2019-02-13,44.540000915527344
2019-02-14,44.65999984741211
2019-02-15,45.189998626708984
2019-02-19,45.220001220703125
2019-02-20,45.59000015258789
2019-02-21,44.70000076293945
2019-02-22,45.77000045776367
2019-02-25,46.38999938964844
2019-02-26,46.040000915527344
2019-02-27,46.720001220703125
2019-02-28,46.560001373291016
2019-03-01,46.79999923706055
2019-03-04,46.22999954223633
2019-03-05,46.36000061035156
2019-03-06,45.36000061035156
2019-03-07,44.56999969482422
2019-03-08,44.86000061035156
2019-03-11,46.41999816894531
2019-03-12,46.54999923706055
2019-03-13,46.939998626708984
2019-03-14,46.63999938964844
2019-03-15,46.9900016784668
2019-03-18,46.849998474121094
2019-03-19,46.97999954223633
2019-03-20,47.099998474121094
2019-03-21,48.06999969482422
2019-03-22,46.04999923706055
2019-03-25,45.95000076293945
2019-03-26,46.150001525878906
2019-03-27,45.650001525878906
2019-03-28,46.13999938964844
2019-03-29,46.72999954223633
2019-04-01,47.43000030517578
2019-04-02,47.810001373291016
2019-04-03,48.779998779296875
2019-04-04,48.130001068115234
2019-04-05,48.90999984741211
2019-04-08,48.810001373291016
2019-04-09,48.29999923706055
2019-04-10,48.97999954223633
2019-04-11,48.349998474121094
2019-04-12,48.459999084472656
2019-04-15,47.95000076293945
2019-04-16,48.279998779296875
2019-04-17,47.04999923706055
2019-04-18,47.09000015258789
2019-04-22,47.25
2019-04-23,48.43000030517578
2019-04-24,48.0099983215332
2019-04-25,47.58000183105469
2019-04-26,47.689998626708984
2019-04-29,47.790000915527344
2019-04-30,47.220001220703125
2019-05-01,46.779998779296875
2019-05-02,47.0099983215332
2019-05-03,48.38999938964844
2019-05-06,48.81999969482422
2019-05-07,47.29999923706055
2019-05-08,46.43000030517578
2019-05-09,46.029998779296875
2019-05-10,46.2400016784668
2019-05-13,43.689998626708984
2019-05-14,44.529998779296875
2019-05-15,45.06999969482422
2019-05-16,45.279998779296875
2019-05-17,43.959999084472656
2019-05-20,42.93000030517578
2019-05-21,43.900001525878906
2019-05-22,43.22999954223633
2019-05-23,42.040000915527344
2019-05-24,42.13999938964844
2019-05-28,41.88999938964844
2019-05-29,41.52000045776367
2019-05-30,41.810001373291016
2019-05-31,40.72999954223633
2019-06-03,40.13999938964844
2019-06-04,41.79999923706055
2019-06-05,42.11000061035156
2019-06-06,42.130001068115234
2019-06-07,43.209999084472656
2019-06-10,43.619998931884766
2019-06-11,43.29999923706055
2019-06-12,43.150001525878906
2019-06-13,43.68000030517578
2019-06-14,43.06999969482422
2019-06-17,44.40999984741211
2019-06-18,45.11000061035156
2019-06-19,45.27000045776367
2019-06-20,45.33000183105469
2019-06-21,45.439998626708984
2019-06-24,44.790000915527344
2019-06-25,44.459999084472656
2019-06-26,44.689998626708984
2019-06-27,45.81999969482422
2019-06-28,47.97999954223633
2019-07-01,47.91999816894531
2019-07-02,47.439998626708984
2019-07-03,48.060001373291016
2019-07-05,47.79999923706055
2019-07-08,47.349998474121094
2019-07-09,48.25
2019-07-10,48.58000183105469
2019-07-11,48.61000061035156
2019-07-12,48.459999084472656
2019-07-15,48.66999816894531
2019-07-16,48.369998931884766
2019-07-17,48.599998474121094
2019-07-18,48.83000183105469
2019-07-19,48.290000915527344
2019-07-22,48.7400016784668
2019-07-23,48.900001525878906
2019-07-24,49.91999816894531
2019-07-25,48.2599983215332
2019-07-26,49.349998474121094
2019-07-29,49.130001068115234
2019-07-30,49.61000061035156
2019-07-31,48.459999084472656
2019-08-01,47.720001220703125
2019-08-02,46.119998931884766
2019-08-05,44.15999984741211
2019-08-06,44.560001373291016
2019-08-07,45.130001068115234
2019-08-08,45.88999938964844
2019-08-09,45.27000045776367
2019-08-12,44.33399963378906
2019-08-13,45.22999954223633
2019-08-14,43.63999938964844
2019-08-15,43.560001373291016
2019-08-16,44.689998626708984
2019-08-19,45.54999923706055
2019-08-20,45.2599983215332
2019-08-21,45.65999984741211
2019-08-22,44.9900016784668
2019-08-23,43.5099983215332
2019-08-26,43.790000915527344
2019-08-27,43.119998931884766
2019-08-28,43.380001068115234
2019-08-29,44.18000030517578
2019-08-30,44.31999969482422
2019-09-03,43.27000045776367
2019-09-04,43.34000015258789
2019-09-05,44.040000915527344
2019-09-06,43.939998626708984
2019-09-09,43.810001373291016
2019-09-10,44.349998474121094
2019-09-11,45.540000915527344
2019-09-12,45.5
2019-09-13,45.25
2019-09-16,45.400001525878906
2019-09-17,45.5
2019-09-18,45.040000915527344
2019-09-19,44.849998474121094
2019-09-20,44.7400016784668
2019-09-23,44.540000915527344
2019-09-24,43.040000915527344
2019-09-25,43.13999938964844
2019-09-26,43.06999969482422
2019-09-27,42.63999938964844
2019-09-30,42.88999938964844
2019-10-01,41.900001525878906
2019-10-02,41.27000045776367
2019-10-03,41.529998779296875
2019-10-04,41.970001220703125
2019-10-07,42.029998779296875
2019-10-08,40.619998931884766
2019-10-09,41.189998626708984
2019-10-10,41.279998779296875
2019-10-11,41.93000030517578
2019-10-14,42.2599983215332
2019-10-15,43.150001525878906
2019-10-16,42.79999923706055
2019-10-17,42.88100051879883
2019-10-18,41.93000030517578
2019-10-21,42.40999984741211
2019-10-22,41.93000030517578
2019-10-23,41.7599983215332
2019-10-24,42.650001525878906
2019-10-25,43.52000045776367
2019-10-28,44.63999938964844
2019-10-29,44.31999969482422
2019-10-30,44.369998931884766
2019-10-31,44.22999954223633
2019-11-01,45.22999954223633
2019-11-04,45.47999954223633
2019-11-05,45.38999938964844
2019-11-06,45.220001220703125
2019-11-07,45.209999084472656
2019-11-08,45.849998474121094
2019-11-11,46.31999969482422
2019-11-12,46.650001525878906
2019-11-13,46.369998931884766
2019-11-14,46.560001373291016
2019-11-15,47.400001525878906
2019-11-18,47.400001525878906
2019-11-19,48.45000076293945
2019-11-20,48.43000030517578
2019-11-21,48.150001525878906
2019-11-22,48.41999816894531
2019-11-25,49.66999816894531
2019-11-26,50.0
2019-11-27,50.22999954223633
2019-11-29,50.43000030517578
2019-12-02,48.959999084472656
2019-12-03,49.09000015258789
2019-12-04,49.189998626708984
2019-12-05,48.959999084472656
2019-12-06,49.459999084472656
2019-12-09,49.04999923706055
2019-12-10,49.2599983215332
2019-12-11,48.970001220703125
2019-12-12,49.400001525878906
2019-12-13,49.099998474121094
2019-12-16,50.22999954223633
2019-12-17,50.18000030517578
2019-12-18,50.540000915527344
2019-12-19,50.869998931884766
2019-12-20,50.959999084472656
2019-12-23,51.59000015258789
2019-12-24,51.81999969482422
2019-12-26,51.77000045776367
2019-12-27,51.13999938964844
2019-12-30,49.7400016784668
2019-12-31,50.04999923706055
2020-01-02,50.5
2020-01-03,50.130001068115234
2020-01-06,50.52000045776367
2020-01-07,51.13999938964844
2020-01-08,52.290000915527344
2020-01-09,52.349998474121094
2020-01-10,51.970001220703125
2020-01-13,53.040000915527344
2020-01-14,53.2599983215332
2020-01-15,53.43000030517578
2020-01-16,54.0099983215332
2020-01-17,53.66999816894531
2020-01-21,53.59000015258789
2020-01-22,53.84000015258789
2020-01-23,53.79999923706055
2020-01-24,52.79999923706055
2020-01-27,51.849998474121094
2020-01-28,52.81999969482422
2020-01-29,52.849998474121094
2020-01-30,52.95000076293945
2020-01-31,51.79999923706055
2020-02-03,53.959999084472656
2020-02-04,56.31999969482422
2020-02-05,55.52000045776367
2020-02-06,56.16999816894531
2020-02-07,55.84000015258789
2020-02-10,56.88999938964844
2020-02-11,57.790000915527344
2020-02-12,58.33000183105469
2020-02-13,58.7599983215332
2020-02-14,58.689998626708984
2020-02-18,59.15999984741211
2020-02-19,60.369998931884766
2020-02-20,59.88999938964844
2020-02-21,58.61000061035156
2020-02-24,56.02000045776367
2020-02-25,54.099998474121094
2020-02-26,53.540000915527344
2020-02-27,51.709999084472656
2020-02-28,52.84000015258789
2020-03-02,54.08000183105469
2020-03-03,52.9900016784668
2020-03-04,54.790000915527344
2020-03-05,53.5099983215332
2020-03-06,52.11000061035156
2020-03-09,47.779998779296875
2020-03-10,50.04999923706055
2020-03-11,46.939998626708984
2020-03-12,41.029998779296875
2020-03-13,42.900001525878906
2020-03-16,36.220001220703125
2020-03-17,38.22999954223633
2020-03-18,34.689998626708984
2020-03-19,37.810001373291016
2020-03-20,37.849998474121094
2020-03-23,38.349998474121094
2020-03-24,42.150001525878906
2020-03-25,43.790000915527344
2020-03-26,45.970001220703125
2020-03-27,43.7599983215332
2020-03-30,44.599998474121094
2020-03-31,44.0
2020-04-01,40.2400016784668
2020-04-02,40.4900016784668
2020-04-03,40.20000076293945
2020-04-06,44.18000030517578
2020-04-07,44.220001220703125
2020-04-08,46.0099983215332
2020-04-09,47.290000915527344
2020-04-13,47.849998474121094
2020-04-14,50.380001068115234
2020-04-15,49.560001373291016
2020-04-16,50.599998474121094
2020-04-17,52.2599983215332
2020-04-20,52.79999923706055
2020-04-21,50.61000061035156
2020-04-22,52.41999816894531
2020-04-23,52.0099983215332
2020-04-24,53.060001373291016
2020-04-27,55.63999938964844
2020-04-28,54.04999923706055
2020-04-29,56.630001068115234
2020-04-30,55.33000183105469
2020-05-01,52.380001068115234
2020-05-04,54.310001373291016
2020-05-05,55.060001373291016
2020-05-06,55.33000183105469
2020-05-07,56.599998474121094
2020-05-08,58.29999923706055
2020-05-11,59.68000030517578
2020-05-12,58.15999984741211
2020-05-13,56.33000183105469
2020-05-14,56.25
2020-05-15,58.09000015258789
2020-05-18,59.880001068115234
2020-05-19,59.81999969482422
2020-05-20,61.81999969482422
2020-05-21,61.97999954223633
2020-05-22,62.7599983215332
2020-05-26,62.900001525878906
2020-05-27,62.5099983215332
2020-05-28,61.75
2020-05-29,62.81999969482422
2020-06-01,64.80000305175781
2020-06-02,65.5999984741211
2020-06-03,65.87000274658203
2020-06-04,63.95000076293945
2020-06-05,64.25
2020-06-08,65.37000274658203
2020-06-09,65.61000061035156
2020-06-10,66.51000213623047
2020-06-11,61.56999969482422
2020-06-12,62.41999816894531
2020-06-15,64.63999938964844
2020-06-16,66.69000244140625
2020-06-17,66.5
2020-06-18,67.62999725341797
2020-06-19,68.02999877929688
2020-06-22,71.29000091552734
2020-06-23,72.4000015258789
2020-06-24,69.30000305175781
2020-06-25,70.58000183105469
2020-06-26,68.97000122070312
2020-06-29,69.36000061035156
2020-06-30,71.30999755859375
2020-07-01,73.5
2020-07-02,74.94000244140625
2020-07-06,77.75
2020-07-07,78.83999633789062
2020-07-08,80.72000122070312
2020-07-09,81.08000183105469
2020-07-10,80.88999938964844
2020-07-13,78.13999938964844
2020-07-14,78.81999969482422
2020-07-15,80.93000030517578
2020-07-16,79.76000213623047
2020-07-17,80.66999816894531
2020-07-20,84.02999877929688
2020-07-21,82.5199966430664
2020-07-22,82.52999877929688
2020-07-23,80.47000122070312
2020-07-24,78.83000183105469
2020-07-27,81.97000122070312
2020-07-28,79.3499984741211
2020-07-29,80.06999969482422
2020-07-30,80.4000015258789
2020-07-31,80.37000274658203
2020-08-03,83.68000030517578
2020-08-04,84.19999694824219
2020-08-05,85.61000061035156
2020-08-06,84.87000274658203
2020-08-07,82.48999786376953
2020-08-10,83.47000122070312
2020-08-11,81.58000183105469
2020-08-12,83.94999694824219
2020-08-13,85.76000213623047
2020-08-14,84.72000122070312
2020-08-17,87.62999725341797
2020-08-18,88.58000183105469
2020-08-19,88.86000061035156
2020-08-20,89.4800033569336
2020-08-21,89.83000183105469
2020-08-24,88.45999908447266
2020-08-25,89.5
2020-08-26,91.4000015258789
2020-08-27,90.7699966430664
2020-08-28,92.36000061035156
2020-08-31,95.33000183105469
2020-09-01,97.20999908447266
2020-09-02,96.97000122070312
2020-09-03,89.80999755859375
2020-09-04,87.05000305175781
2020-09-08,83.0999984741211
2020-09-09,86.58000183105469
2020-09-10,85.83999633789062
2020-09-11,85.3499984741211
2020-09-14,89.08999633789062
2020-09-15,91.83000183105469
2020-09-16,91.63999938964844
2020-09-17,89.30000305175781
2020-09-18,89.87999725341797
2020-09-21,90.58000183105469
2020-09-22,91.70999908447266
2020-09-23,87.94999694824219
2020-09-24,87.9000015258789
2020-09-25,90.75
2020-09-28,91.72000122070312
2020-09-29,92.7699966430664
2020-09-30,92.0
2020-10-01,94.54000091552734
2020-10-02,92.31999969482422
2020-10-05,95.88999938964844
2020-10-06,95.66999816894531
2020-10-07,99.20999908447266
2020-10-08,100.56999969482422
2020-10-09,102.76000213623047
2020-10-12,102.33000183105469
2020-10-13,104.83000183105469
2020-10-14,103.7699966430664
2020-10-15,102.83000183105469
2020-10-16,102.76000213623047
2020-10-19,102.25
2020-10-20,100.83000183105469
2020-10-21,97.94999694824219
2020-10-22,98.58000183105469
2020-10-23,99.18000030517578
2020-10-26,97.19999694824219
2020-10-27,98.62999725341797
2020-10-28,94.75
2020-10-29,95.98999786376953
2020-10-30,90.79000091552734
2020-11-02,90.80000305175781
2020-11-03,93.16000366210938
2020-11-04,97.51000213623047
2020-11-05,100.81999969482422
2020-11-06,102.08000183105469
2020-11-09,97.43000030517578
2020-11-10,94.76000213623047
2020-11-11,98.7300033569336
2020-11-12,98.88999938964844
2020-11-13,99.4000015258789
2020-11-16,99.54000091552734
2020-11-17,101.2300033569336
2020-11-18,101.0199966430664
2020-11-19,103.26000213623047
2020-11-20,104.9000015258789
2020-11-23,107.41999816894531
2020-11-24,106.13999938964844
2020-11-25,108.4800033569336
2020-11-27,111.77999877929688
2020-11-30,112.37000274658203
2020-12-01,112.76000213623047
2020-12-02,112.33999633789062
2020-12-03,114.27999877929688
2020-12-04,117.19000244140625
2020-12-07,120.68000030517578
2020-12-08,122.16999816894531
2020-12-09,119.9800033569336
2020-12-10,125.19999694824219
2020-12-11,123.87000274658203
2020-12-14,124.25
2020-12-15,124.30000305175781
2020-12-16,123.94999694824219
2020-12-17,126.06999969482422
2020-12-18,127.30000305175781
2020-12-21,131.33999633789062
2020-12-22,135.0500030517578
2020-12-23,134.9600067138672
2020-12-24,133.02999877929688
2020-12-28,129.8000030517578
2020-12-29,124.31999969482422
2020-12-30,127.0999984741211
2020-12-31,124.48999786376953
2021-01-04,124.69000244140625
2021-01-05,127.76000213623047
2021-01-06,128.22999572753906
2021-01-07,138.3800048828125
2021-01-08,142.47999572753906
2021-01-11,138.22000122070312
2021-01-12,140.99000549316406
2021-01-13,141.72000122070312
2021-01-14,145.27999877929688
2021-01-15,141.91000366210938
2021-01-19,146.1300048828125
2021-01-20,147.11000061035156
2021-01-21,144.80999755859375
2021-01-22,146.0800018310547
2021-01-25,146.6699981689453
2021-01-26,141.8300018310547
2021-01-27,138.35000610351562
2021-01-28,140.3699951171875
2021-01-29,137.44000244140625
2021-02-01,142.6199951171875
2021-02-02,146.88999938964844
2021-02-03,146.11000061035156
2021-02-04,148.35000610351562
2021-02-05,149.4600067138672
2021-02-08,153.30999755859375
2021-02-09,154.92999267578125
2021-02-10,153.10000610351562
2021-02-11,154.57000732421875
2021-02-12,156.5800018310547
2021-02-16,155.1199951171875
2021-02-17,152.1699981689453
2021-02-18,149.19000244140625
2021-02-19,152.61000061035156
2021-02-22,143.77999877929688
2021-02-23,139.0399932861328
2021-02-24,138.32000732421875
2021-02-25,129.50999450683594
2021-02-26,130.36000061035156
2021-03-01,136.6999969482422
2021-03-02,133.50999450683594
2021-03-03,125.11000061035156
2021-03-04,118.43000030517578
2021-03-05,117.06999969482422
2021-03-08,110.26000213623047
2021-03-09,121.75
2021-03-10,121.19000244140625
2021-03-11,128.67999267578125
2021-03-12,126.68000030517578
2021-03-15,128.8800048828125
2021-03-16,126.0199966430664
2021-03-17,127.45999908447266
2021-03-18,120.06999969482422
2021-03-19,122.36000061035156
2021-03-22,124.72000122070312
2021-03-23,121.69999694824219
2021-03-24,114.77999877929688
2021-03-25,114.41999816894531
2021-03-26,113.97000122070312
2021-03-29,111.16999816894531
2021-03-30,114.41999816894531
2021-03-31,119.94999694824219
2021-04-01,120.8499984741211
2021-04-05,121.63999938964844
2021-04-06,123.83000183105469
2021-04-07,120.81999969482422
2021-04-08,124.13999938964844
2021-04-09,123.26000213623047
2021-04-12,122.47000122070312
2021-04-13,127.55999755859375
2021-04-14,124.87000274658203
2021-04-15,126.62000274658203
2021-04-16,124.37999725341797
2021-04-19,120.44000244140625
2021-04-20,119.0
2021-04-21,121.81999969482422
2021-04-22,121.41000366210938
2021-04-23,123.69999694824219
2021-04-26,127.7300033569336
2021-04-27,126.23999786376953
2021-04-28,125.37999725341797
2021-04-29,121.76000213623047
2021-04-30,120.7699966430664
2021-05-03,116.91000366210938
2021-05-04,113.29000091552734
2021-05-05,111.55000305175781
2021-05-06,108.33999633789062
2021-05-07,109.72000122070312
2021-05-10,103.9800033569336
2021-05-11,106.12000274658203
2021-05-12,102.16000366210938
2021-05-13,99.4800033569336
2021-05-14,104.30999755859375
2021-05-17,103.30999755859375
2021-05-18,104.79000091552734
2021-05-19,102.97000122070312
2021-05-20,106.58999633789062
2021-05-21,105.83999633789062
2021-05-24,108.7300033569336
2021-05-25,109.37999725341797
2021-05-26,111.43000030517578
2021-05-27,112.27999877929688
2021-05-28,112.0999984741211
2021-06-01,111.25
2021-06-02,111.30000305175781
2021-06-03,107.43000030517578
2021-06-04,109.51000213623047
2021-06-07,112.69000244140625
2021-06-08,113.12999725341797
2021-06-09,112.8499984741211
2021-06-10,114.97000122070312
2021-06-11,116.12000274658203
2021-06-14,118.33000183105469
2021-06-15,115.08999633789062
2021-06-16,114.52999877929688
2021-06-17,118.5
2021-06-18,118.9000015258789
2021-06-21,119.51000213623047
2021-06-22,121.0199966430664
2021-06-23,123.52999877929688
2021-06-24,125.27999877929688
2021-06-25,125.48999786376953
2021-06-28,130.22999572753906
2021-06-29,130.8800048828125
2021-06-30,130.77999877929688
2021-07-01,129.16000366210938
2021-07-02,128.14999389648438
2021-07-06,127.23999786376953
2021-07-07,124.26000213623047
2021-07-08,123.30999755859375
2021-07-09,125.62000274658203
2021-07-12,124.73999786376953
2021-07-13,122.2699966430664
2021-07-14,118.16999816894531
2021-07-15,116.4000015258789
2021-07-16,116.52999877929688
2021-07-19,117.27999877929688
2021-07-20,120.76000213623047
2021-07-21,122.66000366210938
2021-07-22,121.70999908447266
2021-07-23,122.43000030517578
2021-07-26,121.5999984741211
2021-07-27,118.62000274658203
2021-07-28,121.3499984741211
2021-07-29,121.5999984741211
2021-07-30,120.0
2021-08-02,121.12000274658203
2021-08-03,120.22000122070312
2021-08-04,123.27999877929688
2021-08-05,125.56999969482422
2021-08-06,123.01000213623047
2021-08-09,124.69999694824219
2021-08-10,121.44000244140625
2021-08-11,121.30000305175781
2021-08-12,121.8499984741211
2021-08-13,120.0999984741211
2021-08-16,116.9800033569336
2021-08-17,115.88999938964844
2021-08-18,115.83999633789062
2021-08-19,113.8499984741211
2021-08-20,115.80000305175781
2021-08-23,119.4800033569336
2021-08-24,121.05999755859375
2021-08-25,121.02999877929688
2021-08-26,119.16000366210938
2021-08-27,122.02999877929688
2021-08-30,122.79000091552734
2021-08-31,122.02999877929688
2021-09-01,123.72000122070312
2021-09-02,124.83000183105469
2021-09-03,125.06999969482422
2021-09-07,124.70999908447266
2021-09-08,121.16999816894531
2021-09-09,121.70999908447266
2021-09-10,120.45999908447266
2021-09-13,118.16999816894531
2021-09-14,116.86000061035156
2021-09-15,117.81999969482422
2021-09-16,118.56999969482422
2021-09-17,121.5
2021-09-20,116.13999938964844
2021-09-21,117.13999938964844
2021-09-22,118.11000061035156
2021-09-23,119.33999633789062
2021-09-24,117.12999725341797
2021-09-27,117.02999877929688
2021-09-28,112.13999938964844
2021-09-29,109.72000122070312
2021-09-30,110.52999877929688
2021-10-01,111.16999816894531
2021-10-04,107.19000244140625
2021-10-05,109.04000091552734
2021-10-06,109.94000244140625
2021-10-07,112.5999984741211
2021-10-08,110.5999984741211
2021-10-11,110.23999786376953
2021-10-12,111.73999786376953
2021-10-13,113.43000030517578
2021-10-14,115.58000183105469
2021-10-15,115.80000305175781
2021-10-18,117.05000305175781
2021-10-19,119.5999984741211
2021-10-20,118.69999694824219
2021-10-21,119.66000366210938
2021-10-22,117.75
2021-10-25,121.80999755859375
2021-10-26,121.19999694824219
2021-10-27,118.68000030517578
2021-10-28,121.7699966430664
2021-10-29,121.27999877929688
2021-11-01,125.12000274658203
2021-11-02,123.08999633789062
2021-11-03,124.63999938964844
2021-11-04,124.38999938964844
2021-11-05,122.29000091552734
2021-11-08,123.4000015258789
2021-11-09,120.56999969482422
2021-11-10,116.54000091552734
2021-11-11,117.33999633789062
2021-11-12,118.48999786376953
2021-11-15,117.52999877929688
2021-11-16,118.91999816894531
2021-11-17,116.72000122070312
2021-11-18,113.81999969482422
2021-11-19,113.23999786376953
2021-11-22,108.48999786376953
2021-11-23,105.95999908447266
2021-11-24,107.7699966430664
2021-11-26,107.12000274658203
2021-11-29,106.91999816894531
2021-11-30,105.69000244140625
2021-12-01,98.5999984741211
2021-12-02,99.0199966430664
2021-12-03,93.52999877929688
2021-12-06,94.94999694824219
2021-12-07,100.11000061035156
2021-12-08,103.22000122070312
2021-12-09,97.7300033569336
2021-12-10,96.16999816894531
2021-12-13,94.5
2021-12-14,93.41999816894531
2021-12-15,95.43000030517578
2021-12-16,91.87000274658203
2021-12-17,97.19999694824219
2021-12-20,94.7300033569336
2021-12-21,98.37000274658203
2021-12-22,98.26000213623047
2021-12-23,99.06999969482422
2021-12-27,97.41000366210938
2021-12-28,95.62999725341797
2021-12-29,93.83000183105469
2021-12-30,96.69999694824219
2021-12-31,94.58999633789062
2022-01-03,96.98999786376953
2022-01-04,92.69000244140625
2022-01-05,86.12000274658203
2022-01-06,85.58000183105469
2022-01-07,84.41999816894531
2022-01-10,84.63999938964844
2022-01-11,86.9800033569336
2022-01-12,84.55999755859375
2022-01-13,79.9800033569336
2022-01-14,80.23999786376953
2022-01-18,76.91000366210938
2022-01-19,75.75
2022-01-20,75.87000274658203
2022-01-21,71.5199966430664
2022-01-24,73.54000091552734
2022-01-25,70.80000305175781
2022-01-26,69.02999877929688
2022-01-27,66.33000183105469
2022-01-28,68.91000366210938
2022-01-31,75.43000030517578
2022-02-01,77.08000183105469
2022-02-02,73.13999938964844
2022-02-03,69.04000091552734
2022-02-04,72.75
2022-02-07,72.4800033569336
2022-02-08,72.38999938964844
2022-02-09,76.11000061035156
2022-02-10,73.76000213623047
2022-02-11,71.9000015258789
2022-02-14,71.38999938964844
2022-02-15,75.27999877929688
2022-02-16,72.87000274658203
2022-02-17,68.18000030517578
2022-02-18,64.80000305175781
2022-02-22,63.38999938964844
2022-02-23,60.880001068115234
2022-02-24,65.62000274658203
2022-02-25,67.81999969482422
2022-02-28,70.47000122070312
2022-03-01,68.30999755859375
2022-03-02,67.55999755859375
2022-03-03,63.2599983215332
2022-03-04,60.22999954223633
2022-03-07,58.04999923706055
2022-03-08,58.619998931884766
2022-03-09,61.709999084472656
2022-03-10,59.540000915527344
2022-03-11,55.58000183105469
2022-03-14,52.290000915527344
2022-03-15,54.38999938964844
2022-03-16,60.040000915527344
2022-03-17,62.93000030517578
2022-03-18,65.7699966430664
2022-03-21,63.97999954223633
2022-03-22,66.97000122070312
2022-03-23,65.66999816894531
2022-03-24,66.4000015258789
2022-03-25,64.51000213623047
2022-03-28,67.05999755859375
2022-03-29,71.38999938964844
2022-03-30,68.68000030517578
2022-03-31,66.29000091552734
2022-04-01,67.54000091552734
2022-04-04,70.5
2022-04-05,66.4800033569336
2022-04-06,63.400001525878906
2022-04-07,62.65999984741211
2022-04-08,60.650001525878906
2022-04-11,59.84000015258789
2022-04-12,59.84000015258789
2022-04-13,61.72999954223633
2022-04-14,58.9900016784668
2022-04-18,57.349998474121094
2022-04-19,59.66999816894531
2022-04-20,56.130001068115234
2022-04-21,53.34000015258789
2022-04-22,52.459999084472656
2022-04-25,54.349998474121094
2022-04-26,50.68000030517578
2022-04-27,49.560001373291016
2022-04-28,48.869998931884766
2022-04-29,47.130001068115234
2022-05-02,50.130001068115234
2022-05-03,49.869998931884766
2022-05-04,52.43000030517578
2022-05-05,47.75
2022-05-06,45.630001068115234
2022-05-09,41.130001068115234
2022-05-10,41.08000183105469
2022-05-11,36.93000030517578
2022-05-12,38.9900016784668
2022-05-13,43.599998474121094
2022-05-16,41.02000045776367
2022-05-17,43.08000183105469
2022-05-18,41.16999816894531
2022-05-19,43.029998779296875
2022-05-20,42.40999984741211
2022-05-23,42.13999938964844
2022-05-24,39.209999084472656
2022-05-25,41.029998779296875
2022-05-26,42.630001068115234
2022-05-27,45.40999984741211
2022-05-31,44.09000015258789
2022-06-01,42.5
2022-06-02,45.630001068115234
2022-06-03,43.15999984741211
2022-06-06,43.4900016784668
2022-06-07,44.779998779296875
2022-06-08,45.9900016784668
2022-06-09,43.20000076293945
2022-06-10,40.11000061035156
2022-06-13,36.58000183105469
2022-06-14,36.9900016784668
2022-06-15,39.41999816894531
2022-06-16,36.97999954223633
2022-06-17,38.79999923706055
2022-06-21,40.5
2022-06-22,41.11000061035156
2022-06-23,44.029998779296875
2022-06-24,45.83000183105469
2022-06-27,44.79999923706055
2022-06-28,42.16999816894531
2022-06-29,41.5099983215332
2022-06-30,39.880001068115234
2022-07-01,41.220001220703125
2022-07-05,44.970001220703125
2022-07-06,43.959999084472656
2022-07-07,46.83000183105469
2022-07-08,46.86000061035156
2022-07-11,43.619998931884766
2022-07-12,44.31999969482422
2022-07-13,44.0099983215332
2022-07-14,43.099998474121094
2022-07-15,44.11000061035156
