Date,SEDG
2015-03-26,20.700000762939453
2015-03-27,21.06999969482422
2015-03-30,22.06999969482422
2015-03-31,21.93000030517578
2015-04-01,22.239999771118164
2015-04-02,23.06999969482422
2015-04-06,22.479999542236328
2015-04-07,23.209999084472656
2015-04-08,23.719999313354492
2015-04-09,24.280000686645508
2015-04-10,24.1299991607666
2015-04-13,24.329999923706055
2015-04-14,24.510000228881836
2015-04-15,24.229999542236328
2015-04-16,25.450000762939453
2015-04-17,24.75
2015-04-20,24.614999771118164
2015-04-21,23.68000030517578
2015-04-22,23.809999465942383
2015-04-23,24.790000915527344
2015-04-24,24.889999389648438
2015-04-27,25.440000534057617
2015-04-28,26.600000381469727
2015-04-29,25.739999771118164
2015-04-30,25.0
2015-05-01,26.770000457763672
2015-05-04,28.610000610351562
2015-05-05,27.530000686645508
2015-05-06,26.079999923706055
2015-05-07,26.389999389648438
2015-05-08,31.100000381469727
2015-05-11,33.959999084472656
2015-05-12,34.13999938964844
2015-05-13,32.220001220703125
2015-05-14,34.209999084472656
2015-05-15,37.349998474121094
2015-05-18,37.22999954223633
2015-05-19,35.689998626708984
2015-05-20,35.849998474121094
2015-05-21,35.41999816894531
2015-05-22,34.220001220703125
2015-05-26,35.97999954223633
2015-05-27,36.689998626708984
2015-05-28,37.91999816894531
2015-05-29,37.439998626708984
2015-06-01,40.0
2015-06-02,37.45000076293945
2015-06-03,38.5099983215332
2015-06-04,40.810001373291016
2015-06-05,39.380001068115234
2015-06-08,38.66999816894531
2015-06-09,38.79999923706055
2015-06-10,38.349998474121094
2015-06-11,38.599998474121094
2015-06-12,37.099998474121094
2015-06-15,37.529998779296875
2015-06-16,38.90999984741211
2015-06-17,39.5099983215332
2015-06-18,39.20000076293945
2015-06-19,42.20000076293945
2015-06-22,39.5099983215332
2015-06-23,39.43000030517578
2015-06-24,39.560001373291016
2015-06-25,39.02000045776367
2015-06-26,38.18000030517578
2015-06-29,35.66999816894531
2015-06-30,36.349998474121094
2015-07-01,36.68000030517578
2015-07-02,36.09000015258789
2015-07-06,32.790000915527344
2015-07-07,30.719999313354492
2015-07-08,27.479999542236328
2015-07-09,27.90999984741211
2015-07-10,31.889999389648438
2015-07-13,33.439998626708984
2015-07-14,32.5
2015-07-15,32.08000183105469
2015-07-16,31.899999618530273
2015-07-17,31.350000381469727
2015-07-20,32.04999923706055
2015-07-21,30.18000030517578
2015-07-22,29.270000457763672
2015-07-23,29.110000610351562
2015-07-24,29.440000534057617
2015-07-27,27.989999771118164
2015-07-28,30.139999389648438
2015-07-29,30.799999237060547
2015-07-30,31.329999923706055
2015-07-31,30.8700008392334
2015-08-03,31.299999237060547
2015-08-04,29.719999313354492
2015-08-05,30.75
2015-08-06,27.399999618530273
2015-08-07,28.59000015258789
2015-08-10,27.829999923706055
2015-08-11,28.0
2015-08-12,30.299999237060547
2015-08-13,27.260000228881836
2015-08-14,27.280000686645508
2015-08-17,27.8799991607666
2015-08-18,26.8799991607666
2015-08-19,25.09000015258789
2015-08-20,24.600000381469727
2015-08-21,22.440000534057617
2015-08-24,23.200000762939453
2015-08-25,24.0
2015-08-26,23.889999389648438
2015-08-27,25.520000457763672
2015-08-28,25.40999984741211
2015-08-31,25.1200008392334
2015-09-01,24.860000610351562
2015-09-02,25.40999984741211
2015-09-03,27.1200008392334
2015-09-04,26.540000915527344
2015-09-08,27.049999237060547
2015-09-09,26.84000015258789
2015-09-10,27.950000762939453
2015-09-11,28.790000915527344
2015-09-14,27.559999465942383
2015-09-15,28.420000076293945
2015-09-16,27.8700008392334
2015-09-17,27.09000015258789
2015-09-18,27.600000381469727
2015-09-21,25.899999618530273
2015-09-22,25.190000534057617
2015-09-23,24.299999237060547
2015-09-24,23.889999389648438
2015-09-25,24.540000915527344
2015-09-28,21.56999969482422
2015-09-29,22.579999923706055
2015-09-30,22.920000076293945
2015-10-01,21.760000228881836
2015-10-02,22.700000762939453
2015-10-05,24.510000228881836
2015-10-06,24.3700008392334
2015-10-07,24.649999618530273
2015-10-08,25.110000610351562
2015-10-09,24.219999313354492
2015-10-12,23.799999237060547
2015-10-13,22.56999969482422
2015-10-14,22.1299991607666
2015-10-15,23.690000534057617
2015-10-16,22.450000762939453
2015-10-19,22.920000076293945
2015-10-20,22.450000762939453
2015-10-21,21.360000610351562
2015-10-22,21.579999923706055
2015-10-23,20.920000076293945
2015-10-26,21.6299991607666
2015-10-27,19.844999313354492
2015-10-28,20.530000686645508
2015-10-29,20.399999618530273
2015-10-30,18.489999771118164
2015-11-02,18.09000015258789
2015-11-03,18.829999923706055
2015-11-04,17.18000030517578
2015-11-05,22.010000228881836
2015-11-06,20.520000457763672
2015-11-09,18.540000915527344
2015-11-10,17.5
2015-11-11,15.460000038146973
2015-11-12,16.1200008392334
2015-11-13,17.010000228881836
2015-11-16,17.059999465942383
2015-11-17,16.1200008392334
2015-11-18,16.90999984741211
2015-11-19,18.389999389648438
2015-11-20,18.270000457763672
2015-11-23,18.709999084472656
2015-11-24,18.68000030517578
2015-11-25,18.940000534057617
2015-11-27,19.079999923706055
2015-11-30,19.6299991607666
2015-12-01,19.739999771118164
2015-12-02,19.979999542236328
2015-12-03,18.799999237060547
2015-12-04,18.8799991607666
2015-12-07,18.790000915527344
2015-12-08,18.6299991607666
2015-12-09,19.200000762939453
2015-12-10,19.559999465942383
2015-12-11,19.899999618530273
2015-12-14,20.969999313354492
2015-12-15,21.989999771118164
2015-12-16,25.75
2015-12-17,26.079999923706055
2015-12-18,26.950000762939453
2015-12-21,27.850000381469727
2015-12-22,27.68000030517578
2015-12-23,27.920000076293945
2015-12-24,27.950000762939453
2015-12-28,27.600000381469727
2015-12-29,27.530000686645508
2015-12-30,28.6299991607666
2015-12-31,28.170000076293945
2016-01-04,28.0
2016-01-05,29.489999771118164
2016-01-06,29.1299991607666
2016-01-07,27.65999984741211
2016-01-08,26.709999084472656
2016-01-11,26.1200008392334
2016-01-12,25.139999389648438
2016-01-13,24.25
2016-01-14,24.760000228881836
2016-01-15,24.959999084472656
2016-01-19,24.0
2016-01-20,24.190000534057617
2016-01-21,25.0
2016-01-22,25.719999313354492
2016-01-25,25.190000534057617
2016-01-26,27.059999465942383
2016-01-27,27.299999237060547
2016-01-28,27.850000381469727
2016-01-29,28.270000457763672
2016-02-01,28.56999969482422
2016-02-02,26.709999084472656
2016-02-03,27.440000534057617
2016-02-04,29.540000915527344
2016-02-05,28.600000381469727
2016-02-08,27.1200008392334
2016-02-09,25.75
2016-02-10,23.469999313354492
2016-02-11,23.600000381469727
2016-02-12,26.020000457763672
2016-02-16,26.579999923706055
2016-02-17,26.59000015258789
2016-02-18,25.84000015258789
2016-02-19,25.3799991607666
2016-02-22,24.09000015258789
2016-02-23,24.149999618530273
2016-02-24,24.899999618530273
2016-02-25,25.190000534057617
2016-02-26,24.700000762939453
2016-02-29,24.469999313354492
2016-03-01,26.020000457763672
2016-03-02,28.030000686645508
2016-03-03,27.65999984741211
2016-03-04,26.530000686645508
2016-03-07,27.110000610351562
2016-03-08,26.920000076293945
2016-03-09,26.739999771118164
2016-03-10,26.729999542236328
2016-03-11,27.75
2016-03-14,26.899999618530273
2016-03-15,26.360000610351562
2016-03-16,26.1299991607666
2016-03-17,27.200000762939453
2016-03-18,26.200000762939453
2016-03-21,26.209999084472656
2016-03-22,25.030000686645508
2016-03-23,24.09000015258789
2016-03-24,24.239999771118164
2016-03-28,24.290000915527344
2016-03-29,25.18000030517578
2016-03-30,25.170000076293945
2016-03-31,25.139999389648438
2016-04-01,24.65999984741211
2016-04-04,25.170000076293945
2016-04-05,24.739999771118164
2016-04-06,25.360000610351562
2016-04-07,25.139999389648438
2016-04-08,25.049999237060547
2016-04-11,24.690000534057617
2016-04-12,24.489999771118164
2016-04-13,25.200000762939453
2016-04-14,25.1299991607666
2016-04-15,24.940000534057617
2016-04-18,26.25
2016-04-19,26.809999465942383
2016-04-20,27.420000076293945
2016-04-21,27.860000610351562
2016-04-22,27.959999084472656
2016-04-25,27.309999465942383
2016-04-26,27.700000762939453
2016-04-27,28.479999542236328
2016-04-28,26.670000076293945
2016-04-29,26.790000915527344
2016-05-02,26.790000915527344
2016-05-03,25.399999618530273
2016-05-04,24.3799991607666
2016-05-05,22.06999969482422
2016-05-06,22.290000915527344
2016-05-09,22.59000015258789
2016-05-10,19.170000076293945
2016-05-11,19.100000381469727
2016-05-12,17.8799991607666
2016-05-13,17.510000228881836
2016-05-16,18.229999542236328
2016-05-17,18.469999313354492
2016-05-18,19.81999969482422
2016-05-19,19.15999984741211
2016-05-20,19.40999984741211
2016-05-23,20.170000076293945
2016-05-24,20.809999465942383
2016-05-25,21.15999984741211
2016-05-26,21.420000076293945
2016-05-27,21.600000381469727
2016-05-31,21.850000381469727
2016-06-01,20.959999084472656
2016-06-02,21.290000915527344
2016-06-03,21.030000686645508
2016-06-06,21.520000457763672
2016-06-07,21.989999771118164
2016-06-08,22.540000915527344
2016-06-09,22.549999237060547
2016-06-10,20.959999084472656
2016-06-13,20.860000610351562
2016-06-14,21.049999237060547
2016-06-15,21.139999389648438
2016-06-16,20.799999237060547
2016-06-17,20.530000686645508
2016-06-20,20.719999313354492
2016-06-21,20.350000381469727
2016-06-22,20.459999084472656
2016-06-23,20.030000686645508
2016-06-24,19.049999237060547
2016-06-27,18.18000030517578
2016-06-28,19.40999984741211
2016-06-29,19.799999237060547
2016-06-30,19.600000381469727
2016-07-01,19.510000228881836
2016-07-05,18.719999313354492
2016-07-06,19.079999923706055
2016-07-07,19.420000076293945
2016-07-08,19.68000030517578
2016-07-11,19.81999969482422
2016-07-12,19.850000381469727
2016-07-13,19.690000534057617
2016-07-14,19.799999237060547
2016-07-15,19.75
2016-07-18,19.719999313354492
2016-07-19,18.649999618530273
2016-07-20,19.15999984741211
2016-07-21,18.889999389648438
2016-07-22,18.780000686645508
2016-07-25,18.559999465942383
2016-07-26,18.860000610351562
2016-07-27,19.040000915527344
2016-07-28,17.989999771118164
2016-07-29,17.899999618530273
2016-08-01,17.190000534057617
2016-08-02,16.790000915527344
2016-08-03,17.209999084472656
2016-08-04,16.479999542236328
2016-08-05,17.260000228881836
2016-08-08,17.75
2016-08-09,18.6200008392334
2016-08-10,16.81999969482422
2016-08-11,18.010000228881836
2016-08-12,18.299999237060547
2016-08-15,18.459999084472656
2016-08-16,18.260000228881836
2016-08-17,17.760000228881836
2016-08-18,17.969999313354492
2016-08-19,17.709999084472656
2016-08-22,17.139999389648438
2016-08-23,17.329999923706055
2016-08-24,17.200000762939453
2016-08-25,17.170000076293945
2016-08-26,17.149999618530273
2016-08-29,17.280000686645508
2016-08-30,17.600000381469727
2016-08-31,17.020000457763672
2016-09-01,16.829999923706055
2016-09-02,17.31999969482422
2016-09-06,17.450000762939453
2016-09-07,17.34000015258789
2016-09-08,17.299999237060547
2016-09-09,16.8799991607666
2016-09-12,17.31999969482422
2016-09-13,16.889999389648438
2016-09-14,15.609999656677246
2016-09-15,15.170000076293945
2016-09-16,14.59000015258789
2016-09-19,15.34000015258789
2016-09-20,15.0
2016-09-21,15.050000190734863
2016-09-22,15.59000015258789
2016-09-23,16.34000015258789
2016-09-26,15.9399995803833
2016-09-27,16.25
2016-09-28,16.5
2016-09-29,17.0
2016-09-30,17.229999542236328
2016-10-03,17.190000534057617
2016-10-04,16.739999771118164
2016-10-05,17.18000030517578
2016-10-06,17.219999313354492
2016-10-07,15.649999618530273
2016-10-10,16.040000915527344
2016-10-11,15.800000190734863
2016-10-12,15.539999961853027
2016-10-13,15.300000190734863
2016-10-14,14.800000190734863
2016-10-17,14.140000343322754
2016-10-18,14.199999809265137
2016-10-19,15.09000015258789
2016-10-20,14.779999732971191
2016-10-21,14.729999542236328
2016-10-24,14.199999809265137
2016-10-25,13.899999618530273
2016-10-26,13.630000114440918
2016-10-27,13.350000381469727
2016-10-28,13.295000076293945
2016-10-31,13.699999809265137
2016-11-01,13.399999618530273
2016-11-02,14.050000190734863
2016-11-03,13.899999618530273
2016-11-04,13.699999809265137
2016-11-07,14.25
2016-11-08,14.800000190734863
2016-11-09,14.0
2016-11-10,13.899999618530273
2016-11-11,13.350000381469727
2016-11-14,13.75
2016-11-15,13.550000190734863
2016-11-16,13.149999618530273
2016-11-17,13.0
2016-11-18,12.949999809265137
2016-11-21,12.649999618530273
2016-11-22,12.75
2016-11-23,13.25
2016-11-25,13.149999618530273
2016-11-28,13.199999809265137
2016-11-29,12.899999618530273
2016-11-30,13.199999809265137
2016-12-01,12.5
2016-12-02,12.600000381469727
2016-12-05,13.350000381469727
2016-12-06,13.75
2016-12-07,14.050000190734863
2016-12-08,13.699999809265137
2016-12-09,13.649999618530273
2016-12-12,13.399999618530273
2016-12-13,13.25
2016-12-14,12.949999809265137
2016-12-15,12.800000190734863
2016-12-16,13.399999618530273
2016-12-19,13.899999618530273
2016-12-20,13.5
2016-12-21,12.649999618530273
2016-12-22,12.649999618530273
2016-12-23,12.649999618530273
2016-12-27,13.300000190734863
2016-12-28,12.699999809265137
2016-12-29,12.25
2016-12-30,12.399999618530273
2017-01-03,13.199999809265137
2017-01-04,14.399999618530273
2017-01-05,13.800000190734863
2017-01-06,13.75
2017-01-09,13.5
2017-01-10,13.550000190734863
2017-01-11,13.5
2017-01-12,13.5
2017-01-13,13.5
2017-01-17,13.949999809265137
2017-01-18,13.300000190734863
2017-01-19,13.199999809265137
2017-01-20,13.449999809265137
2017-01-23,13.300000190734863
2017-01-24,12.949999809265137
2017-01-25,13.550000190734863
2017-01-26,13.199999809265137
2017-01-27,13.199999809265137
2017-01-30,13.100000381469727
2017-01-31,12.949999809265137
2017-02-01,12.649999618530273
2017-02-02,12.5
2017-02-03,12.649999618530273
2017-02-06,12.300000190734863
2017-02-07,12.449999809265137
2017-02-08,13.0
2017-02-09,13.050000190734863
2017-02-10,13.5
2017-02-13,13.449999809265137
2017-02-14,14.449999809265137
2017-02-15,15.050000190734863
2017-02-16,14.649999618530273
2017-02-17,14.850000381469727
2017-02-21,15.399999618530273
2017-02-22,14.600000381469727
2017-02-23,14.949999809265137
2017-02-24,14.850000381469727
2017-02-27,15.0
2017-02-28,14.649999618530273
2017-03-01,14.149999618530273
2017-03-02,14.449999809265137
2017-03-03,14.449999809265137
2017-03-06,14.449999809265137
2017-03-07,14.149999618530273
2017-03-08,14.100000381469727
2017-03-09,13.850000381469727
2017-03-10,13.949999809265137
2017-03-13,14.0
2017-03-14,13.699999809265137
2017-03-15,14.050000190734863
2017-03-16,14.449999809265137
2017-03-17,14.0
2017-03-20,14.300000190734863
2017-03-21,13.800000190734863
2017-03-22,13.899999618530273
2017-03-23,13.800000190734863
2017-03-24,13.699999809265137
2017-03-27,15.0
2017-03-28,15.300000190734863
2017-03-29,15.5
2017-03-30,15.5
2017-03-31,15.600000381469727
2017-04-03,15.649999618530273
2017-04-04,15.5
2017-04-05,15.100000381469727
2017-04-06,15.649999618530273
2017-04-07,15.649999618530273
2017-04-10,16.399999618530273
2017-04-11,15.899999618530273
2017-04-12,15.800000190734863
2017-04-13,15.850000381469727
2017-04-17,15.5
2017-04-18,15.350000381469727
2017-04-19,15.449999809265137
2017-04-20,15.850000381469727
2017-04-21,15.850000381469727
2017-04-24,16.5
2017-04-25,16.399999618530273
2017-04-26,16.25
2017-04-27,16.450000762939453
2017-04-28,16.149999618530273
2017-05-01,15.899999618530273
2017-05-02,16.0
2017-05-03,15.75
2017-05-04,15.699999809265137
2017-05-05,15.949999809265137
2017-05-08,16.049999237060547
2017-05-09,15.850000381469727
2017-05-10,17.600000381469727
2017-05-11,17.799999237060547
2017-05-12,17.649999618530273
2017-05-15,18.299999237060547
2017-05-16,18.100000381469727
2017-05-17,17.600000381469727
2017-05-18,17.700000762939453
2017-05-19,17.799999237060547
2017-05-22,18.399999618530273
2017-05-23,18.549999237060547
2017-05-24,18.75
2017-05-25,18.850000381469727
2017-05-26,18.600000381469727
2017-05-30,18.850000381469727
2017-05-31,18.600000381469727
2017-06-01,18.450000762939453
2017-06-02,18.399999618530273
2017-06-05,18.5
2017-06-06,18.450000762939453
2017-06-07,18.299999237060547
2017-06-08,19.299999237060547
2017-06-09,19.049999237060547
2017-06-12,19.049999237060547
2017-06-13,19.399999618530273
2017-06-14,19.799999237060547
2017-06-15,19.299999237060547
2017-06-16,19.450000762939453
2017-06-19,19.75
2017-06-20,19.799999237060547
2017-06-21,19.850000381469727
2017-06-22,20.75
2017-06-23,21.399999618530273
2017-06-26,20.700000762939453
2017-06-27,20.299999237060547
2017-06-28,20.350000381469727
2017-06-29,20.149999618530273
2017-06-30,20.0
2017-07-03,20.100000381469727
2017-07-05,19.25
2017-07-06,19.549999237060547
2017-07-07,20.899999618530273
2017-07-10,21.350000381469727
2017-07-11,21.600000381469727
2017-07-12,21.799999237060547
2017-07-13,21.799999237060547
2017-07-14,21.850000381469727
2017-07-17,21.850000381469727
2017-07-18,22.100000381469727
2017-07-19,22.049999237060547
2017-07-20,22.299999237060547
2017-07-21,22.25
2017-07-24,22.399999618530273
2017-07-25,22.700000762939453
2017-07-26,22.549999237060547
2017-07-27,22.600000381469727
2017-07-28,22.799999237060547
2017-07-31,22.950000762939453
2017-08-01,23.299999237060547
2017-08-02,22.850000381469727
2017-08-03,27.600000381469727
2017-08-04,28.350000381469727
2017-08-07,28.350000381469727
2017-08-08,28.049999237060547
2017-08-09,27.600000381469727
2017-08-10,26.950000762939453
2017-08-11,27.149999618530273
2017-08-14,27.850000381469727
2017-08-15,27.850000381469727
2017-08-16,27.450000762939453
2017-08-17,26.649999618530273
2017-08-18,26.700000762939453
2017-08-21,26.049999237060547
2017-08-22,26.299999237060547
2017-08-23,26.5
2017-08-24,26.75
2017-08-25,26.799999237060547
2017-08-28,26.75
2017-08-29,26.75
2017-08-30,26.600000381469727
2017-08-31,26.75
2017-09-01,27.0
2017-09-05,26.450000762939453
2017-09-06,26.149999618530273
2017-09-07,26.25
2017-09-08,25.700000762939453
2017-09-11,24.850000381469727
2017-09-12,26.399999618530273
2017-09-13,26.850000381469727
2017-09-14,26.950000762939453
2017-09-15,26.899999618530273
2017-09-18,26.799999237060547
2017-09-19,26.950000762939453
2017-09-20,26.700000762939453
2017-09-21,26.200000762939453
2017-09-22,26.799999237060547
2017-09-25,26.799999237060547
2017-09-26,27.0
2017-09-27,29.25
2017-09-28,28.799999237060547
2017-09-29,28.549999237060547
2017-10-02,28.75
2017-10-03,29.299999237060547
2017-10-04,29.25
2017-10-05,28.75
2017-10-06,28.75
2017-10-09,28.899999618530273
2017-10-10,29.149999618530273
2017-10-11,29.0
2017-10-12,28.850000381469727
2017-10-13,29.549999237060547
2017-10-16,30.450000762939453
2017-10-17,30.700000762939453
2017-10-18,30.850000381469727
2017-10-19,30.399999618530273
2017-10-20,30.399999618530273
2017-10-23,30.899999618530273
2017-10-24,31.25
2017-10-25,30.600000381469727
2017-10-26,30.899999618530273
2017-10-27,32.150001525878906
2017-10-30,32.54999923706055
2017-10-31,32.849998474121094
2017-11-01,32.849998474121094
2017-11-02,32.400001525878906
2017-11-03,33.79999923706055
2017-11-06,33.650001525878906
2017-11-07,32.45000076293945
2017-11-08,32.5
2017-11-09,38.79999923706055
2017-11-10,38.150001525878906
2017-11-13,37.5
2017-11-14,38.17499923706055
2017-11-15,37.400001525878906
2017-11-16,37.75
2017-11-17,37.54999923706055
2017-11-20,38.900001525878906
2017-11-21,38.45000076293945
2017-11-22,38.599998474121094
2017-11-24,39.70000076293945
2017-11-27,38.599998474121094
2017-11-28,39.099998474121094
2017-11-29,36.45000076293945
2017-11-30,36.400001525878906
2017-12-01,34.79999923706055
2017-12-04,33.54999923706055
2017-12-05,34.54999923706055
2017-12-06,34.54999923706055
2017-12-07,36.150001525878906
2017-12-08,36.04999923706055
2017-12-11,36.45000076293945
2017-12-12,36.099998474121094
2017-12-13,36.54999923706055
2017-12-14,37.70000076293945
2017-12-15,38.150001525878906
2017-12-18,38.70000076293945
2017-12-19,38.25
2017-12-20,38.20000076293945
2017-12-21,37.45000076293945
2017-12-22,37.54999923706055
2017-12-26,37.650001525878906
2017-12-27,37.95000076293945
2017-12-28,37.95000076293945
2017-12-29,37.54999923706055
2018-01-02,38.04999923706055
2018-01-03,39.04999923706055
2018-01-04,37.349998474121094
2018-01-05,37.900001525878906
2018-01-08,38.349998474121094
2018-01-09,37.20000076293945
2018-01-10,36.599998474121094
2018-01-11,37.5
2018-01-12,36.29999923706055
2018-01-16,35.650001525878906
2018-01-17,36.5
2018-01-18,35.70000076293945
2018-01-19,35.20000076293945
2018-01-22,34.75
2018-01-23,35.650001525878906
2018-01-24,35.29999923706055
2018-01-25,36.400001525878906
2018-01-26,36.75
2018-01-29,37.099998474121094
2018-01-30,35.650001525878906
2018-01-31,35.900001525878906
2018-02-01,35.400001525878906
2018-02-02,34.57500076293945
2018-02-05,34.79999923706055
2018-02-06,34.5
2018-02-07,33.67499923706055
2018-02-08,32.25
2018-02-09,32.20000076293945
2018-02-12,34.5
2018-02-13,36.0
2018-02-14,36.900001525878906
2018-02-15,45.849998474121094
2018-02-16,46.0
2018-02-20,47.45000076293945
2018-02-21,47.79999923706055
2018-02-22,48.349998474121094
2018-02-23,50.0
2018-02-26,50.900001525878906
2018-02-27,50.150001525878906
2018-02-28,50.04999923706055
2018-03-01,49.79999923706055
2018-03-02,50.900001525878906
2018-03-05,50.599998474121094
2018-03-06,52.5
2018-03-07,51.650001525878906
2018-03-08,52.07500076293945
2018-03-09,52.45000076293945
2018-03-12,54.0
2018-03-13,54.04999923706055
2018-03-14,54.70000076293945
2018-03-15,54.75
2018-03-16,54.45000076293945
2018-03-19,55.099998474121094
2018-03-20,56.75
2018-03-21,56.20000076293945
2018-03-22,54.70000076293945
2018-03-23,54.0
2018-03-26,56.45000076293945
2018-03-27,55.20000076293945
2018-03-28,51.0
2018-03-29,52.599998474121094
2018-04-02,54.099998474121094
2018-04-03,55.79999923706055
2018-04-04,54.599998474121094
2018-04-05,57.20000076293945
2018-04-06,54.224998474121094
2018-04-09,56.54999923706055
2018-04-10,54.79999923706055
2018-04-11,55.0
2018-04-12,55.150001525878906
2018-04-13,54.150001525878906
2018-04-16,53.099998474121094
2018-04-17,54.25
2018-04-18,56.0
2018-04-19,55.04999923706055
2018-04-20,55.20000076293945
2018-04-23,53.150001525878906
2018-04-24,52.70000076293945
2018-04-25,52.349998474121094
2018-04-26,53.0
2018-04-27,53.099998474121094
2018-04-30,52.650001525878906
2018-05-01,52.54999923706055
2018-05-02,53.0
2018-05-03,52.849998474121094
2018-05-04,54.599998474121094
2018-05-07,56.95000076293945
2018-05-08,56.150001525878906
2018-05-09,55.650001525878906
2018-05-10,64.8499984741211
2018-05-11,64.30000305175781
2018-05-14,68.55000305175781
2018-05-15,67.6500015258789
2018-05-16,67.55000305175781
2018-05-17,66.5999984741211
2018-05-18,66.44999694824219
2018-05-21,67.25
2018-05-22,66.3499984741211
2018-05-23,61.650001525878906
2018-05-24,56.45000076293945
2018-05-25,58.95000076293945
2018-05-29,60.20000076293945
2018-05-30,58.650001525878906
2018-05-31,55.849998474121094
2018-06-01,54.70000076293945
2018-06-04,56.0
2018-06-05,53.25
2018-06-06,53.5
2018-06-07,53.45000076293945
2018-06-08,53.900001525878906
2018-06-11,52.900001525878906
2018-06-12,51.650001525878906
2018-06-13,51.54999923706055
2018-06-14,51.20000076293945
2018-06-15,47.45000076293945
2018-06-18,47.70000076293945
2018-06-19,49.25
2018-06-20,50.95000076293945
2018-06-21,50.25
2018-06-22,50.04999923706055
2018-06-25,49.20000076293945
2018-06-26,48.099998474121094
2018-06-27,46.45000076293945
2018-06-28,49.5
2018-06-29,47.849998474121094
2018-07-02,50.79999923706055
2018-07-03,49.95000076293945
2018-07-05,51.20000076293945
2018-07-06,53.650001525878906
2018-07-09,54.29999923706055
2018-07-10,53.0
2018-07-11,51.900001525878906
2018-07-12,52.900001525878906
2018-07-13,54.400001525878906
2018-07-16,54.400001525878906
2018-07-17,54.900001525878906
2018-07-18,54.29999923706055
2018-07-19,54.29999923706055
2018-07-20,53.650001525878906
2018-07-23,54.0
2018-07-24,53.54999923706055
2018-07-25,57.849998474121094
2018-07-26,54.95000076293945
2018-07-27,53.95000076293945
2018-07-30,53.0
2018-07-31,53.25
2018-08-01,56.25
2018-08-02,56.29999923706055
2018-08-03,48.45000076293945
2018-08-06,49.650001525878906
2018-08-07,46.95000076293945
2018-08-08,48.150001525878906
2018-08-09,46.849998474121094
2018-08-10,46.25
2018-08-13,45.849998474121094
2018-08-14,45.75
2018-08-15,44.900001525878906
2018-08-16,45.900001525878906
2018-08-17,45.650001525878906
2018-08-20,47.0
2018-08-21,47.349998474121094
2018-08-22,47.150001525878906
2018-08-23,47.099998474121094
2018-08-24,47.775001525878906
2018-08-27,47.20000076293945
2018-08-28,47.849998474121094
2018-08-29,48.099998474121094
2018-08-30,47.900001525878906
2018-08-31,47.95000076293945
2018-09-04,47.900001525878906
2018-09-05,47.29999923706055
2018-09-06,45.54999923706055
2018-09-07,42.70000076293945
2018-09-10,42.25
2018-09-11,43.04999923706055
2018-09-12,43.29999923706055
2018-09-13,43.75
2018-09-14,42.150001525878906
2018-09-17,42.099998474121094
2018-09-18,42.04999923706055
2018-09-19,40.75
2018-09-20,42.75
2018-09-21,42.599998474121094
2018-09-24,42.400001525878906
2018-09-25,40.79999923706055
2018-09-26,39.95000076293945
2018-09-27,38.0
2018-09-28,37.650001525878906
2018-10-01,37.900001525878906
2018-10-02,40.29999923706055
2018-10-03,39.68000030517578
2018-10-04,39.04999923706055
2018-10-05,37.97999954223633
2018-10-08,39.529998779296875
2018-10-09,38.79999923706055
2018-10-10,37.77000045776367
2018-10-11,37.029998779296875
2018-10-12,39.38999938964844
2018-10-15,40.52000045776367
2018-10-16,42.2599983215332
2018-10-17,41.790000915527344
2018-10-18,40.13999938964844
2018-10-19,40.27000045776367
2018-10-22,40.5099983215332
2018-10-23,39.84000015258789
2018-10-24,36.709999084472656
2018-10-25,36.630001068115234
2018-10-26,36.66999816894531
2018-10-29,37.2400016784668
2018-10-30,38.0099983215332
2018-10-31,38.72999954223633
2018-11-01,41.029998779296875
2018-11-02,37.75
2018-11-05,39.095001220703125
2018-11-06,37.619998931884766
2018-11-07,38.75
2018-11-08,37.7599983215332
2018-11-09,37.43000030517578
2018-11-12,35.189998626708984
2018-11-13,36.279998779296875
2018-11-14,37.43000030517578
2018-11-15,38.2400016784668
2018-11-16,38.599998474121094
2018-11-19,38.5099983215332
2018-11-20,37.290000915527344
2018-11-21,38.08000183105469
2018-11-23,39.97999954223633
2018-11-26,40.02000045776367
2018-11-27,39.59000015258789
2018-11-28,42.61000061035156
2018-11-29,41.880001068115234
2018-11-30,38.93000030517578
2018-12-03,39.900001525878906
2018-12-04,38.540000915527344
2018-12-06,40.380001068115234
2018-12-07,38.029998779296875
2018-12-10,38.72999954223633
2018-12-11,38.95000076293945
2018-12-12,38.7599983215332
2018-12-13,38.529998779296875
2018-12-14,38.33000183105469
2018-12-17,37.40999984741211
2018-12-18,36.7400016784668
2018-12-19,36.130001068115234
2018-12-20,35.15999984741211
2018-12-21,34.459999084472656
2018-12-24,33.40999984741211
2018-12-26,35.290000915527344
2018-12-27,34.97999954223633
2018-12-28,34.869998931884766
2018-12-31,35.099998474121094
2019-01-02,36.150001525878906
2019-01-03,35.5
2019-01-04,37.25
2019-01-07,35.0099983215332
2019-01-08,35.0
2019-01-09,35.459999084472656
2019-01-10,35.9900016784668
2019-01-11,36.400001525878906
2019-01-14,36.5
2019-01-15,36.689998626708984
2019-01-16,37.349998474121094
2019-01-17,37.56999969482422
2019-01-18,37.18000030517578
2019-01-22,36.959999084472656
2019-01-23,38.029998779296875
2019-01-24,40.2400016784668
2019-01-25,40.849998474121094
2019-01-28,42.150001525878906
2019-01-29,42.0
2019-01-30,42.25
2019-01-31,43.790000915527344
2019-02-01,43.06999969482422
2019-02-04,44.11000061035156
2019-02-05,44.470001220703125
2019-02-06,43.959999084472656
2019-02-07,42.93000030517578
2019-02-08,43.47999954223633
2019-02-11,44.040000915527344
2019-02-12,42.84000015258789
2019-02-13,44.22999954223633
2019-02-14,44.560001373291016
2019-02-15,43.29999923706055
2019-02-19,43.31999969482422
2019-02-20,41.5
2019-02-21,42.11000061035156
2019-02-22,41.70000076293945
2019-02-25,40.36000061035156
2019-02-26,40.880001068115234
2019-02-27,42.34000015258789
2019-02-28,42.2599983215332
2019-03-01,41.34000015258789
2019-03-04,41.54999923706055
2019-03-05,41.29999923706055
2019-03-06,40.380001068115234
2019-03-07,39.36000061035156
2019-03-08,39.279998779296875
2019-03-11,39.88999938964844
2019-03-12,39.310001373291016
2019-03-13,39.900001525878906
2019-03-14,39.72999954223633
2019-03-15,39.93000030517578
2019-03-18,39.689998626708984
2019-03-19,39.47999954223633
2019-03-20,39.2400016784668
2019-03-21,38.84000015258789
2019-03-22,37.119998931884766
2019-03-25,37.33000183105469
2019-03-26,36.68000030517578
2019-03-27,36.790000915527344
2019-03-28,37.7599983215332
2019-03-29,37.68000030517578
2019-04-01,37.849998474121094
2019-04-02,38.20000076293945
2019-04-03,38.65999984741211
2019-04-04,40.11000061035156
2019-04-05,40.720001220703125
2019-04-08,41.439998626708984
2019-04-09,40.650001525878906
2019-04-10,41.27000045776367
2019-04-11,40.619998931884766
2019-04-12,40.9900016784668
2019-04-15,41.43000030517578
2019-04-16,42.540000915527344
2019-04-17,43.08000183105469
2019-04-18,43.040000915527344
2019-04-22,43.20000076293945
2019-04-23,44.310001373291016
2019-04-24,44.790000915527344
2019-04-25,45.91999816894531
2019-04-26,45.970001220703125
2019-04-29,45.189998626708984
2019-04-30,44.29999923706055
2019-05-01,44.13999938964844
2019-05-02,43.7599983215332
2019-05-03,44.560001373291016
2019-05-06,43.880001068115234
2019-05-07,53.84000015258789
2019-05-08,51.849998474121094
2019-05-09,51.4900016784668
2019-05-10,53.0099983215332
2019-05-13,50.0
2019-05-14,50.939998626708984
2019-05-15,52.380001068115234
2019-05-16,55.29999923706055
2019-05-17,55.59000015258789
2019-05-20,54.70000076293945
2019-05-21,54.79999923706055
2019-05-22,54.959999084472656
2019-05-23,53.470001220703125
2019-05-24,53.61000061035156
2019-05-28,55.380001068115234
2019-05-29,53.790000915527344
2019-05-30,54.630001068115234
2019-05-31,53.58000183105469
2019-06-03,53.2599983215332
2019-06-04,54.650001525878906
2019-06-05,55.15999984741211
2019-06-06,56.0099983215332
2019-06-07,56.31999969482422
2019-06-10,56.83000183105469
2019-06-11,57.0
2019-06-12,54.81999969482422
2019-06-13,57.880001068115234
2019-06-14,56.4900016784668
2019-06-17,56.59000015258789
2019-06-18,58.560001373291016
2019-06-19,59.20000076293945
2019-06-20,59.68000030517578
2019-06-21,59.400001525878906
2019-06-24,60.540000915527344
2019-06-25,59.220001220703125
2019-06-26,59.619998931884766
2019-06-27,61.060001373291016
2019-06-28,62.459999084472656
2019-07-01,62.29999923706055
2019-07-02,62.84000015258789
2019-07-03,62.29999923706055
2019-07-05,63.150001525878906
2019-07-08,62.529998779296875
2019-07-09,62.27000045776367
2019-07-10,62.290000915527344
2019-07-11,60.7599983215332
2019-07-12,62.119998931884766
2019-07-15,61.83000183105469
2019-07-16,61.400001525878906
2019-07-17,62.36000061035156
2019-07-18,62.63999938964844
2019-07-19,63.369998931884766
2019-07-22,63.060001373291016
2019-07-23,62.45000076293945
2019-07-24,62.5
2019-07-25,63.08000183105469
2019-07-26,63.2599983215332
2019-07-29,64.33000183105469
2019-07-30,63.400001525878906
2019-07-31,65.2300033569336
2019-08-01,66.48999786376953
2019-08-02,64.9800033569336
2019-08-05,62.90999984741211
2019-08-06,64.18000030517578
2019-08-07,80.30000305175781
2019-08-08,80.81999969482422
2019-08-09,82.33000183105469
2019-08-12,86.62999725341797
2019-08-13,87.77999877929688
2019-08-14,84.69000244140625
2019-08-15,82.08000183105469
2019-08-16,83.80000305175781
2019-08-19,84.12000274658203
2019-08-20,84.70999908447266
2019-08-21,87.8499984741211
2019-08-22,82.04000091552734
2019-08-23,80.9000015258789
2019-08-26,82.37999725341797
2019-08-27,81.83999633789062
2019-08-28,82.63999938964844
2019-08-29,83.36000061035156
2019-08-30,81.91999816894531
2019-09-03,77.54000091552734
2019-09-04,82.88999938964844
2019-09-05,78.5999984741211
2019-09-06,77.26000213623047
2019-09-09,74.16000366210938
2019-09-10,75.12000274658203
2019-09-11,79.43000030517578
2019-09-12,71.63999938964844
2019-09-13,76.12000274658203
2019-09-16,79.30999755859375
2019-09-17,83.05999755859375
2019-09-18,83.04000091552734
2019-09-19,89.41999816894531
2019-09-20,89.41000366210938
2019-09-23,89.87000274658203
2019-09-24,86.76000213623047
2019-09-25,88.30000305175781
2019-09-26,85.3499984741211
2019-09-27,82.08000183105469
2019-09-30,83.72000122070312
2019-10-01,83.1500015258789
2019-10-02,81.12000274658203
2019-10-03,81.0
2019-10-04,85.5
2019-10-07,85.51000213623047
2019-10-08,87.22000122070312
2019-10-09,85.55000305175781
2019-10-10,88.38999938964844
2019-10-11,88.94999694824219
2019-10-14,89.1050033569336
2019-10-15,84.80000305175781
2019-10-16,83.87999725341797
2019-10-17,83.62000274658203
2019-10-18,85.16999816894531
2019-10-21,87.2699966430664
2019-10-22,86.80999755859375
2019-10-23,91.5
2019-10-24,93.5
2019-10-25,93.19999694824219
2019-10-28,93.31999969482422
2019-10-29,92.08000183105469
2019-10-30,84.81999969482422
2019-10-31,84.95999908447266
2019-11-01,83.19000244140625
2019-11-04,79.5999984741211
2019-11-05,83.2699966430664
2019-11-06,79.91000366210938
2019-11-07,79.9000015258789
2019-11-08,77.94999694824219
2019-11-11,81.06999969482422
2019-11-12,80.75
2019-11-13,77.27999877929688
2019-11-14,78.23999786376953
2019-11-15,78.95999908447266
2019-11-18,76.79000091552734
2019-11-19,79.0199966430664
2019-11-20,78.30999755859375
2019-11-21,76.9800033569336
2019-11-22,76.37000274658203
2019-11-25,80.16000366210938
2019-11-26,78.91000366210938
2019-11-27,82.38999938964844
2019-11-29,81.61000061035156
2019-12-02,81.72000122070312
2019-12-03,88.04000091552734
2019-12-04,86.54000091552734
2019-12-05,82.88999938964844
2019-12-06,83.93000030517578
2019-12-09,82.83999633789062
2019-12-10,81.4800033569336
2019-12-11,83.51000213623047
2019-12-12,87.30000305175781
2019-12-13,90.16999816894531
2019-12-16,92.79000091552734
2019-12-17,91.44000244140625
2019-12-18,91.86000061035156
2019-12-19,93.77999877929688
2019-12-20,95.0
2019-12-23,94.18000030517578
2019-12-24,95.19999694824219
2019-12-26,95.55999755859375
2019-12-27,94.26000213623047
2019-12-30,94.0
2019-12-31,95.08999633789062
2020-01-02,101.80999755859375
2020-01-03,102.37999725341797
2020-01-06,99.62999725341797
2020-01-07,101.79000091552734
2020-01-08,104.16000366210938
2020-01-09,102.73999786376953
2020-01-10,104.5199966430664
2020-01-13,103.08000183105469
2020-01-14,104.0199966430664
2020-01-15,103.61000061035156
2020-01-16,102.69999694824219
2020-01-17,104.75
2020-01-21,107.52999877929688
2020-01-22,108.45999908447266
2020-01-23,108.7300033569336
2020-01-24,110.12999725341797
2020-01-27,96.25
2020-01-28,103.36000061035156
2020-01-29,102.70999908447266
2020-01-30,103.22000122070312
2020-01-31,97.86000061035156
2020-02-03,100.9800033569336
2020-02-04,107.80999755859375
2020-02-05,104.47000122070312
2020-02-06,103.94000244140625
2020-02-07,100.62000274658203
2020-02-10,102.5999984741211
2020-02-11,106.02999877929688
2020-02-12,111.86000061035156
2020-02-13,111.16000366210938
2020-02-14,111.20999908447266
2020-02-18,108.37999725341797
2020-02-19,127.81999969482422
2020-02-20,142.1999969482422
2020-02-21,142.07000732421875
2020-02-24,135.6300048828125
2020-02-25,133.0
2020-02-26,132.41000366210938
2020-02-27,125.94999694824219
2020-02-28,124.72000122070312
2020-03-02,128.6999969482422
2020-03-03,128.66000366210938
2020-03-04,135.7100067138672
2020-03-05,137.5399932861328
2020-03-06,133.33999633789062
2020-03-09,111.66000366210938
2020-03-10,116.91999816894531
2020-03-11,106.11000061035156
2020-03-12,90.72000122070312
2020-03-13,91.11000061035156
2020-03-16,81.19000244140625
2020-03-17,84.70999908447266
2020-03-18,76.7300033569336
2020-03-19,76.80999755859375
2020-03-20,69.61000061035156
2020-03-23,69.4800033569336
2020-03-24,85.30999755859375
2020-03-25,89.9000015258789
2020-03-26,90.44999694824219
2020-03-27,82.37000274658203
2020-03-30,81.63999938964844
2020-03-31,81.87999725341797
2020-04-01,78.81999969482422
2020-04-02,76.97000122070312
2020-04-03,74.4800033569336
2020-04-06,85.1500015258789
2020-04-07,88.80000305175781
2020-04-08,93.06999969482422
2020-04-09,96.63999938964844
2020-04-13,92.20999908447266
2020-04-14,98.68000030517578
2020-04-15,92.01000213623047
2020-04-16,94.98999786376953
2020-04-17,97.0999984741211
2020-04-20,93.66000366210938
2020-04-21,86.69000244140625
2020-04-22,95.51000213623047
2020-04-23,100.69999694824219
2020-04-24,100.7300033569336
2020-04-27,104.69000244140625
2020-04-28,109.79000091552734
2020-04-29,122.41999816894531
2020-04-30,111.58999633789062
2020-05-01,104.95999908447266
2020-05-04,107.13999938964844
2020-05-05,107.86000061035156
2020-05-06,125.75
2020-05-07,109.73999786376953
2020-05-08,118.31999969482422
2020-05-11,122.94000244140625
2020-05-12,121.0
2020-05-13,117.7300033569336
2020-05-14,119.4800033569336
2020-05-15,120.44000244140625
2020-05-18,128.0
2020-05-19,134.86000061035156
2020-05-20,137.25
2020-05-21,136.50999450683594
2020-05-22,130.38999938964844
2020-05-26,136.5399932861328
2020-05-27,137.24000549316406
2020-05-28,135.2899932861328
2020-05-29,141.89999389648438
2020-06-01,150.6999969482422
2020-06-02,148.97000122070312
2020-06-03,150.58999633789062
2020-06-04,142.39999389648438
2020-06-05,148.27999877929688
2020-06-08,150.88999938964844
2020-06-09,148.83999633789062
2020-06-10,147.3699951171875
2020-06-11,138.69000244140625
2020-06-12,142.0500030517578
2020-06-15,148.1999969482422
2020-06-16,153.10000610351562
2020-06-17,145.27000427246094
2020-06-18,151.0
2020-06-19,153.60000610351562
2020-06-22,152.97999572753906
2020-06-23,151.33999633789062
2020-06-24,148.47999572753906
2020-06-25,137.1750030517578
2020-06-26,129.52999877929688
2020-06-29,137.05999755859375
2020-06-30,138.77999877929688
2020-07-01,141.38999938964844
2020-07-02,143.11000061035156
2020-07-06,148.8800048828125
2020-07-07,146.57000732421875
2020-07-08,157.9199981689453
2020-07-09,157.1699981689453
2020-07-10,159.44000244140625
2020-07-13,154.67999267578125
2020-07-14,168.1999969482422
2020-07-15,174.85000610351562
2020-07-16,164.75
2020-07-17,171.5800018310547
2020-07-20,176.3000030517578
2020-07-21,170.3800048828125
2020-07-22,175.64999389648438
2020-07-23,176.2899932861328
2020-07-24,171.60000610351562
2020-07-27,180.74000549316406
2020-07-28,170.5399932861328
2020-07-29,176.75999450683594
2020-07-30,175.25999450683594
2020-07-31,175.10000610351562
2020-08-03,173.55999755859375
2020-08-04,196.14999389648438
2020-08-05,216.05999755859375
2020-08-06,206.32000732421875
2020-08-07,211.47000122070312
2020-08-10,211.5
2020-08-11,204.0800018310547
2020-08-12,215.17999267578125
2020-08-13,225.17999267578125
2020-08-14,219.2100067138672
2020-08-17,219.3300018310547
2020-08-18,219.02000427246094
2020-08-19,220.7100067138672
2020-08-20,217.1999969482422
2020-08-21,213.2899932861328
2020-08-24,210.83999633789062
2020-08-25,213.16000366210938
2020-08-26,214.9199981689453
2020-08-27,210.44000244140625
2020-08-28,221.19000244140625
2020-08-31,221.14999389648438
2020-09-01,223.75999450683594
2020-09-02,220.3300018310547
2020-09-03,195.4499969482422
2020-09-04,194.61000061035156
2020-09-08,189.0500030517578
2020-09-09,193.55999755859375
2020-09-10,187.0
2020-09-11,183.9600067138672
2020-09-14,196.1199951171875
2020-09-15,199.0
2020-09-16,201.75999450683594
2020-09-17,187.02999877929688
2020-09-18,186.2100067138672
2020-09-21,190.41000366210938
2020-09-22,185.1999969482422
2020-09-23,189.44000244140625
2020-09-24,191.72999572753906
2020-09-25,200.9600067138672
2020-09-28,218.2899932861328
2020-09-29,231.5
2020-09-30,238.35000610351562
2020-10-01,248.8699951171875
2020-10-02,251.5800018310547
2020-10-05,272.5899963378906
2020-10-06,271.8699951171875
2020-10-07,305.1499938964844
2020-10-08,289.0
2020-10-09,305.3500061035156
2020-10-12,297.94000244140625
2020-10-13,299.6499938964844
2020-10-14,304.5199890136719
2020-10-15,302.5
2020-10-16,302.0199890136719
2020-10-19,309.1000061035156
2020-10-20,309.79998779296875
2020-10-21,279.5899963378906
2020-10-22,280.3900146484375
2020-10-23,282.8800048828125
2020-10-26,273.0
2020-10-27,261.8399963378906
2020-10-28,263.8299865722656
2020-10-29,270.0899963378906
2020-10-30,257.69000244140625
2020-11-02,267.7200012207031
2020-11-03,206.3699951171875
2020-11-04,206.55999755859375
2020-11-05,233.6300048828125
2020-11-06,237.50999450683594
2020-11-09,232.52000427246094
2020-11-10,225.50999450683594
2020-11-11,235.19000244140625
2020-11-12,227.1999969482422
2020-11-13,221.60000610351562
2020-11-16,228.27999877929688
2020-11-17,233.17999267578125
2020-11-18,232.82000732421875
2020-11-19,244.0500030517578
2020-11-20,257.989990234375
2020-11-23,264.79998779296875
2020-11-24,268.9700012207031
2020-11-25,275.9700012207031
2020-11-27,288.2300109863281
2020-11-30,277.9800109863281
2020-12-01,274.07000732421875
2020-12-02,273.5
2020-12-03,272.3299865722656
2020-12-04,271.9700012207031
2020-12-07,278.32000732421875
2020-12-08,284.8599853515625
2020-12-09,271.760009765625
2020-12-10,273.4800109863281
2020-12-11,291.510009765625
2020-12-14,293.32000732421875
2020-12-15,313.7699890136719
2020-12-16,309.7200012207031
2020-12-17,305.70001220703125
2020-12-18,314.5
2020-12-21,318.6199951171875
2020-12-22,322.5199890136719
2020-12-23,323.9800109863281
2020-12-24,324.0899963378906
2020-12-28,318.4100036621094
2020-12-29,307.9700012207031
2020-12-30,319.1000061035156
2020-12-31,319.1199951171875
2021-01-04,311.3500061035156
2021-01-05,316.80999755859375
2021-01-06,348.1300048828125
2021-01-07,365.9700012207031
2021-01-08,356.1099853515625
2021-01-11,352.04998779296875
2021-01-12,346.29998779296875
2021-01-13,335.3999938964844
2021-01-14,335.3999938964844
2021-01-15,282.260009765625
2021-01-19,295.04998779296875
2021-01-20,297.17999267578125
2021-01-21,317.17999267578125
2021-01-22,321.1199951171875
2021-01-25,310.1199951171875
2021-01-26,296.67999267578125
2021-01-27,285.510009765625
2021-01-28,309.739990234375
2021-01-29,288.3299865722656
2021-02-01,300.82000732421875
2021-02-02,307.04998779296875
2021-02-03,307.0799865722656
2021-02-04,301.70001220703125
2021-02-05,308.239990234375
2021-02-08,318.8299865722656
2021-02-09,325.9200134277344
2021-02-10,320.3999938964844
2021-02-11,330.7799987792969
2021-02-12,330.8900146484375
2021-02-16,331.3500061035156
2021-02-17,334.79998779296875
2021-02-18,316.0899963378906
2021-02-19,321.989990234375
2021-02-22,288.70001220703125
2021-02-23,295.5799865722656
2021-02-24,308.1499938964844
2021-02-25,284.3299865722656
2021-02-26,298.30999755859375
2021-03-01,307.95001220703125
2021-03-02,291.5899963378906
2021-03-03,274.7300109863281
2021-03-04,256.260009765625
2021-03-05,249.42999267578125
2021-03-08,246.7100067138672
2021-03-09,280.010009765625
2021-03-10,279.6700134277344
2021-03-11,295.2300109863281
2021-03-12,291.4800109863281
2021-03-15,297.2099914550781
2021-03-16,285.6000061035156
2021-03-17,291.42999267578125
2021-03-18,266.489990234375
2021-03-19,280.94000244140625
2021-03-22,289.1700134277344
2021-03-23,278.3699951171875
2021-03-24,267.5899963378906
2021-03-25,270.0299987792969
2021-03-26,275.75
2021-03-29,260.0400085449219
2021-03-30,271.1700134277344
2021-03-31,287.44000244140625
2021-04-01,283.3900146484375
2021-04-05,268.9700012207031
2021-04-06,277.25
2021-04-07,262.45001220703125
2021-04-08,262.0899963378906
2021-04-09,263.95001220703125
2021-04-12,263.20001220703125
2021-04-13,269.44000244140625
2021-04-14,266.2099914550781
2021-04-15,256.0199890136719
2021-04-16,258.7099914550781
2021-04-19,244.86000061035156
2021-04-20,243.8699951171875
2021-04-21,255.08999633789062
2021-04-22,274.70001220703125
2021-04-23,279.42999267578125
2021-04-26,289.54998779296875
2021-04-27,290.1400146484375
2021-04-28,282.5
2021-04-29,275.760009765625
2021-04-30,263.5400085449219
2021-05-03,260.05999755859375
2021-05-04,218.57000732421875
2021-05-05,219.22999572753906
2021-05-06,214.1300048828125
2021-05-07,220.39999389648438
2021-05-10,213.33999633789062
2021-05-11,217.94000244140625
2021-05-12,208.24000549316406
2021-05-13,204.00999450683594
2021-05-14,218.8699951171875
2021-05-17,218.00999450683594
2021-05-18,221.72000122070312
2021-05-19,233.49000549316406
2021-05-20,249.52000427246094
2021-05-21,252.30999755859375
2021-05-24,254.77000427246094
2021-05-25,251.75
2021-05-26,259.04998779296875
2021-05-27,256.55999755859375
2021-05-28,258.010009765625
2021-06-01,248.47000122070312
2021-06-02,247.47999572753906
2021-06-03,238.49000549316406
2021-06-04,241.83999633789062
2021-06-07,233.27000427246094
2021-06-08,238.6999969482422
2021-06-09,235.24000549316406
2021-06-10,239.69000244140625
2021-06-11,243.1699981689453
2021-06-14,242.8699951171875
2021-06-15,238.86000061035156
2021-06-16,247.55999755859375
2021-06-17,263.17999267578125
2021-06-18,264.2300109863281
2021-06-21,258.6099853515625
2021-06-22,260.44000244140625
2021-06-23,265.0799865722656
2021-06-24,267.2799987792969
2021-06-25,267.7099914550781
2021-06-28,284.6600036621094
2021-06-29,283.57000732421875
2021-06-30,276.3699951171875
2021-07-01,274.8800048828125
2021-07-02,276.2300109863281
2021-07-06,274.7900085449219
2021-07-07,265.20001220703125
2021-07-08,261.1400146484375
2021-07-09,267.67999267578125
2021-07-12,268.6499938964844
2021-07-13,265.3699951171875
2021-07-14,245.4600067138672
2021-07-15,241.2100067138672
2021-07-16,236.55999755859375
2021-07-19,240.16000366210938
2021-07-20,245.75999450683594
2021-07-21,258.9599914550781
2021-07-22,257.3900146484375
2021-07-23,248.6300048828125
2021-07-26,245.6199951171875
2021-07-27,240.0
2021-07-28,254.13999938964844
2021-07-29,261.1300048828125
2021-07-30,259.4800109863281
2021-08-02,257.7200012207031
2021-08-03,299.80999755859375
2021-08-04,292.7300109863281
2021-08-05,286.3900146484375
2021-08-06,295.2799987792969
2021-08-09,294.94000244140625
2021-08-10,296.3999938964844
2021-08-11,289.29998779296875
2021-08-12,291.1700134277344
2021-08-13,284.3699951171875
2021-08-16,277.80999755859375
2021-08-17,268.3500061035156
2021-08-18,266.2200012207031
2021-08-19,262.29998779296875
2021-08-20,269.8800048828125
2021-08-23,281.010009765625
2021-08-24,279.75
2021-08-25,281.44000244140625
2021-08-26,280.82000732421875
2021-08-27,291.25
2021-08-30,295.70001220703125
2021-08-31,289.7799987792969
2021-09-01,289.7900085449219
2021-09-02,291.5400085449219
2021-09-03,285.79998779296875
2021-09-07,278.8299865722656
2021-09-08,274.20001220703125
2021-09-09,275.95001220703125
2021-09-10,268.5400085449219
2021-09-13,273.8399963378906
2021-09-14,272.510009765625
2021-09-15,277.7799987792969
2021-09-16,270.3999938964844
2021-09-17,281.45001220703125
2021-09-20,268.7200012207031
2021-09-21,269.4599914550781
2021-09-22,282.0
2021-09-23,284.1099853515625
2021-09-24,275.3599853515625
2021-09-27,280.5199890136719
2021-09-28,272.8299865722656
2021-09-29,261.8699951171875
2021-09-30,265.2200012207031
2021-10-01,272.1199951171875
2021-10-04,255.27000427246094
2021-10-05,258.70001220703125
2021-10-06,260.4200134277344
2021-10-07,263.6099853515625
2021-10-08,261.8699951171875
2021-10-11,276.82000732421875
2021-10-12,298.4100036621094
2021-10-13,303.7200012207031
2021-10-14,305.5299987792969
2021-10-15,299.489990234375
2021-10-18,306.0799865722656
2021-10-19,317.2200012207031
2021-10-20,307.3599853515625
2021-10-21,309.0299987792969
2021-10-22,303.25
2021-10-25,311.9200134277344
2021-10-26,313.8800048828125
2021-10-27,342.5400085449219
2021-10-28,351.5799865722656
2021-10-29,354.67999267578125
2021-11-01,360.92999267578125
2021-11-02,355.1600036621094
2021-11-03,352.989990234375
2021-11-04,349.8299865722656
2021-11-05,344.07000732421875
2021-11-08,349.8999938964844
2021-11-09,351.1400146484375
2021-11-10,343.29998779296875
2021-11-11,358.25
2021-11-12,362.4100036621094
2021-11-15,368.3299865722656
2021-11-16,360.5
2021-11-17,365.0
2021-11-18,355.4200134277344
2021-11-19,365.1300048828125
2021-11-22,353.6499938964844
2021-11-23,350.0199890136719
2021-11-24,348.489990234375
2021-11-26,341.44000244140625
2021-11-29,347.2099914550781
2021-11-30,327.760009765625
2021-12-01,315.04998779296875
2021-12-02,318.5400085449219
2021-12-03,307.0
2021-12-06,307.6300048828125
2021-12-07,325.8299865722656
2021-12-08,330.55999755859375
2021-12-09,313.3800048828125
2021-12-10,309.0899963378906
2021-12-13,303.6700134277344
2021-12-14,298.29998779296875
2021-12-15,305.5
2021-12-16,287.0299987792969
2021-12-17,288.8500061035156
2021-12-20,258.3599853515625
2021-12-21,281.1000061035156
2021-12-22,284.010009765625
2021-12-23,283.2900085449219
2021-12-27,285.6000061035156
2021-12-28,278.82000732421875
2021-12-29,278.0400085449219
2021-12-30,282.3500061035156
2021-12-31,280.57000732421875
2022-01-03,282.45001220703125
2022-01-04,273.1000061035156
2022-01-05,249.80999755859375
2022-01-06,248.24000549316406
2022-01-07,248.91000366210938
2022-01-10,255.47000122070312
2022-01-11,261.0899963378906
2022-01-12,261.0199890136719
2022-01-13,260.42999267578125
2022-01-14,253.8300018310547
2022-01-18,238.8000030517578
2022-01-19,232.08999633789062
2022-01-20,231.32000732421875
2022-01-21,220.30999755859375
2022-01-24,225.8699951171875
2022-01-25,212.74000549316406
2022-01-26,214.1300048828125
2022-01-27,209.82000732421875
2022-01-28,212.07000732421875
2022-01-31,238.22000122070312
2022-02-01,242.22999572753906
2022-02-02,238.3000030517578
2022-02-03,231.1999969482422
2022-02-04,238.25999450683594
2022-02-07,240.97000122070312
2022-02-08,248.7100067138672
2022-02-09,265.9800109863281
2022-02-10,264.5
2022-02-11,250.08999633789062
2022-02-14,249.22000122070312
2022-02-15,262.1600036621094
2022-02-16,266.7200012207031
2022-02-17,263.260009765625
2022-02-18,257.9100036621094
2022-02-22,246.07000732421875
2022-02-23,236.11000061035156
2022-02-24,271.19000244140625
2022-02-25,277.92999267578125
2022-02-28,319.4200134277344
2022-03-01,324.6300048828125
2022-03-02,314.4599914550781
2022-03-03,301.82000732421875
2022-03-04,293.2300109863281
2022-03-07,297.8900146484375
2022-03-08,328.9100036621094
2022-03-09,326.9800109863281
2022-03-10,315.1300048828125
2022-03-11,317.92999267578125
2022-03-14,298.510009765625
2022-03-15,315.75
2022-03-16,334.1600036621094
2022-03-17,314.6000061035156
2022-03-18,312.510009765625
2022-03-21,312.0799865722656
2022-03-22,325.1099853515625
2022-03-23,327.2699890136719
2022-03-24,337.739990234375
2022-03-25,335.2699890136719
2022-03-28,333.07000732421875
2022-03-29,324.5
2022-03-30,314.2300109863281
2022-03-31,322.3699951171875
2022-04-01,322.8299865722656
2022-04-04,335.30999755859375
2022-04-05,328.69000244140625
2022-04-06,320.1600036621094
2022-04-07,314.92999267578125
2022-04-08,301.5799865722656
2022-04-11,300.0299987792969
2022-04-12,301.45001220703125
2022-04-13,308.0
2022-04-14,300.6600036621094
2022-04-18,302.2699890136719
2022-04-19,304.82000732421875
2022-04-20,281.6099853515625
2022-04-21,254.14999389648438
2022-04-22,251.5800018310547
2022-04-25,253.49000549316406
2022-04-26,244.75999450683594
2022-04-27,249.47999572753906
2022-04-28,254.41000366210938
2022-04-29,250.41000366210938
2022-05-02,255.30999755859375
2022-05-03,262.6700134277344
2022-05-04,284.6000061035156
2022-05-05,266.2300109863281
2022-05-06,251.80999755859375
2022-05-09,225.36000061035156
2022-05-10,233.8000030517578
2022-05-11,216.52000427246094
2022-05-12,211.9199981689453
2022-05-13,232.25
2022-05-16,222.7899932861328
2022-05-17,239.35000610351562
2022-05-18,238.8000030517578
2022-05-19,252.17999267578125
2022-05-20,256.80999755859375
2022-05-23,255.6300048828125
2022-05-24,248.22999572753906
2022-05-25,253.4499969482422
2022-05-26,266.44000244140625
2022-05-27,280.3599853515625
2022-05-31,272.7900085449219
2022-06-01,272.4800109863281
2022-06-02,300.489990234375
2022-06-03,298.3399963378906
2022-06-06,306.8800048828125
2022-06-07,306.4200134277344
2022-06-08,298.44000244140625
2022-06-09,291.6700134277344
2022-06-10,284.3599853515625
2022-06-13,264.3399963378906
2022-06-14,264.6300048828125
2022-06-15,274.1300048828125
2022-06-16,253.97999572753906
2022-06-17,275.4100036621094
2022-06-21,283.1000061035156
2022-06-22,280.3999938964844
2022-06-23,291.5299987792969
2022-06-24,286.3399963378906
2022-06-27,298.5199890136719
2022-06-28,279.239990234375
2022-06-29,262.9599914550781
2022-06-30,273.67999267578125
2022-07-01,276.29998779296875
2022-07-05,271.2699890136719
2022-07-06,269.7900085449219
2022-07-07,286.8599853515625
2022-07-08,295.1099853515625
2022-07-11,279.6700134277344
2022-07-12,265.3699951171875
2022-07-13,269.0299987792969
2022-07-14,269.0199890136719
2022-07-15,265.8500061035156
